skills,target_role
"AWS SageMaker, CI/CD, Scikit-learn, TensorFlow, Docker, Kubernetes",Machine Learning Engineer
"Python, Machine Learning, Pandas, R",Data Scientist
"ETL, DAX, Power BI",BI Analyst
"SQL, Computer Vision, Mathematics, Deep Learning, Scikit-learn, R",Data Scientist
"Docker, Scikit-learn, Git, AWS SageMaker, Python",Machine Learning Engineer
"Data Warehousing, ETL, Tableau",BI Analyst
"ETL, Airflow, Python, Data Pipeline, BigQuery",Analytics Engineer
"Python, Data Visualization, Excel, Power BI",Data Analyst
"Data Visualization, Python, SQL, Statistics",Data Analyst
"ETL, Git, Data Modeling, SQL, Airflow, dbt",Analytics Engineer
"Data Visualization, Excel, Statistics, SQL, Google Analytics, Power BI",Data Analyst
"Power BI, DAX, Excel",BI Analyst
"Process Modeling, Agile, Requirement Gathering, Excel",Business Analyst
"Computer Vision, Scikit-learn, PyTorch",Data Scientist
"Power BI, Statistics, Python, Tableau, R, SQL",Data Analyst
"Excel, SQL, Stakeholder Management",Business Analyst
"Snowflake, Spark, AWS",Data Engineer
"Stakeholder Management, Agile, Requirement Gathering, Power BI, Tableau, Jira",Business Analyst
"SQL, Stakeholder Management, Requirement Gathering, Excel, Visio, Power BI",Business Analyst
"Statistics, Data Visualization, SQL",Data Analyst
"Python, TensorFlow, Git, CI/CD",Machine Learning Engineer
"ETL, SQL, Power BI, Tableau",BI Analyst
"TensorFlow, Scikit-learn, PyTorch, Python, Deep Learning",Data Scientist
"Data Visualization, Power BI, SQL, A/B Testing, Tableau",Data Analyst
"QlikSense, Power BI, ETL, Dashboarding, Excel",BI Analyst
"Data Pipeline, SQL, Snowflake, Airflow, Data Modeling",Analytics Engineer
"PyTorch, TensorFlow, Git, AWS SageMaker, Docker, Scikit-learn",Machine Learning Engineer
"CI/CD, TensorFlow, AWS SageMaker, Kubernetes, Python, MLOps",Machine Learning Engineer
"CI/CD, Git, TensorFlow, AWS SageMaker, Python",Machine Learning Engineer
"BigQuery, Data Modeling, Snowflake, dbt, Airflow",Analytics Engineer
"QlikSense, ETL, Tableau, DAX, Looker",BI Analyst
"Scikit-learn, R, TensorFlow, SQL, NLP",Data Scientist
"Data Modeling, Airflow, ETL, Git, Snowflake",Analytics Engineer
"BigQuery, Git, Data Pipeline, Snowflake, Python, ETL",Analytics Engineer
"ETL, Data Modeling, Git, SQL, BigQuery",Analytics Engineer
"Mathematics, Scikit-learn, Python, Computer Vision, NLP",Data Scientist
"Mathematics, R, Python",Data Scientist
"Power BI, Google Analytics, Data Visualization, A/B Testing",Data Analyst
"Power BI, Stakeholder Management, Agile",Business Analyst
"Kafka, Spark, Python, Hadoop",Data Engineer
"Power BI, SQL, QlikSense, Data Warehousing, Excel",BI Analyst
"QlikSense, Looker, ETL",BI Analyst
"Power BI, Requirement Gathering, Agile, Visio",Business Analyst
"Dashboarding, ETL, Looker, Power BI, Data Warehousing, QlikSense",BI Analyst
"Python, Deep Learning, Computer Vision, TensorFlow",Data Scientist
"SQL, A/B Testing, Python, Excel",Data Analyst
"Process Modeling, Requirement Gathering, Visio, Stakeholder Management",Business Analyst
"SQL, Snowflake, ETL, Python",Data Engineer
"Kafka, SQL, Python, AWS, ETL",Data Engineer
"Python, NoSQL, Databricks",Data Engineer
"Snowflake, Git, Data Pipeline, Python",Analytics Engineer
"Docker, MLOps, C++, Git, Python, PyTorch",Machine Learning Engineer
"Tableau, R, Excel",Data Analyst
"ETL, Airflow, Snowflake, SQL, Databricks, Spark",Data Engineer
"Pandas, R, Mathematics, Python",Data Scientist
"A/B Testing, Excel, R",Data Analyst
"Statistics, Power BI, R, Google Analytics, Tableau",Data Analyst
"Git, TensorFlow, CI/CD, AWS SageMaker, Kubernetes",Machine Learning Engineer
"Excel, ETL, SQL",BI Analyst
"Git, Python, Scikit-learn",Machine Learning Engineer
"Stakeholder Management, Visio, Tableau, Excel",Business Analyst
"Tableau, Google Analytics, Data Visualization",Data Analyst
"Python, BigQuery, Airflow, SQL",Analytics Engineer
"Agile, Requirement Gathering, Stakeholder Management, Jira, Tableau, Process Modeling",Business Analyst
"Tableau, Google Analytics, Data Visualization",Data Analyst
"C++, Docker, CI/CD, MLOps",Machine Learning Engineer
"AWS SageMaker, MLOps, Python, TensorFlow",Machine Learning Engineer
"NoSQL, Python, ETL, Snowflake, AWS",Data Engineer
"Process Modeling, Excel, Tableau",Business Analyst
"SQL, Visio, Process Modeling",Business Analyst
"DAX, Excel, QlikSense, Dashboarding, Looker, Data Warehousing",BI Analyst
"ETL, Data Modeling, BigQuery",Analytics Engineer
"CI/CD, MLOps, Docker",Machine Learning Engineer
"Tableau, SQL, Requirement Gathering, Agile, Visio",Business Analyst
"Excel, Stakeholder Management, Visio, Tableau, Agile",Business Analyst
"GCP, AWS, Spark, NoSQL",Data Engineer
"Azure, SQL, Databricks, Hadoop, AWS, Snowflake",Data Engineer
"Jira, Stakeholder Management, Requirement Gathering, SQL, Process Modeling, Tableau",Business Analyst
"Hadoop, Snowflake, Airflow, Spark",Data Engineer
"Kafka, Databricks, NoSQL, Python, Azure",Data Engineer
"Data Modeling, Snowflake, dbt, Data Pipeline",Analytics Engineer
"SQL, Machine Learning, Deep Learning, Scikit-learn",Data Scientist
"Dashboarding, SQL, Looker, Tableau",BI Analyst
"dbt, Snowflake, Airflow",Analytics Engineer
"Docker, CI/CD, Python",Machine Learning Engineer
"SQL, Kafka, Databricks, Spark, Airflow, ETL",Data Engineer
"Mathematics, NLP, Computer Vision, Scikit-learn, Deep Learning, TensorFlow",Data Scientist
"Excel, Dashboarding, Looker, QlikSense",BI Analyst
"SQL, Data Warehousing, QlikSense",BI Analyst
"Excel, Stakeholder Management, Visio",Business Analyst
"ETL, Airflow, SQL, Kafka, Snowflake",Data Engineer
"Looker, QlikSense, Power BI, Data Warehousing, Dashboarding",BI Analyst
"Process Modeling, Jira, Stakeholder Management, Power BI",Business Analyst
"Databricks, Hadoop, SQL, AWS",Data Engineer
"Airflow, BigQuery, Python",Analytics Engineer
"Deep Learning, Python, Pandas, TensorFlow, SQL",Data Scientist
"SQL, Requirement Gathering, Agile, Visio",Business Analyst
"Tableau, Excel, Power BI, Stakeholder Management, Process Modeling",Business Analyst
"Python, Spark, GCP, Azure, SQL",Data Engineer
"BigQuery, Snowflake, Python, Data Pipeline",Analytics Engineer
"Kafka, AWS, Azure, Spark",Data Engineer
"Google Analytics, Python, Statistics, Data Visualization, Power BI",Data Analyst
"QlikSense, Looker, ETL, Tableau, Dashboarding, Excel",BI Analyst
"Databricks, Kafka, SQL, AWS, Airflow",Data Engineer
"Visio, SQL, Jira, Agile, Excel",Business Analyst
"Power BI, SQL, Data Warehousing",BI Analyst
"Git, Python, ETL",Analytics Engineer
"ETL, Airflow, Data Modeling, Python, Data Pipeline, Git",Analytics Engineer
"Kafka, Snowflake, SQL, Databricks, Spark, ETL",Data Engineer
"Agile, Excel, Visio, SQL, Tableau",Business Analyst
"Dashboarding, Tableau, ETL, Data Warehousing, Power BI, QlikSense",BI Analyst
"Excel, A/B Testing, Power BI, Data Visualization, Google Analytics, SQL",Data Analyst
"Spark, Azure, Airflow, Snowflake, ETL",Data Engineer
"Excel, Process Modeling, Jira, Power BI, Stakeholder Management, Visio",Business Analyst
"Visio, Stakeholder Management, Process Modeling, Agile, Jira, SQL",Business Analyst
"Tableau, Excel, Statistics, Data Visualization",Data Analyst
"TensorFlow, SQL, Computer Vision",Data Scientist
"GCP, Kafka, Snowflake, Databricks, SQL, Hadoop",Data Engineer
"Tableau, Power BI, Google Analytics",Data Analyst
"QlikSense, Power BI, SQL, Dashboarding, Data Warehousing, ETL",BI Analyst
"Azure, Hadoop, Kafka, Snowflake, Python, Databricks",Data Engineer
"Dashboarding, Excel, SQL, QlikSense, ETL",BI Analyst
"Git, PyTorch, TensorFlow, AWS SageMaker",Machine Learning Engineer
"C++, AWS SageMaker, TensorFlow, PyTorch, Kubernetes",Machine Learning Engineer
"Python, CI/CD, Kubernetes",Machine Learning Engineer
"Python, Mathematics, Scikit-learn",Data Scientist
"Looker, QlikSense, SQL, ETL, Data Warehousing",BI Analyst
"Power BI, Agile, Excel, Process Modeling",Business Analyst
"Kafka, Spark, Python, Databricks, GCP",Data Engineer
"Python, Scikit-learn, Mathematics",Data Scientist
"SQL, Data Modeling, ETL, Snowflake, Python",Analytics Engineer
"SQL, Excel, ETL, Tableau",BI Analyst
"ETL, NoSQL, Snowflake",Data Engineer
"Data Warehousing, Dashboarding, Power BI, Excel",BI Analyst
"Hadoop, ETL, Python, SQL, NoSQL",Data Engineer
"NoSQL, ETL, Kafka, GCP, Airflow, AWS",Data Engineer
"SQL, dbt, Airflow, Python, ETL",Analytics Engineer
"GCP, AWS, Airflow, Python",Data Engineer
"Dashboarding, DAX, Power BI, Data Warehousing, QlikSense",BI Analyst
"SQL, Python, Data Modeling, dbt, ETL, Git",Analytics Engineer
"Kafka, Hadoop, Snowflake, AWS, NoSQL",Data Engineer
"Tableau, DAX, Data Warehousing, ETL, Excel, QlikSense",BI Analyst
"Looker, QlikSense, Power BI, Tableau, Dashboarding, Excel",BI Analyst
"Databricks, AWS, Kafka",Data Engineer
"QlikSense, Excel, SQL, Data Warehousing, Dashboarding, Looker",BI Analyst
"Dashboarding, Power BI, Looker",BI Analyst
"Requirement Gathering, Agile, Jira, Visio, Tableau, Stakeholder Management",Business Analyst
"Machine Learning, Mathematics, Python, Computer Vision, Scikit-learn, NLP",Data Scientist
"CI/CD, MLOps, C++",Machine Learning Engineer
"Docker, C++, CI/CD, PyTorch, Scikit-learn, Python",Machine Learning Engineer
"A/B Testing, Google Analytics, Power BI",Data Analyst
"Data Visualization, Python, Tableau",Data Analyst
"Git, Airflow, ETL, Snowflake, dbt, Data Pipeline",Analytics Engineer
"A/B Testing, Power BI, Python, Statistics, Google Analytics",Data Analyst
"Data Pipeline, Data Modeling, Snowflake, dbt, BigQuery",Analytics Engineer
"Excel, Statistics, SQL, R, Google Analytics, Power BI",Data Analyst
"Machine Learning, Pandas, SQL, NLP",Data Scientist
"Snowflake, BigQuery, Git, SQL, ETL",Analytics Engineer
"A/B Testing, Python, Data Visualization, Excel, SQL",Data Analyst
"R, Data Visualization, Statistics, Python, SQL, Tableau",Data Analyst
"Airflow, Git, SQL",Analytics Engineer
"SQL, Excel, DAX",BI Analyst
"Agile, Process Modeling, Visio, Excel",Business Analyst
"Python, Airflow, Data Pipeline, SQL, ETL, Data Modeling",Analytics Engineer
"Excel, Data Warehousing, Looker, Power BI, SQL",BI Analyst
"SQL, Power BI, Excel, Process Modeling",Business Analyst
"dbt, Snowflake, ETL, Git",Analytics Engineer
"Process Modeling, SQL, Jira, Power BI",Business Analyst
"Excel, R, Statistics, Data Visualization",Data Analyst
"ETL, Airflow, SQL, Azure",Data Engineer
"Snowflake, Data Modeling, Python, Airflow",Analytics Engineer
"Spark, Hadoop, Azure",Data Engineer
"Tableau, Python, Excel, Data Visualization, Power BI",Data Analyst
"QlikSense, ETL, Excel, Power BI, DAX, SQL",BI Analyst
"Agile, Tableau, Excel, Visio, Process Modeling",Business Analyst
"Mathematics, Pandas, Computer Vision",Data Scientist
"Python, ETL, Spark",Data Engineer
"NLP, Pandas, Mathematics, Machine Learning, Python, Computer Vision",Data Scientist
"Tableau, Power BI, QlikSense, Dashboarding, Excel, DAX",BI Analyst
"Tableau, SQL, Looker, Power BI, DAX",BI Analyst
"Scikit-learn, Mathematics, R, TensorFlow, NLP, Machine Learning",Data Scientist
"Snowflake, Airflow, AWS",Data Engineer
"Databricks, Airflow, ETL, SQL, Spark",Data Engineer
"Docker, Git, MLOps, Kubernetes",Machine Learning Engineer
"Excel, Data Warehousing, QlikSense, Tableau, ETL, Dashboarding",BI Analyst
"Python, dbt, SQL, Data Modeling, Snowflake, ETL",Analytics Engineer
"Data Modeling, ETL, Data Pipeline",Analytics Engineer
"Python, Snowflake, BigQuery, Data Modeling",Analytics Engineer
"Databricks, SQL, GCP, Airflow, Snowflake, AWS",Data Engineer
"Git, Snowflake, Data Modeling, Data Pipeline, dbt, Python",Analytics Engineer
"TensorFlow, C++, MLOps, PyTorch, Docker, AWS SageMaker",Machine Learning Engineer
"Python, ETL, Airflow, Git, BigQuery, Snowflake",Analytics Engineer
"C++, AWS SageMaker, Python, MLOps, Git, PyTorch",Machine Learning Engineer
"Visio, Jira, Excel, Agile, Power BI, SQL",Business Analyst
"ETL, SQL, Python",Analytics Engineer
"Looker, Power BI, Excel",BI Analyst
"Scikit-learn, Docker, Python, CI/CD",Machine Learning Engineer
"R, Python, PyTorch, NLP, TensorFlow, Pandas",Data Scientist
"Spark, Databricks, ETL",Data Engineer
"Statistics, R, Python, Power BI, Google Analytics",Data Analyst
"SQL, ETL, Data Warehousing, Power BI, Looker",BI Analyst
"dbt, Python, BigQuery, ETL",Analytics Engineer
"SQL, Airflow, Python, dbt, BigQuery, Data Pipeline",Analytics Engineer
"ETL, Power BI, Looker, Excel, DAX, Data Warehousing",BI Analyst
"Python, dbt, Data Modeling, ETL, SQL",Analytics Engineer
"Docker, AWS SageMaker, Python",Machine Learning Engineer
"SQL, Dashboarding, QlikSense, Power BI, DAX, Tableau",BI Analyst
"dbt, Git, Python, Snowflake, Data Pipeline, Airflow",Analytics Engineer
"C++, AWS SageMaker, Git, Python",Machine Learning Engineer
"Looker, Tableau, DAX, SQL",BI Analyst
"ETL, Git, Data Modeling, Snowflake",Analytics Engineer
"SQL, Statistics, Tableau, R",Data Analyst
"DAX, Excel, ETL, QlikSense, Dashboarding",BI Analyst
"Spark, GCP, Databricks, SQL, AWS, Azure",Data Engineer
"TensorFlow, C++, Python, PyTorch, Scikit-learn, AWS SageMaker",Machine Learning Engineer
"Excel, Stakeholder Management, SQL, Power BI, Tableau",Business Analyst
"Snowflake, GCP, Python, Spark, NoSQL, AWS",Data Engineer
"Jira, Agile, Excel, Tableau, Visio, Stakeholder Management",Business Analyst
"R, Excel, Statistics, Tableau, Data Visualization",Data Analyst
"Python, Pandas, Scikit-learn",Data Scientist
"QlikSense, Power BI, ETL",BI Analyst
"ETL, NoSQL, Kafka, Python",Data Engineer
"Stakeholder Management, Jira, Tableau, Process Modeling",Business Analyst
"Power BI, Requirement Gathering, Stakeholder Management",Business Analyst
"AWS SageMaker, C++, PyTorch, CI/CD",Machine Learning Engineer
"Stakeholder Management, Agile, SQL, Tableau, Process Modeling",Business Analyst
"SQL, GCP, Kafka, ETL",Data Engineer
"Databricks, AWS, GCP, Hadoop",Data Engineer
"ETL, Azure, Airflow",Data Engineer
"Jira, Excel, Process Modeling, Agile, Tableau, SQL",Business Analyst
"Jira, Process Modeling, Power BI, Visio, Stakeholder Management, Tableau",Business Analyst
"Python, R, Statistics, A/B Testing, Google Analytics",Data Analyst
"BigQuery, dbt, Airflow, ETL",Analytics Engineer
"Python, Power BI, Statistics",Data Analyst
"Tableau, Looker, Power BI, SQL, DAX",BI Analyst
"Process Modeling, Agile, SQL, Requirement Gathering",Business Analyst
"NoSQL, Spark, Hadoop, AWS, Azure, SQL",Data Engineer
"AWS SageMaker, Docker, CI/CD, Python",Machine Learning Engineer
"Machine Learning, Computer Vision, Python, Scikit-learn",Data Scientist
"SQL, Tableau, Agile, Requirement Gathering, Stakeholder Management",Business Analyst
"Deep Learning, NLP, Python",Data Scientist
"Tableau, Excel, Statistics, Data Visualization, R, Python",Data Analyst
"QlikSense, Dashboarding, ETL, Data Warehousing, DAX",BI Analyst
"MLOps, Git, Scikit-learn, TensorFlow, Kubernetes",Machine Learning Engineer
"TensorFlow, SQL, NLP",Data Scientist
"Stakeholder Management, Process Modeling, Agile, Visio",Business Analyst
"SQL, ETL, BigQuery, Git, Python",Analytics Engineer
"AWS SageMaker, Scikit-learn, CI/CD, Docker, PyTorch, Git",Machine Learning Engineer
"AWS SageMaker, Kubernetes, PyTorch",Machine Learning Engineer
"BigQuery, Git, Data Pipeline, Python, Airflow",Analytics Engineer
"Spark, SQL, Airflow, GCP, Azure, Hadoop",Data Engineer
"PyTorch, C++, AWS SageMaker, MLOps",Machine Learning Engineer
"AWS SageMaker, C++, PyTorch",Machine Learning Engineer
"Git, PyTorch, MLOps",Machine Learning Engineer
"NoSQL, GCP, Hadoop, Databricks, Spark",Data Engineer
"Deep Learning, Machine Learning, Scikit-learn, Python",Data Scientist
"SQL, Spark, Databricks, NoSQL, AWS, Python",Data Engineer
"Excel, Process Modeling, SQL, Stakeholder Management",Business Analyst
"Computer Vision, SQL, Scikit-learn",Data Scientist
"Power BI, Tableau, Visio, SQL, Stakeholder Management",Business Analyst
"Stakeholder Management, Jira, Power BI",Business Analyst
"Jira, Visio, Power BI, Stakeholder Management, Requirement Gathering",Business Analyst
"Python, A/B Testing, Google Analytics, SQL",Data Analyst
"Excel, Data Warehousing, DAX, Tableau, Looker",BI Analyst
"Power BI, Google Analytics, R, Tableau",Data Analyst
"Python, MLOps, Scikit-learn, CI/CD, PyTorch, C++",Machine Learning Engineer
"Azure, AWS, NoSQL, GCP",Data Engineer
"Statistics, SQL, Excel, Data Visualization, Python, R",Data Analyst
"Jira, Visio, Power BI, Requirement Gathering",Business Analyst
"ETL, BigQuery, Git, Data Modeling, SQL, Data Pipeline",Analytics Engineer
"dbt, BigQuery, ETL",Analytics Engineer
"CI/CD, Python, C++, MLOps, PyTorch",Machine Learning Engineer
"Computer Vision, Pandas, R, Python",Data Scientist
"Kubernetes, CI/CD, Git, Docker, PyTorch, TensorFlow",Machine Learning Engineer
"SQL, Tableau, Excel, Google Analytics",Data Analyst
"SQL, DAX, Looker, Dashboarding, Power BI",BI Analyst
"Git, Kubernetes, Scikit-learn",Machine Learning Engineer
"Git, Snowflake, ETL",Analytics Engineer
"Git, BigQuery, Snowflake, Airflow, ETL",Analytics Engineer
"Python, Tableau, R",Data Analyst
"Excel, Dashboarding, DAX",BI Analyst
"Computer Vision, Pandas, Machine Learning, Python, R",Data Scientist
"CI/CD, TensorFlow, Docker",Machine Learning Engineer
"NoSQL, GCP, Spark",Data Engineer
"Looker, SQL, Tableau, Power BI",BI Analyst
"Dashboarding, QlikSense, SQL, ETL",BI Analyst
"Tableau, R, A/B Testing",Data Analyst
"ETL, SQL, Tableau, Data Warehousing",BI Analyst
"Docker, Python, PyTorch, C++",Machine Learning Engineer
"Kubernetes, C++, PyTorch, CI/CD, MLOps, Git",Machine Learning Engineer
"Excel, Power BI, A/B Testing, Google Analytics, Tableau",Data Analyst
"Dashboarding, QlikSense, Excel, Data Warehousing, Looker, Tableau",BI Analyst
"Excel, Jira, Process Modeling, Power BI, Agile",Business Analyst
"Deep Learning, Scikit-learn, NLP, R, Python, Pandas",Data Scientist
"Python, Data Pipeline, Git, BigQuery, Airflow",Analytics Engineer
"SQL, Snowflake, Python",Data Engineer
"PyTorch, Docker, Python, MLOps, C++, TensorFlow",Machine Learning Engineer
"TensorFlow, R, Mathematics, NLP, SQL",Data Scientist
"NLP, Machine Learning, TensorFlow, Pandas, Scikit-learn, Deep Learning",Data Scientist
"NoSQL, Python, Airflow, ETL, Hadoop",Data Engineer
"Machine Learning, Pandas, NLP, TensorFlow, R, Mathematics",Data Scientist
"Agile, Requirement Gathering, Excel, Stakeholder Management, Tableau, SQL",Business Analyst
"Python, A/B Testing, Google Analytics, Statistics, Excel, Data Visualization",Data Analyst
"Visio, Requirement Gathering, Agile",Business Analyst
"Computer Vision, Machine Learning, Mathematics, Pandas, SQL",Data Scientist
"A/B Testing, Excel, R, SQL, Data Visualization",Data Analyst
"Spark, Azure, Python",Data Engineer
"Google Analytics, Tableau, Excel",Data Analyst
"Google Analytics, SQL, Python",Data Analyst
"Power BI, Data Visualization, Statistics, A/B Testing",Data Analyst
"NLP, Python, R, Deep Learning",Data Scientist
"Hadoop, Kafka, NoSQL",Data Engineer
"Google Analytics, Data Visualization, A/B Testing, Statistics, Excel",Data Analyst
"R, SQL, A/B Testing, Statistics",Data Analyst
"PyTorch, AWS SageMaker, Git",Machine Learning Engineer
"Data Modeling, Python, ETL, Snowflake, dbt, SQL",Analytics Engineer
"Snowflake, GCP, Kafka, Airflow, Databricks, NoSQL",Data Engineer
"Scikit-learn, Git, Kubernetes, CI/CD",Machine Learning Engineer
"Statistics, A/B Testing, Data Visualization",Data Analyst
"SQL, BigQuery, Data Pipeline, Python, Git, Snowflake",Analytics Engineer
"SQL, Power BI, Process Modeling, Requirement Gathering",Business Analyst
"NoSQL, Snowflake, Python, AWS, Databricks, Kafka",Data Engineer
"Statistics, SQL, A/B Testing, Google Analytics",Data Analyst
"Airflow, Data Pipeline, Python, Snowflake",Analytics Engineer
"Tableau, DAX, SQL, ETL, Looker, Power BI",BI Analyst
"PyTorch, CI/CD, Git, TensorFlow, AWS SageMaker, Python",Machine Learning Engineer
"Tableau, Excel, A/B Testing",Data Analyst
"dbt, Python, Airflow",Analytics Engineer
"Python, Data Modeling, ETL, dbt, Airflow, Data Pipeline",Analytics Engineer
"Hadoop, Databricks, Airflow",Data Engineer
"Scikit-learn, Python, Kubernetes, C++, TensorFlow, Git",Machine Learning Engineer
"BigQuery, Snowflake, ETL, SQL, Git",Analytics Engineer
"SQL, ETL, Dashboarding, Data Warehousing, QlikSense, DAX",BI Analyst
"NoSQL, AWS, Spark, SQL, Hadoop",Data Engineer
"Docker, C++, PyTorch, Python, AWS SageMaker",Machine Learning Engineer
"PyTorch, TensorFlow, Docker",Machine Learning Engineer
"Power BI, Tableau, SQL, Agile, Visio, Requirement Gathering",Business Analyst
"Python, Statistics, A/B Testing, Tableau, Google Analytics",Data Analyst
"Python, Git, Snowflake, Airflow, BigQuery",Analytics Engineer
"Docker, MLOps, TensorFlow, Scikit-learn, Kubernetes, Git",Machine Learning Engineer
"Git, TensorFlow, MLOps, CI/CD, C++, Python",Machine Learning Engineer
"Scikit-learn, TensorFlow, Git, C++",Machine Learning Engineer
"Dashboarding, Excel, ETL, Power BI, SQL, Tableau",BI Analyst
"R, TensorFlow, Machine Learning",Data Scientist
"SQL, Databricks, ETL, GCP",Data Engineer
"QlikSense, Looker, Excel",BI Analyst
"Data Modeling, BigQuery, dbt, ETL, SQL, Airflow",Analytics Engineer
"Pandas, Deep Learning, Python, TensorFlow",Data Scientist
"NLP, Machine Learning, Scikit-learn, Deep Learning, PyTorch, TensorFlow",Data Scientist
"TensorFlow, C++, Python, Kubernetes, PyTorch",Machine Learning Engineer
"Data Warehousing, Tableau, ETL, Excel, Dashboarding, DAX",BI Analyst
"SQL, Process Modeling, Jira",Business Analyst
"PyTorch, Python, C++, TensorFlow, Kubernetes, MLOps",Machine Learning Engineer
"Requirement Gathering, Tableau, Process Modeling, Jira",Business Analyst
"Tableau, Power BI, DAX, Dashboarding",BI Analyst
"Airflow, Data Pipeline, ETL, Python, Snowflake",Analytics Engineer
"Tableau, Power BI, ETL, DAX",BI Analyst
"Python, Tableau, Statistics, SQL",Data Analyst
"Scikit-learn, NLP, Deep Learning, Python, SQL",Data Scientist
"R, Tableau, Power BI, SQL",Data Analyst
"Snowflake, Git, Data Pipeline",Analytics Engineer
"Excel, ETL, Power BI, Tableau, QlikSense, Looker",BI Analyst
"Python, NoSQL, AWS, Azure, ETL, Databricks",Data Engineer
"Hadoop, GCP, ETL",Data Engineer
"MLOps, Python, C++, Kubernetes, CI/CD, TensorFlow",Machine Learning Engineer
"SQL, ETL, BigQuery",Analytics Engineer
"ETL, BigQuery, Snowflake",Analytics Engineer
"Tableau, DAX, ETL",BI Analyst
"Data Modeling, Data Pipeline, dbt, Airflow, Git, BigQuery",Analytics Engineer
"Python, Scikit-learn, MLOps, C++, CI/CD, PyTorch",Machine Learning Engineer
"CI/CD, PyTorch, C++, Git, Python",Machine Learning Engineer
"Git, Scikit-learn, Python",Machine Learning Engineer
"Requirement Gathering, SQL, Tableau, Visio, Process Modeling",Business Analyst
"A/B Testing, R, Power BI, Google Analytics, Python",Data Analyst
"SQL, Tableau, Jira, Agile, Power BI, Process Modeling",Business Analyst
"NoSQL, Spark, AWS",Data Engineer
"Git, BigQuery, Snowflake, Data Modeling, ETL",Analytics Engineer
"Tableau, Jira, Agile, SQL, Stakeholder Management, Process Modeling",Business Analyst
"Docker, AWS SageMaker, Git, Python, PyTorch, C++",Machine Learning Engineer
"Computer Vision, PyTorch, TensorFlow, Scikit-learn",Data Scientist
"Airflow, NoSQL, Spark, SQL, Kafka, Hadoop",Data Engineer
"Agile, Power BI, SQL, Excel, Tableau, Visio",Business Analyst
"Looker, Dashboarding, QlikSense",BI Analyst
"BigQuery, Airflow, ETL, dbt, Snowflake",Analytics Engineer
"AWS SageMaker, C++, TensorFlow, Python, Docker",Machine Learning Engineer
"Statistics, Excel, Data Visualization, Power BI",Data Analyst
"ETL, Spark, Hadoop, Databricks, SQL, Python",Data Engineer
"CI/CD, AWS SageMaker, C++, MLOps, Python",Machine Learning Engineer
"Agile, Requirement Gathering, SQL, Excel, Process Modeling",Business Analyst
"AWS SageMaker, TensorFlow, CI/CD, MLOps, Kubernetes",Machine Learning Engineer
"Visio, Excel, Tableau, Jira, Requirement Gathering",Business Analyst
"SQL, Statistics, R, Tableau",Data Analyst
"Google Analytics, Data Visualization, R, Power BI, SQL, Python",Data Analyst
"Statistics, R, A/B Testing, Python",Data Analyst
"R, Deep Learning, Scikit-learn, Python, SQL",Data Scientist
"Jira, Stakeholder Management, Tableau, Requirement Gathering, SQL, Agile",Business Analyst
"TensorFlow, NLP, SQL, Deep Learning, R",Data Scientist
"Python, ETL, Data Modeling, Data Pipeline",Analytics Engineer
"SQL, A/B Testing, Tableau",Data Analyst
"MLOps, Scikit-learn, TensorFlow, PyTorch",Machine Learning Engineer
"SQL, Deep Learning, Machine Learning, Python",Data Scientist
"SQL, ETL, Data Modeling",Analytics Engineer
"Stakeholder Management, Tableau, Jira, Process Modeling",Business Analyst
"Python, AWS, NoSQL, Azure, ETL",Data Engineer
"Looker, Excel, ETL, Dashboarding, QlikSense",BI Analyst
"Power BI, Tableau, Excel",Business Analyst
"C++, Python, Git, AWS SageMaker, Scikit-learn",Machine Learning Engineer
"Power BI, Stakeholder Management, Agile, Excel, Visio, Tableau",Business Analyst
"C++, Scikit-learn, Git",Machine Learning Engineer
"Power BI, Requirement Gathering, Agile",Business Analyst
"Excel, Requirement Gathering, Jira, Process Modeling, SQL",Business Analyst
"Python, Statistics, Data Visualization",Data Analyst
"Python, NoSQL, Airflow, ETL, AWS, Kafka",Data Engineer
"Tableau, A/B Testing, Power BI, R, Google Analytics, SQL",Data Analyst
"CI/CD, PyTorch, Kubernetes, AWS SageMaker, Python",Machine Learning Engineer
"Mathematics, TensorFlow, R",Data Scientist
"AWS SageMaker, PyTorch, CI/CD, Docker, Python",Machine Learning Engineer
"Python, Machine Learning, TensorFlow, Computer Vision, Scikit-learn, Mathematics",Data Scientist
"dbt, Snowflake, Git",Analytics Engineer
"Python, Tableau, Excel, Statistics, Google Analytics, SQL",Data Analyst
"Snowflake, Python, Data Pipeline, Git",Analytics Engineer
"Tableau, Excel, Stakeholder Management, Process Modeling, Agile",Business Analyst
"Power BI, Google Analytics, Statistics, SQL",Data Analyst
"NoSQL, Airflow, Azure, AWS, Databricks, Snowflake",Data Engineer
"Python, dbt, Airflow, Snowflake, ETL",Analytics Engineer
"AWS SageMaker, Git, Docker",Machine Learning Engineer
"TensorFlow, Docker, Kubernetes",Machine Learning Engineer
"Excel, Tableau, Statistics",Data Analyst
"Hadoop, Databricks, Snowflake, AWS, Python",Data Engineer
"DAX, ETL, Data Warehousing",BI Analyst
"Airflow, BigQuery, ETL, Python, Data Pipeline, dbt",Analytics Engineer
"TensorFlow, Scikit-learn, AWS SageMaker, Python, CI/CD",Machine Learning Engineer
"Data Visualization, Power BI, Google Analytics",Data Analyst
"Kubernetes, Scikit-learn, CI/CD, AWS SageMaker, PyTorch, Python",Machine Learning Engineer
"Git, Data Modeling, Airflow, ETL, dbt",Analytics Engineer
"Data Warehousing, SQL, QlikSense, Looker, Tableau, DAX",BI Analyst
"AWS SageMaker, TensorFlow, Docker, Kubernetes, CI/CD, MLOps",Machine Learning Engineer
"Agile, Stakeholder Management, Process Modeling",Business Analyst
"Python, Scikit-learn, Mathematics, SQL",Data Scientist
"Machine Learning, Python, R, Pandas, Computer Vision, Mathematics",Data Scientist
"Excel, Data Warehousing, Tableau",BI Analyst
"Scikit-learn, TensorFlow, Docker, Git",Machine Learning Engineer
"Statistics, Power BI, Google Analytics",Data Analyst
"Data Warehousing, DAX, Tableau, ETL",BI Analyst
"ETL, BigQuery, Data Pipeline, Git, Python",Analytics Engineer
"Python, Data Pipeline, ETL, Airflow, BigQuery",Analytics Engineer
"Process Modeling, Tableau, Jira",Business Analyst
"BigQuery, SQL, Airflow, Python, Data Modeling, Data Pipeline",Analytics Engineer
"BigQuery, Snowflake, Python, Git, Airflow",Analytics Engineer
"DAX, Data Warehousing, SQL, QlikSense, Dashboarding",BI Analyst
"Data Visualization, SQL, Power BI",Data Analyst
"Databricks, NoSQL, SQL, GCP, Hadoop",Data Engineer
"Power BI, Python, R, Tableau, SQL, Google Analytics",Data Analyst
"A/B Testing, Excel, Power BI, SQL, Google Analytics, Python",Data Analyst
"SQL, Data Warehousing, Power BI, DAX, Excel",BI Analyst
"Deep Learning, R, Scikit-learn",Data Scientist
"MLOps, Scikit-learn, Kubernetes",Machine Learning Engineer
"Google Analytics, Data Visualization, A/B Testing, Python, Statistics, R",Data Analyst
"SQL, Tableau, DAX, Dashboarding",BI Analyst
"Jira, Excel, Stakeholder Management",Business Analyst
"Machine Learning, Pandas, Python, NLP, Deep Learning, Computer Vision",Data Scientist
"Python, PyTorch, CI/CD",Machine Learning Engineer
"TensorFlow, Mathematics, Python, R",Data Scientist
"Python, BigQuery, Snowflake, ETL, Data Pipeline",Analytics Engineer
"Snowflake, Git, SQL, Data Pipeline, Data Modeling, Python",Analytics Engineer
"Requirement Gathering, Process Modeling, Agile, Tableau, SQL, Jira",Business Analyst
"Spark, SQL, NoSQL, Airflow, Snowflake",Data Engineer
"TensorFlow, Git, CI/CD, C++, Python, Docker",Machine Learning Engineer
"Visio, Jira, Excel, Power BI",Business Analyst
"Excel, R, A/B Testing, Tableau, Statistics",Data Analyst
"SQL, Tableau, Jira, Excel, Requirement Gathering",Business Analyst
"PyTorch, Docker, TensorFlow, Git, AWS SageMaker",Machine Learning Engineer
"PyTorch, Kubernetes, TensorFlow",Machine Learning Engineer
"dbt, Python, Git, Data Modeling, Data Pipeline",Analytics Engineer
"Tableau, Looker, Dashboarding",BI Analyst
"TensorFlow, Python, Scikit-learn, R, NLP, Mathematics",Data Scientist
"SQL, Agile, Excel",Business Analyst
"Snowflake, Python, Data Modeling, Airflow",Analytics Engineer
"Dashboarding, Power BI, SQL, Looker, QlikSense",BI Analyst
"Dashboarding, Power BI, ETL",BI Analyst
"Python, TensorFlow, Scikit-learn, Git",Machine Learning Engineer
"Excel, SQL, Statistics, Tableau, Data Visualization",Data Analyst
"Machine Learning, Computer Vision, Scikit-learn, Deep Learning, PyTorch, Mathematics",Data Scientist
"Python, Scikit-learn, NLP, TensorFlow, PyTorch, Machine Learning",Data Scientist
"Requirement Gathering, Jira, Agile, Visio, Excel, Stakeholder Management",Business Analyst
"Python, Excel, A/B Testing, Google Analytics, R",Data Analyst
"BigQuery, dbt, Python, SQL",Analytics Engineer
"Google Analytics, Python, A/B Testing",Data Analyst
"ETL, Power BI, Dashboarding, Tableau, DAX",BI Analyst
"MLOps, Git, TensorFlow",Machine Learning Engineer
"Jira, Tableau, Stakeholder Management, Power BI, Agile, Excel",Business Analyst
"PyTorch, SQL, R, Computer Vision, Scikit-learn, Python",Data Scientist
"PyTorch, AWS SageMaker, Git, C++",Machine Learning Engineer
"Azure, Spark, Databricks, ETL",Data Engineer
"Machine Learning, Pandas, Mathematics, Python",Data Scientist
"Tableau, Dashboarding, Excel, ETL, DAX, SQL",BI Analyst
"Excel, Tableau, Data Warehousing",BI Analyst
"Tableau, SQL, Looker, Dashboarding, Excel",BI Analyst
"Jira, Power BI, Stakeholder Management",Business Analyst
"Git, Docker, TensorFlow",Machine Learning Engineer
"Google Analytics, Tableau, A/B Testing, Python, Power BI, Data Visualization",Data Analyst
"Power BI, A/B Testing, Statistics, SQL, Data Visualization, Tableau",Data Analyst
"Computer Vision, Python, Mathematics, PyTorch, R, Pandas",Data Scientist
"QlikSense, Tableau, Data Warehousing, Power BI, DAX, Looker",BI Analyst
"Pandas, PyTorch, R, Deep Learning, TensorFlow",Data Scientist
"Airflow, dbt, Data Modeling, Git",Analytics Engineer
"Stakeholder Management, Excel, Process Modeling, Requirement Gathering, Agile",Business Analyst
"Tableau, Excel, A/B Testing, Power BI",Data Analyst
"Docker, Python, CI/CD, Kubernetes, Git, MLOps",Machine Learning Engineer
"Kafka, Azure, ETL",Data Engineer
"SQL, TensorFlow, Computer Vision, R, Scikit-learn",Data Scientist
"TensorFlow, Machine Learning, Scikit-learn",Data Scientist
"Python, Kafka, Databricks, Spark, Azure",Data Engineer
"PyTorch, NLP, TensorFlow",Data Scientist
"Jira, Stakeholder Management, Tableau",Business Analyst
"Python, MLOps, PyTorch",Machine Learning Engineer
"Kubernetes, MLOps, TensorFlow",Machine Learning Engineer
"Pandas, NLP, Machine Learning, R, TensorFlow, SQL",Data Scientist
"R, Python, Google Analytics, SQL, Data Visualization, Statistics",Data Analyst
"Visio, Stakeholder Management, SQL, Requirement Gathering, Jira, Excel",Business Analyst
"SQL, BigQuery, ETL, Git, Snowflake",Analytics Engineer
"DAX, Power BI, QlikSense",BI Analyst
"Python, SQL, AWS, Spark",Data Engineer
"TensorFlow, Deep Learning, Python, Pandas, Computer Vision, Mathematics",Data Scientist
"Power BI, Agile, Jira, Stakeholder Management, Visio, SQL",Business Analyst
"CI/CD, Git, Kubernetes, C++",Machine Learning Engineer
"Dashboarding, SQL, Power BI",BI Analyst
"Excel, SQL, Visio, Stakeholder Management, Process Modeling",Business Analyst
"Tableau, SQL, Data Visualization, R, A/B Testing",Data Analyst
"dbt, Data Modeling, ETL, Data Pipeline, Git, Snowflake",Analytics Engineer
"Python, Deep Learning, NLP, Scikit-learn",Data Scientist
"Power BI, Looker, SQL, DAX",BI Analyst
"SQL, ETL, Data Warehousing, Looker, Excel, Tableau",BI Analyst
"A/B Testing, Tableau, Power BI, SQL, Excel, Google Analytics",Data Analyst
"Statistics, Tableau, A/B Testing, Python",Data Analyst
"NoSQL, Kafka, Python, Azure",Data Engineer
"PyTorch, C++, Scikit-learn",Machine Learning Engineer
"PyTorch, TensorFlow, Scikit-learn, CI/CD, AWS SageMaker",Machine Learning Engineer
"CI/CD, Scikit-learn, Git",Machine Learning Engineer
"BigQuery, SQL, Airflow, Git, Snowflake, Data Modeling",Analytics Engineer
"Excel, Stakeholder Management, Requirement Gathering",Business Analyst
"NLP, Pandas, Mathematics, PyTorch",Data Scientist
"R, TensorFlow, Deep Learning",Data Scientist
"Snowflake, Data Pipeline, ETL, Python, Airflow",Analytics Engineer
"Python, Docker, AWS SageMaker",Machine Learning Engineer
"NoSQL, Hadoop, ETL, GCP, Python",Data Engineer
"Excel, Tableau, Google Analytics, Power BI, Data Visualization, R",Data Analyst
"Python, Google Analytics, Power BI, Excel",Data Analyst
"Python, Deep Learning, NLP",Data Scientist
"Pandas, TensorFlow, SQL, Machine Learning",Data Scientist
"MLOps, C++, PyTorch, Kubernetes, Python",Machine Learning Engineer
"Agile, Power BI, Excel",Business Analyst
"Dashboarding, Tableau, QlikSense, Looker",BI Analyst
"Process Modeling, Power BI, Stakeholder Management, Tableau, Visio, Requirement Gathering",Business Analyst
"Excel, DAX, Power BI",BI Analyst
"NoSQL, AWS, Hadoop, SQL",Data Engineer
"Airflow, Hadoop, GCP",Data Engineer
"Databricks, Azure, Airflow, NoSQL",Data Engineer
"C++, MLOps, Scikit-learn",Machine Learning Engineer
"Power BI, Looker, Excel, ETL, Dashboarding",BI Analyst
"Data Visualization, R, Excel, A/B Testing, Statistics",Data Analyst
"Data Modeling, SQL, dbt, BigQuery",Analytics Engineer
"Data Visualization, Tableau, Statistics, R, Power BI",Data Analyst
"Git, BigQuery, Airflow, SQL, Python, dbt",Analytics Engineer
"Machine Learning, Python, Mathematics",Data Scientist
"Excel, Python, Statistics",Data Analyst
"Python, ETL, AWS, Spark, SQL",Data Engineer
"Tableau, Google Analytics, Power BI, R, Statistics",Data Analyst
"SQL, Data Visualization, Power BI, R, Tableau",Data Analyst
"Python, Git, Snowflake",Analytics Engineer
"R, Data Visualization, Python, Statistics",Data Analyst
"Python, dbt, BigQuery, Airflow, Git",Analytics Engineer
"MLOps, Kubernetes, Scikit-learn",Machine Learning Engineer
"Python, R, TensorFlow, Pandas, NLP",Data Scientist
"Snowflake, Data Modeling, ETL, Airflow, Data Pipeline, SQL",Analytics Engineer
"TensorFlow, Scikit-learn, C++, Python",Machine Learning Engineer
"Statistics, Power BI, Data Visualization, Excel, A/B Testing, Tableau",Data Analyst
"Tableau, Power BI, Excel",Business Analyst
"Statistics, Data Visualization, Google Analytics, Excel",Data Analyst
"Excel, Power BI, SQL, Stakeholder Management, Visio",Business Analyst
"Computer Vision, Mathematics, TensorFlow",Data Scientist
"SQL, R, Excel, Power BI, Data Visualization",Data Analyst
"Power BI, Excel, Data Warehousing, Looker, SQL",BI Analyst
"Data Visualization, R, Excel",Data Analyst
"DAX, Power BI, QlikSense, Looker, Tableau, SQL",BI Analyst
"Dashboarding, Looker, Power BI, Data Warehousing, SQL",BI Analyst
"Kafka, Airflow, AWS",Data Engineer
"Python, Power BI, Excel",Data Analyst
"Git, C++, AWS SageMaker, Kubernetes, CI/CD, Python",Machine Learning Engineer
"CI/CD, Scikit-learn, MLOps",Machine Learning Engineer
"Azure, Kafka, AWS",Data Engineer
"Python, SQL, dbt",Analytics Engineer
"Git, Snowflake, Python, dbt",Analytics Engineer
"Python, Docker, Git",Machine Learning Engineer
"Power BI, Data Warehousing, ETL",BI Analyst
"SQL, Visio, Requirement Gathering, Stakeholder Management, Power BI, Process Modeling",Business Analyst
"Pandas, SQL, Machine Learning, R, Mathematics",Data Scientist
"QlikSense, Looker, Tableau, Excel",BI Analyst
"R, Scikit-learn, Python, SQL, Deep Learning, Machine Learning",Data Scientist
"Airflow, Python, Azure",Data Engineer
"Python, Power BI, Google Analytics, Excel",Data Analyst
"Hadoop, Python, GCP, ETL",Data Engineer
"Snowflake, Git, Airflow, Data Modeling",Analytics Engineer
"C++, AWS SageMaker, CI/CD, Git",Machine Learning Engineer
"Statistics, R, Google Analytics",Data Analyst
"Snowflake, Git, dbt",Analytics Engineer
"Requirement Gathering, Tableau, Excel, Process Modeling",Business Analyst
"dbt, Snowflake, Data Modeling, Python",Analytics Engineer
"Databricks, Python, Airflow, Hadoop",Data Engineer
"Spark, NoSQL, Kafka, Databricks, Azure, Snowflake",Data Engineer
"Tableau, DAX, Dashboarding",BI Analyst
"Process Modeling, Excel, SQL, Requirement Gathering, Agile, Jira",Business Analyst
"Computer Vision, Pandas, SQL, Scikit-learn",Data Scientist
"Data Visualization, SQL, Excel",Data Analyst
"Scikit-learn, R, Computer Vision",Data Scientist
"Snowflake, dbt, Data Pipeline, Data Modeling, Python, ETL",Analytics Engineer
"Tableau, Excel, Visio, Stakeholder Management, Process Modeling",Business Analyst
"CI/CD, MLOps, Kubernetes",Machine Learning Engineer
"Tableau, ETL, QlikSense, DAX, Power BI, SQL",BI Analyst
"Deep Learning, Pandas, Mathematics, Machine Learning, Scikit-learn, R",Data Scientist
"Git, Snowflake, ETL, BigQuery",Analytics Engineer
"Airflow, SQL, Python, Git, Data Pipeline, Snowflake",Analytics Engineer
"Tableau, Data Warehousing, Excel",BI Analyst
"Spark, Kafka, Hadoop, NoSQL",Data Engineer
"TensorFlow, MLOps, AWS SageMaker",Machine Learning Engineer
"Excel, Google Analytics, R",Data Analyst
"Process Modeling, SQL, Stakeholder Management",Business Analyst
"AWS SageMaker, C++, Kubernetes, Docker, CI/CD",Machine Learning Engineer
"Python, C++, Docker, Git, TensorFlow",Machine Learning Engineer
"Kubernetes, Scikit-learn, TensorFlow",Machine Learning Engineer
"Kubernetes, Python, PyTorch",Machine Learning Engineer
"Excel, A/B Testing, Power BI, Data Visualization",Data Analyst
"Python, Mathematics, Computer Vision",Data Scientist
"Spark, AWS, GCP, Hadoop, NoSQL, Airflow",Data Engineer
"Python, TensorFlow, Scikit-learn, MLOps, Git, C++",Machine Learning Engineer
"NLP, Mathematics, Machine Learning, Computer Vision, SQL, Scikit-learn",Data Scientist
"C++, Docker, TensorFlow",Machine Learning Engineer
"BigQuery, Data Modeling, dbt, Data Pipeline, Python",Analytics Engineer
"Python, A/B Testing, Google Analytics",Data Analyst
"Scikit-learn, R, Computer Vision, SQL",Data Scientist
"TensorFlow, Git, Docker, MLOps, CI/CD, PyTorch",Machine Learning Engineer
"Requirement Gathering, Stakeholder Management, Process Modeling, Excel, Agile",Business Analyst
"SQL, Power BI, Tableau, Google Analytics, Statistics",Data Analyst
"SQL, Statistics, Google Analytics",Data Analyst
"MLOps, Docker, AWS SageMaker, Python, PyTorch",Machine Learning Engineer
"Tableau, Data Warehousing, Looker, DAX",BI Analyst
"Process Modeling, Power BI, Excel",Business Analyst
"Data Pipeline, Data Modeling, BigQuery, Airflow, Git",Analytics Engineer
"R, Google Analytics, Excel, Tableau, Python",Data Analyst
"Deep Learning, TensorFlow, R",Data Scientist
"Excel, Python, Tableau, Data Visualization",Data Analyst
"SQL, Machine Learning, TensorFlow, R, PyTorch, Python",Data Scientist
"ETL, Hadoop, GCP, Azure, AWS, Python",Data Engineer
"MLOps, Scikit-learn, CI/CD",Machine Learning Engineer
"Power BI, Looker, Tableau, Excel, DAX",BI Analyst
"R, Statistics, Power BI",Data Analyst
"Tableau, Power BI, Data Warehousing, Excel",BI Analyst
"C++, PyTorch, Git",Machine Learning Engineer
"Scikit-learn, MLOps, C++, TensorFlow, Kubernetes, CI/CD",Machine Learning Engineer
"Dashboarding, Tableau, Looker",BI Analyst
"Databricks, Kafka, Hadoop, GCP, ETL, AWS",Data Engineer
"Git, CI/CD, TensorFlow",Machine Learning Engineer
"AWS, GCP, Airflow, Hadoop, Python",Data Engineer
"Dashboarding, QlikSense, Power BI, Excel, DAX",BI Analyst
"R, Data Visualization, SQL",Data Analyst
"Statistics, Data Visualization, SQL, Google Analytics, Excel, R",Data Analyst
"NLP, TensorFlow, Machine Learning",Data Scientist
"Dashboarding, DAX, Looker",BI Analyst
"MLOps, Docker, AWS SageMaker, Git",Machine Learning Engineer
"AWS SageMaker, C++, TensorFlow, CI/CD",Machine Learning Engineer
"Python, Power BI, SQL, A/B Testing, Tableau",Data Analyst
"Pandas, Computer Vision, TensorFlow, Deep Learning",Data Scientist
"Looker, QlikSense, SQL, DAX, Data Warehousing, Tableau",BI Analyst
"SQL, Python, Power BI",Data Analyst
"Tableau, ETL, Excel, Dashboarding, Power BI",BI Analyst
"Power BI, Tableau, Agile, Jira, Excel",Business Analyst
"Data Warehousing, Dashboarding, Power BI, Excel, SQL",BI Analyst
"Snowflake, Data Modeling, dbt, BigQuery, Python",Analytics Engineer
"MLOps, TensorFlow, Docker",Machine Learning Engineer
"SQL, NoSQL, Spark, Kafka, Snowflake",Data Engineer
"Databricks, AWS, Azure, Python, Kafka",Data Engineer
"Spark, AWS, ETL",Data Engineer
"ETL, AWS, SQL, Snowflake",Data Engineer
"C++, CI/CD, MLOps, AWS SageMaker, Kubernetes, Scikit-learn",Machine Learning Engineer
"Python, Mathematics, Machine Learning, Scikit-learn",Data Scientist
"R, Data Visualization, A/B Testing, Power BI, Python",Data Analyst
"R, Python, Statistics",Data Analyst
"QlikSense, Tableau, ETL, Excel, Data Warehousing, Dashboarding",BI Analyst
"ETL, Excel, Dashboarding",BI Analyst
"A/B Testing, Data Visualization, Python, Google Analytics, Tableau",Data Analyst
"Agile, SQL, Power BI, Process Modeling, Requirement Gathering",Business Analyst
"SQL, QlikSense, Dashboarding, DAX, Excel",BI Analyst
"Scikit-learn, NLP, Mathematics, Computer Vision, TensorFlow",Data Scientist
"PyTorch, MLOps, Scikit-learn, TensorFlow, CI/CD, Git",Machine Learning Engineer
"Tableau, Dashboarding, Excel, Power BI, Data Warehousing, ETL",BI Analyst
"GCP, Airflow, NoSQL, Snowflake",Data Engineer
"Power BI, Jira, Visio, Excel, Stakeholder Management",Business Analyst
"Statistics, A/B Testing, Tableau",Data Analyst
"SQL, Tableau, Looker, Power BI, QlikSense",BI Analyst
"Databricks, Kafka, Python, Azure, Hadoop",Data Engineer
"Airflow, BigQuery, Data Pipeline, Python, dbt, ETL",Analytics Engineer
"Python, Scikit-learn, Pandas, TensorFlow",Data Scientist
"A/B Testing, SQL, Excel, Data Visualization, Statistics",Data Analyst
"AWS, Databricks, SQL",Data Engineer
"Agile, Stakeholder Management, Excel, SQL",Business Analyst
"Snowflake, Azure, Kafka, NoSQL, Hadoop",Data Engineer
"Python, R, Computer Vision",Data Scientist
"Power BI, SQL, Process Modeling, Visio, Agile, Stakeholder Management",Business Analyst
"SQL, Snowflake, Data Pipeline",Analytics Engineer
"Requirement Gathering, Tableau, Power BI, Stakeholder Management",Business Analyst
"Excel, Power BI, Requirement Gathering, Process Modeling, Visio, SQL",Business Analyst
"NLP, TensorFlow, Python, SQL, Mathematics",Data Scientist
"Power BI, Process Modeling, Tableau, Jira",Business Analyst
"Data Warehousing, Power BI, DAX, ETL",BI Analyst
"QlikSense, ETL, SQL, Looker, Power BI",BI Analyst
"Tableau, Stakeholder Management, Requirement Gathering",Business Analyst
"ETL, Power BI, SQL",BI Analyst
"Data Pipeline, Git, dbt, SQL, BigQuery",Analytics Engineer
"Data Modeling, Airflow, Git, BigQuery, Python",Analytics Engineer
"Pandas, PyTorch, Python, Deep Learning, Mathematics, NLP",Data Scientist
"Tableau, Requirement Gathering, Jira, Process Modeling, Visio",Business Analyst
"Spark, AWS, NoSQL, ETL",Data Engineer
"AWS, Kafka, Spark, Snowflake, ETL",Data Engineer
"Git, CI/CD, MLOps, Kubernetes",Machine Learning Engineer
"Python, Computer Vision, R, Scikit-learn, PyTorch",Data Scientist
"GCP, Spark, Azure, Databricks, Snowflake",Data Engineer
"R, Machine Learning, Pandas, Python",Data Scientist
"Looker, Power BI, DAX",BI Analyst
"Scikit-learn, PyTorch, Python, R, Deep Learning",Data Scientist
"Looker, DAX, ETL, Power BI, SQL",BI Analyst
"Computer Vision, R, Python, Deep Learning",Data Scientist
"Dashboarding, Power BI, Tableau, ETL",BI Analyst
"Tableau, ETL, Dashboarding, Data Warehousing, Power BI",BI Analyst
"MLOps, PyTorch, Git, Python, CI/CD, TensorFlow",Machine Learning Engineer
"AWS, Snowflake, SQL",Data Engineer
"Power BI, Visio, Excel, Requirement Gathering",Business Analyst
"Docker, C++, Python, Kubernetes, Scikit-learn, MLOps",Machine Learning Engineer
"Data Visualization, Excel, Tableau, A/B Testing",Data Analyst
"Data Warehousing, DAX, QlikSense, Excel, Looker, Power BI",BI Analyst
"NLP, Python, SQL, Computer Vision, R",Data Scientist
"A/B Testing, Tableau, Data Visualization, Statistics",Data Analyst
"Process Modeling, Jira, SQL, Excel, Tableau",Business Analyst
"QlikSense, ETL, Power BI, Dashboarding",BI Analyst
"Python, AWS SageMaker, Kubernetes, Git, C++, Scikit-learn",Machine Learning Engineer
"TensorFlow, Python, PyTorch, C++, AWS SageMaker, Git",Machine Learning Engineer
"Stakeholder Management, Tableau, Process Modeling, Excel, Requirement Gathering",Business Analyst
"Hadoop, Spark, Databricks, Azure, ETL, Kafka",Data Engineer
"SQL, Google Analytics, Power BI, Statistics, Tableau",Data Analyst
"Requirement Gathering, Power BI, Jira, Stakeholder Management, Agile",Business Analyst
"Visio, Stakeholder Management, Agile, Excel",Business Analyst
"R, Mathematics, Pandas, Deep Learning",Data Scientist
"R, Tableau, Python",Data Analyst
"Pandas, Machine Learning, TensorFlow, Python, Computer Vision",Data Scientist
"DAX, QlikSense, Power BI",BI Analyst
"Machine Learning, Mathematics, Deep Learning, Pandas, Python, SQL",Data Scientist
"Requirement Gathering, Jira, Agile, Tableau, SQL",Business Analyst
"Python, Scikit-learn, Pandas",Data Scientist
"Excel, Tableau, SQL, DAX, ETL, QlikSense",BI Analyst
"Data Pipeline, dbt, Python, BigQuery",Analytics Engineer
"Azure, ETL, Kafka, Airflow",Data Engineer
"Mathematics, R, Deep Learning, TensorFlow, Computer Vision, Pandas",Data Scientist
"Stakeholder Management, Agile, Jira, SQL",Business Analyst
"Looker, Tableau, Power BI, DAX",BI Analyst
"SQL, QlikSense, Excel, Data Warehousing, Looker",BI Analyst
"Docker, AWS SageMaker, C++",Machine Learning Engineer
"Process Modeling, Visio, Stakeholder Management, Agile, SQL",Business Analyst
"Python, Git, BigQuery",Analytics Engineer
"Tableau, Dashboarding, DAX",BI Analyst
"AWS, Databricks, Python, ETL, Spark",Data Engineer
"ETL, Airflow, Hadoop, AWS",Data Engineer
"Docker, Python, C++, Scikit-learn, Git, MLOps",Machine Learning Engineer
"Machine Learning, TensorFlow, Python, Mathematics, Pandas",Data Scientist
"A/B Testing, R, Data Visualization",Data Analyst
"Process Modeling, Agile, Requirement Gathering, Jira, Tableau, SQL",Business Analyst
"Snowflake, ETL, dbt",Analytics Engineer
"Python, PyTorch, C++",Machine Learning Engineer
"Agile, Visio, Process Modeling, Excel",Business Analyst
"Data Visualization, Power BI, Statistics, Google Analytics, Excel, R",Data Analyst
"Excel, Visio, Jira",Business Analyst
"Power BI, Excel, Python",Data Analyst
"Jira, Visio, Power BI, Stakeholder Management",Business Analyst
"R, Computer Vision, SQL, NLP",Data Scientist
"Python, SQL, NLP",Data Scientist
"Hadoop, Spark, Python, GCP, ETL, Snowflake",Data Engineer
"AWS SageMaker, MLOps, Scikit-learn, CI/CD",Machine Learning Engineer
"Deep Learning, NLP, Pandas, Computer Vision, Scikit-learn, PyTorch",Data Scientist
"Scikit-learn, Git, CI/CD, Docker, PyTorch",Machine Learning Engineer
"SQL, Azure, Snowflake, Hadoop, ETL, NoSQL",Data Engineer
"Excel, Dashboarding, Looker, QlikSense",BI Analyst
"AWS SageMaker, Git, Scikit-learn, TensorFlow, C++, CI/CD",Machine Learning Engineer
"Dashboarding, ETL, Excel, Power BI",BI Analyst
"Excel, Statistics, Google Analytics, A/B Testing, SQL",Data Analyst
"Process Modeling, SQL, Visio",Business Analyst
"Python, Computer Vision, NLP",Data Scientist
"Deep Learning, Scikit-learn, Machine Learning, Computer Vision, PyTorch",Data Scientist
"Git, ETL, Data Pipeline",Analytics Engineer
"ETL, Git, BigQuery, dbt, SQL",Analytics Engineer
"Requirement Gathering, Tableau, Excel",Business Analyst
"AWS, Kafka, ETL, Azure",Data Engineer
"Scikit-learn, Python, R, Deep Learning, Machine Learning, Computer Vision",Data Scientist
"NLP, PyTorch, R, SQL",Data Scientist
"MLOps, AWS SageMaker, C++, Scikit-learn, Git",Machine Learning Engineer
"SQL, Power BI, ETL, Excel",BI Analyst
"CI/CD, AWS SageMaker, C++, Docker, TensorFlow",Machine Learning Engineer
"Git, Docker, TensorFlow, CI/CD, Kubernetes",Machine Learning Engineer
"Requirement Gathering, Agile, Jira, SQL",Business Analyst
"SQL, Python, BigQuery, Data Pipeline, Snowflake, Git",Analytics Engineer
"SQL, A/B Testing, Excel, R, Data Visualization, Statistics",Data Analyst
"Excel, Tableau, A/B Testing",Data Analyst
"Mathematics, Computer Vision, Pandas, Deep Learning",Data Scientist
"R, Pandas, Mathematics",Data Scientist
"C++, Python, AWS SageMaker, Kubernetes, Git, PyTorch",Machine Learning Engineer
"Tableau, R, SQL",Data Analyst
"Scikit-learn, Python, Machine Learning",Data Scientist
"A/B Testing, Excel, Google Analytics",Data Analyst
"C++, MLOps, TensorFlow, Python, PyTorch",Machine Learning Engineer
"Kubernetes, AWS SageMaker, Docker, PyTorch, CI/CD, MLOps",Machine Learning Engineer
"TensorFlow, Git, MLOps, PyTorch, Python",Machine Learning Engineer
"AWS SageMaker, TensorFlow, Python, C++, Scikit-learn, Git",Machine Learning Engineer
"Process Modeling, Excel, Stakeholder Management, Tableau, Power BI",Business Analyst
"ETL, BigQuery, Data Pipeline, Airflow, Python",Analytics Engineer
"dbt, Data Pipeline, Snowflake, SQL",Analytics Engineer
"Airflow, Data Pipeline, ETL",Analytics Engineer
"Git, Python, Snowflake",Analytics Engineer
"Python, Airflow, Snowflake, Kafka",Data Engineer
"ETL, SQL, Python, dbt",Analytics Engineer
"Snowflake, Spark, GCP",Data Engineer
"Python, C++, PyTorch, CI/CD, MLOps, Kubernetes",Machine Learning Engineer
"Power BI, Excel, SQL",Data Analyst
"QlikSense, Excel, Looker, SQL, DAX, Power BI",BI Analyst
"ETL, GCP, Airflow, Snowflake",Data Engineer
"Excel, Power BI, Agile",Business Analyst
"NLP, Computer Vision, Mathematics, Pandas, TensorFlow",Data Scientist
"Data Pipeline, Python, dbt, ETL",Analytics Engineer
"Computer Vision, R, Pandas, TensorFlow",Data Scientist
"SQL, ETL, Tableau, Dashboarding, QlikSense",BI Analyst
"PyTorch, Docker, Git, MLOps",Machine Learning Engineer
"Snowflake, Airflow, ETL, BigQuery, SQL, Python",Analytics Engineer
"Data Visualization, Google Analytics, Statistics, Python, Power BI, Tableau",Data Analyst
"Mathematics, Machine Learning, NLP",Data Scientist
"Jira, Agile, Power BI, Visio",Business Analyst
"Tableau, Jira, Agile, Process Modeling",Business Analyst
"Snowflake, Airflow, Git",Analytics Engineer
"Visio, Tableau, Requirement Gathering, Jira",Business Analyst
"Mathematics, PyTorch, SQL",Data Scientist
"GCP, Kafka, Snowflake, SQL, NoSQL",Data Engineer
"Mathematics, NLP, Machine Learning, TensorFlow, Computer Vision, SQL",Data Scientist
"Pandas, Computer Vision, Python, R, SQL, Deep Learning",Data Scientist
"TensorFlow, Kubernetes, Scikit-learn",Machine Learning Engineer
"Git, Docker, AWS SageMaker, Kubernetes",Machine Learning Engineer
"Power BI, DAX, QlikSense, Dashboarding",BI Analyst
"Airflow, Data Pipeline, dbt, Python",Analytics Engineer
"Statistics, R, Google Analytics, Excel, SQL, A/B Testing",Data Analyst
"Process Modeling, Tableau, Agile",Business Analyst
"Airflow, Azure, Databricks, AWS, Hadoop",Data Engineer
"SQL, Requirement Gathering, Excel, Power BI, Stakeholder Management",Business Analyst
"Looker, SQL, QlikSense, ETL",BI Analyst
"Computer Vision, R, Deep Learning, NLP",Data Scientist
"Airflow, SQL, dbt, Snowflake, Git, ETL",Analytics Engineer
"Kubernetes, Docker, Scikit-learn",Machine Learning Engineer
"Tableau, Power BI, QlikSense, Looker",BI Analyst
"SQL, Looker, ETL",BI Analyst
"Airflow, Hadoop, Databricks",Data Engineer
"Jira, Requirement Gathering, Excel, Tableau, Stakeholder Management",Business Analyst
"BigQuery, ETL, Airflow, dbt, Snowflake, Git",Analytics Engineer
"ETL, Snowflake, Data Pipeline, BigQuery",Analytics Engineer
"NLP, Deep Learning, Computer Vision, SQL",Data Scientist
"R, Deep Learning, Pandas, Mathematics",Data Scientist
"Data Modeling, BigQuery, Python",Analytics Engineer
"Excel, Dashboarding, QlikSense",BI Analyst
"Python, Google Analytics, Excel, Power BI",Data Analyst
"Power BI, Process Modeling, Visio, Agile, Stakeholder Management",Business Analyst
"Power BI, Agile, Requirement Gathering, Process Modeling, Excel",Business Analyst
"Tableau, A/B Testing, Power BI",Data Analyst
"AWS SageMaker, Python, CI/CD, TensorFlow, Docker",Machine Learning Engineer
"SQL, Dashboarding, ETL, Tableau, QlikSense, Power BI",BI Analyst
"Airflow, Data Modeling, SQL, Snowflake, Python",Analytics Engineer
"Process Modeling, Power BI, Agile, SQL, Excel",Business Analyst
"TensorFlow, PyTorch, Python, Scikit-learn, R, Mathematics",Data Scientist
"Power BI, QlikSense, Looker",BI Analyst
"SQL, Looker, Excel, ETL, Tableau",BI Analyst
"Python, A/B Testing, R, Excel, SQL, Tableau",Data Analyst
"Statistics, Tableau, Data Visualization, Excel",Data Analyst
"Power BI, Tableau, Google Analytics, SQL, Python",Data Analyst
"Scikit-learn, Pandas, Machine Learning, NLP",Data Scientist
"Airflow, Databricks, SQL, Azure, NoSQL, Python",Data Engineer
"Excel, R, Statistics, Data Visualization, A/B Testing, SQL",Data Analyst
"ETL, Data Modeling, dbt, SQL, BigQuery, Python",Analytics Engineer
"Airflow, BigQuery, Python, ETL, Data Pipeline",Analytics Engineer
"Data Modeling, Airflow, Git, Snowflake",Analytics Engineer
"Data Pipeline, Airflow, Snowflake, Git, BigQuery",Analytics Engineer
"DAX, QlikSense, Dashboarding, ETL, Data Warehousing",BI Analyst
"Excel, Tableau, QlikSense, SQL",BI Analyst
"ETL, DAX, QlikSense, Dashboarding, SQL, Tableau",BI Analyst
"Computer Vision, Deep Learning, Pandas, Python, PyTorch",Data Scientist
"Agile, Excel, Jira, Requirement Gathering",Business Analyst
"Stakeholder Management, Process Modeling, SQL, Visio, Power BI, Jira",Business Analyst
"PyTorch, SQL, Pandas, Python, Mathematics, NLP",Data Scientist
"Power BI, Visio, Jira, Agile",Business Analyst
"Kubernetes, TensorFlow, AWS SageMaker, C++",Machine Learning Engineer
"SQL, dbt, Python, Snowflake",Analytics Engineer
"Excel, Agile, Process Modeling, Tableau",Business Analyst
"SQL, TensorFlow, R",Data Scientist
"Machine Learning, Mathematics, Pandas, Scikit-learn",Data Scientist
"NLP, Machine Learning, TensorFlow, PyTorch",Data Scientist
"Dashboarding, ETL, Looker, Excel, Power BI",BI Analyst
"NoSQL, Databricks, Airflow, Python",Data Engineer
"Airflow, Python, SQL",Analytics Engineer
"Hadoop, Airflow, Databricks, Python, ETL",Data Engineer
"TensorFlow, R, SQL",Data Scientist
"Data Pipeline, SQL, ETL, Data Modeling, Git",Analytics Engineer
"Kafka, SQL, ETL, Snowflake",Data Engineer
"Tableau, ETL, Data Warehousing, SQL, Excel",BI Analyst
"MLOps, CI/CD, PyTorch, Python, Docker",Machine Learning Engineer
"Machine Learning, Scikit-learn, Mathematics, SQL, Computer Vision",Data Scientist
"ETL, DAX, Power BI, SQL",BI Analyst
"Airflow, Git, Snowflake, Data Modeling, dbt, Python",Analytics Engineer
"BigQuery, Snowflake, Data Pipeline, Python",Analytics Engineer
"SQL, Airflow, ETL",Data Engineer
"BigQuery, Data Pipeline, ETL, Git, dbt, Data Modeling",Analytics Engineer
"CI/CD, PyTorch, Git",Machine Learning Engineer
"Statistics, Excel, Data Visualization, A/B Testing",Data Analyst
"Databricks, ETL, AWS",Data Engineer
"Google Analytics, SQL, R, Excel, Statistics, Power BI",Data Analyst
"Scikit-learn, TensorFlow, C++",Machine Learning Engineer
"Statistics, Google Analytics, Excel, Power BI",Data Analyst
"Airflow, Data Modeling, Snowflake, Data Pipeline",Analytics Engineer
"GCP, Snowflake, Airflow",Data Engineer
"Snowflake, ETL, Git, dbt, SQL",Analytics Engineer
"Machine Learning, Scikit-learn, Computer Vision, SQL, NLP, Python",Data Scientist
"Statistics, A/B Testing, Python",Data Analyst
"R, A/B Testing, Excel, Statistics, Data Visualization, Google Analytics",Data Analyst
"Power BI, Requirement Gathering, SQL, Jira, Agile",Business Analyst
"dbt, SQL, Python",Analytics Engineer
"Hadoop, Snowflake, ETL, AWS, Airflow, NoSQL",Data Engineer
"Scikit-learn, Git, Docker",Machine Learning Engineer
"DAX, Power BI, Tableau",BI Analyst
"Python, Hadoop, Kafka, ETL, SQL, AWS",Data Engineer
"ETL, DAX, Excel, SQL, Looker",BI Analyst
"SQL, Databricks, NoSQL, Hadoop",Data Engineer
"Jira, Visio, Process Modeling, Stakeholder Management, SQL",Business Analyst
"Data Pipeline, Airflow, BigQuery",Analytics Engineer
"Python, MLOps, C++, CI/CD, Kubernetes, Docker",Machine Learning Engineer
"MLOps, TensorFlow, Kubernetes, C++",Machine Learning Engineer
"Python, Computer Vision, PyTorch, SQL",Data Scientist
"Statistics, Google Analytics, A/B Testing, Data Visualization, SQL, R",Data Analyst
"GCP, Kafka, SQL",Data Engineer
"Data Visualization, Tableau, A/B Testing",Data Analyst
"DAX, Tableau, SQL",BI Analyst
"Visio, Excel, Stakeholder Management, SQL",Business Analyst
"Tableau, Data Warehousing, SQL, DAX, Dashboarding, Excel",BI Analyst
"Data Visualization, Google Analytics, A/B Testing",Data Analyst
"Excel, Tableau, Looker, Data Warehousing",BI Analyst
"Tableau, Process Modeling, Excel",Business Analyst
"Jira, Tableau, SQL, Process Modeling",Business Analyst
"R, PyTorch, Pandas",Data Scientist
"Excel, Agile, Requirement Gathering",Business Analyst
"AWS SageMaker, MLOps, Python, CI/CD, TensorFlow",Machine Learning Engineer
"Power BI, Statistics, R, A/B Testing, Excel, Data Visualization",Data Analyst
"Docker, AWS SageMaker, TensorFlow, Scikit-learn",Machine Learning Engineer
"Python, SQL, R, PyTorch, Mathematics",Data Scientist
"NLP, Machine Learning, Python, Mathematics",Data Scientist
"SQL, Git, Data Pipeline",Analytics Engineer
"Tableau, Power BI, R",Data Analyst
"Process Modeling, Power BI, Visio",Business Analyst
"Dashboarding, Excel, Tableau",BI Analyst
"A/B Testing, SQL, Power BI, R, Google Analytics",Data Analyst
"PyTorch, R, TensorFlow",Data Scientist
"QlikSense, Data Warehousing, DAX, SQL, Excel, Power BI",BI Analyst
"Machine Learning, TensorFlow, SQL, Pandas, R, Computer Vision",Data Scientist
"PyTorch, NLP, SQL, TensorFlow, Scikit-learn",Data Scientist
"Data Warehousing, Dashboarding, Excel, Power BI",BI Analyst
"Dashboarding, Tableau, Data Warehousing",BI Analyst
"Python, Statistics, A/B Testing, Power BI",Data Analyst
"R, Computer Vision, Python, Pandas",Data Scientist
"dbt, Python, Snowflake, SQL, ETL",Analytics Engineer
"SQL, Dashboarding, QlikSense, Excel, Data Warehousing",BI Analyst
"Snowflake, ETL, Python, Data Pipeline",Analytics Engineer
"A/B Testing, Tableau, Python, R",Data Analyst
"NoSQL, Python, Databricks, Snowflake",Data Engineer
"Snowflake, Kafka, GCP, AWS",Data Engineer
"Requirement Gathering, Agile, SQL",Business Analyst
"R, Excel, A/B Testing, Data Visualization, Python",Data Analyst
"Hadoop, Python, AWS",Data Engineer
"Python, dbt, Data Pipeline, Airflow, BigQuery, SQL",Analytics Engineer
"Tableau, Excel, SQL, Looker, QlikSense, ETL",BI Analyst
"Scikit-learn, PyTorch, CI/CD, Kubernetes, Python",Machine Learning Engineer
"BigQuery, Python, Snowflake, ETL",Analytics Engineer
"Dashboarding, DAX, SQL, Excel, Looker, Tableau",BI Analyst
"Excel, Tableau, A/B Testing, Python, R, Power BI",Data Analyst
"Tableau, A/B Testing, Google Analytics, SQL, Excel, Python",Data Analyst
"Mathematics, R, PyTorch, Pandas, SQL, Deep Learning",Data Scientist
"AWS, Databricks, Azure",Data Engineer
"SQL, A/B Testing, Python, Tableau, Google Analytics, Power BI",Data Analyst
"TensorFlow, NLP, Pandas",Data Scientist
"Process Modeling, Agile, SQL",Business Analyst
"Spark, Databricks, Kafka, ETL, Snowflake, GCP",Data Engineer
"QlikSense, Data Warehousing, Tableau, Excel, Dashboarding, Power BI",BI Analyst
"Process Modeling, Excel, Visio",Business Analyst
"Excel, R, Tableau",Data Analyst
"Dashboarding, Excel, Looker, ETL, QlikSense, Data Warehousing",BI Analyst
"PyTorch, C++, Scikit-learn, Docker, CI/CD, Python",Machine Learning Engineer
"Mathematics, NLP, SQL",Data Scientist
"Process Modeling, Visio, Excel, Stakeholder Management, Power BI",Business Analyst
"BigQuery, Snowflake, Data Pipeline",Analytics Engineer
"Excel, Power BI, Jira, Requirement Gathering, Process Modeling, SQL",Business Analyst
"Airflow, Data Modeling, Snowflake",Analytics Engineer
"Process Modeling, Power BI, Requirement Gathering, Tableau, Visio",Business Analyst
"Azure, Databricks, Kafka",Data Engineer
"Dashboarding, QlikSense, ETL, DAX, Tableau",BI Analyst
"ETL, Azure, Spark, Airflow",Data Engineer
"Visio, Jira, Process Modeling, SQL, Excel",Business Analyst
"GCP, Kafka, Azure, Python",Data Engineer
"C++, PyTorch, Git",Machine Learning Engineer
"Stakeholder Management, Process Modeling, Tableau, Excel, Visio, Requirement Gathering",Business Analyst
"Data Visualization, Power BI, Google Analytics, Statistics, A/B Testing",Data Analyst
"Requirement Gathering, Tableau, Visio, SQL, Stakeholder Management, Jira",Business Analyst
"Azure, NoSQL, Kafka, ETL, Spark",Data Engineer
"SQL, Stakeholder Management, Excel",Business Analyst
"Databricks, GCP, Azure, Hadoop",Data Engineer
"GCP, Databricks, Hadoop, Snowflake, Azure",Data Engineer
"Pandas, Mathematics, Computer Vision, R, Scikit-learn",Data Scientist
"Deep Learning, Scikit-learn, Python, TensorFlow, Mathematics",Data Scientist
"C++, MLOps, CI/CD, Git, Docker",Machine Learning Engineer
"Excel, DAX, SQL",BI Analyst
"SQL, Tableau, Process Modeling, Requirement Gathering, Excel, Visio",Business Analyst
"BigQuery, ETL, dbt, SQL, Python",Analytics Engineer
"Power BI, Excel, Data Visualization, R, Statistics",Data Analyst
"Excel, Requirement Gathering, Agile, Tableau, Visio",Business Analyst
"Tableau, Google Analytics, Data Visualization, Excel",Data Analyst
"Jira, Power BI, Visio, Requirement Gathering",Business Analyst
"TensorFlow, CI/CD, AWS SageMaker, Scikit-learn, MLOps",Machine Learning Engineer
"Statistics, Google Analytics, A/B Testing, Tableau, Data Visualization",Data Analyst
"AWS SageMaker, CI/CD, Kubernetes, Docker, TensorFlow, MLOps",Machine Learning Engineer
"SQL, Requirement Gathering, Agile",Business Analyst
"NoSQL, AWS, GCP, ETL, Python, Spark",Data Engineer
"Scikit-learn, Python, Pandas, SQL",Data Scientist
"NLP, SQL, Deep Learning, Pandas, R, PyTorch",Data Scientist
"Scikit-learn, Pandas, SQL",Data Scientist
"Power BI, R, Tableau",Data Analyst
"Excel, Power BI, R, Statistics",Data Analyst
"Power BI, Looker, DAX, QlikSense",BI Analyst
"R, Google Analytics, Data Visualization, SQL, Tableau",Data Analyst
"Data Pipeline, Git, ETL, Airflow, Snowflake",Analytics Engineer
"Python, SQL, R",Data Analyst
"SQL, Power BI, Requirement Gathering, Jira, Visio, Tableau",Business Analyst
"Looker, Excel, Data Warehousing, ETL, DAX",BI Analyst
"Docker, Python, Git, TensorFlow, MLOps, AWS SageMaker",Machine Learning Engineer
"SQL, Looker, Data Warehousing, QlikSense, ETL",BI Analyst
"Data Visualization, Tableau, Google Analytics, Power BI",Data Analyst
"Docker, Python, CI/CD",Machine Learning Engineer
"Power BI, Statistics, Data Visualization",Data Analyst
"Airflow, Hadoop, Snowflake, Databricks",Data Engineer
"Data Warehousing, DAX, SQL, QlikSense",BI Analyst
"Git, Scikit-learn, AWS SageMaker, Kubernetes, TensorFlow, Docker",Machine Learning Engineer
"QlikSense, Dashboarding, Data Warehousing, Power BI, Tableau",BI Analyst
"GCP, ETL, Spark, Hadoop, Airflow",Data Engineer
"Git, PyTorch, Scikit-learn, C++, Kubernetes",Machine Learning Engineer
"SQL, Tableau, R, Python, Google Analytics, A/B Testing",Data Analyst
"ETL, BigQuery, dbt, Python, SQL",Analytics Engineer
"Python, Power BI, Statistics, SQL, A/B Testing, Excel",Data Analyst
"Power BI, Jira, Stakeholder Management",Business Analyst
"Data Warehousing, Tableau, Excel",BI Analyst
"Docker, AWS SageMaker, CI/CD, Git",Machine Learning Engineer
"Deep Learning, Python, NLP",Data Scientist
"Tableau, Agile, Requirement Gathering",Business Analyst
"Excel, Power BI, QlikSense, DAX, SQL",BI Analyst
"Python, MLOps, Docker, AWS SageMaker, Kubernetes",Machine Learning Engineer
"R, Excel, A/B Testing, Python, Statistics",Data Analyst
"Snowflake, GCP, Spark, AWS",Data Engineer
"Python, Snowflake, Hadoop, AWS",Data Engineer
"TensorFlow, Pandas, PyTorch, Mathematics",Data Scientist
"Looker, QlikSense, ETL, Excel, Tableau",BI Analyst
"NLP, SQL, Python, R, TensorFlow, Computer Vision",Data Scientist
"Tableau, A/B Testing, R, Google Analytics, Excel",Data Analyst
"Process Modeling, SQL, Tableau, Jira, Stakeholder Management, Agile",Business Analyst
"PyTorch, MLOps, AWS SageMaker, Python",Machine Learning Engineer
"PyTorch, Python, Deep Learning",Data Scientist
"Power BI, QlikSense, Looker, Dashboarding, SQL",BI Analyst
"Docker, TensorFlow, Git",Machine Learning Engineer
"AWS SageMaker, Scikit-learn, Docker",Machine Learning Engineer
"Scikit-learn, Git, TensorFlow, CI/CD, MLOps",Machine Learning Engineer
"Excel, Power BI, A/B Testing, Data Visualization, Tableau",Data Analyst
"SQL, Data Pipeline, Snowflake",Analytics Engineer
"ETL, Excel, Tableau, Data Warehousing",BI Analyst
"Data Visualization, Power BI, Tableau, SQL, Statistics",Data Analyst
"Power BI, Jira, Visio, Requirement Gathering, Process Modeling, Agile",Business Analyst
"R, Excel, Google Analytics, Python, Power BI",Data Analyst
"Power BI, Tableau, Google Analytics, A/B Testing, R, Python",Data Analyst
"Power BI, SQL, Visio, Process Modeling",Business Analyst
"R, Python, TensorFlow, Machine Learning, Pandas, Scikit-learn",Data Scientist
"Dashboarding, Excel, Power BI",BI Analyst
"Python, Snowflake, BigQuery, ETL, Data Modeling, Airflow",Analytics Engineer
"Scikit-learn, AWS SageMaker, Kubernetes, Python",Machine Learning Engineer
"Tableau, Excel, Power BI, Python, Statistics",Data Analyst
"Python, Snowflake, Kafka, Databricks, GCP, Azure",Data Engineer
"Kubernetes, Docker, Scikit-learn, TensorFlow, AWS SageMaker",Machine Learning Engineer
"Pandas, Scikit-learn, PyTorch, Python, Mathematics, TensorFlow",Data Scientist
"Jira, Agile, Excel, Tableau, Power BI, Requirement Gathering",Business Analyst
"Mathematics, NLP, Computer Vision, Python, PyTorch, Machine Learning",Data Scientist
"Power BI, Agile, Jira",Business Analyst
"Statistics, Python, Power BI",Data Analyst
"Git, Scikit-learn, Python, Docker",Machine Learning Engineer
"DAX, Dashboarding, Data Warehousing",BI Analyst
"Agile, Requirement Gathering, Tableau, Visio",Business Analyst
"Visio, Excel, Power BI, Requirement Gathering, SQL, Jira",Business Analyst
"Machine Learning, PyTorch, NLP",Data Scientist
"BigQuery, Git, SQL",Analytics Engineer
"Python, Git, BigQuery, ETL",Analytics Engineer
"Mathematics, SQL, R, TensorFlow, Deep Learning, NLP",Data Scientist
"Data Warehousing, Excel, SQL",BI Analyst
"Databricks, Spark, Airflow, SQL, Python",Data Engineer
"Docker, PyTorch, MLOps, Kubernetes, CI/CD",Machine Learning Engineer
"Looker, Data Warehousing, Power BI, ETL, DAX",BI Analyst
"Scikit-learn, AWS SageMaker, Kubernetes, TensorFlow, MLOps",Machine Learning Engineer
"Spark, Kafka, Python, Azure, Hadoop, GCP",Data Engineer
"Python, CI/CD, Scikit-learn, AWS SageMaker",Machine Learning Engineer
"R, Mathematics, PyTorch, Deep Learning",Data Scientist
"Requirement Gathering, Excel, Jira",Business Analyst
"Tableau, Jira, SQL, Requirement Gathering, Excel, Visio",Business Analyst
"Git, TensorFlow, Kubernetes, PyTorch",Machine Learning Engineer
"Airflow, dbt, BigQuery, Snowflake",Analytics Engineer
"Power BI, Requirement Gathering, Agile",Business Analyst
"SQL, Dashboarding, Looker, Data Warehousing, QlikSense, DAX",BI Analyst
"NLP, SQL, TensorFlow, PyTorch",Data Scientist
"Azure, Snowflake, Python, GCP",Data Engineer
"Data Modeling, Python, SQL, dbt",Analytics Engineer
"Data Visualization, Tableau, Google Analytics, SQL, Power BI, Statistics",Data Analyst
"Tableau, Power BI, QlikSense, Data Warehousing, DAX",BI Analyst
"CI/CD, PyTorch, MLOps, C++",Machine Learning Engineer
"Excel, Agile, Process Modeling, Jira",Business Analyst
"Spark, Snowflake, NoSQL",Data Engineer
"SQL, Stakeholder Management, Agile, Visio, Requirement Gathering",Business Analyst
"NoSQL, Databricks, Hadoop",Data Engineer
"SQL, Looker, Power BI, Data Warehousing",BI Analyst
"R, Pandas, NLP, PyTorch, TensorFlow, Computer Vision",Data Scientist
"Power BI, Requirement Gathering, Stakeholder Management",Business Analyst
"ETL, Python, AWS, Airflow, GCP, Azure",Data Engineer
"Stakeholder Management, Agile, Power BI, Process Modeling, Visio, Jira",Business Analyst
"SQL, R, Deep Learning, TensorFlow, NLP, Computer Vision",Data Scientist
"PyTorch, MLOps, Python",Machine Learning Engineer
"Python, Data Pipeline, BigQuery, ETL, Airflow",Analytics Engineer
"Agile, Process Modeling, Tableau, Requirement Gathering",Business Analyst
"Visio, Excel, Process Modeling, Requirement Gathering, Stakeholder Management, Power BI",Business Analyst
"CI/CD, C++, PyTorch, AWS SageMaker, Docker",Machine Learning Engineer
"Docker, C++, AWS SageMaker, PyTorch, TensorFlow",Machine Learning Engineer
"SQL, Airflow, ETL, Python, Data Pipeline, Git",Analytics Engineer
"Statistics, R, Power BI, Python",Data Analyst
"SQL, ETL, Snowflake",Analytics Engineer
"dbt, BigQuery, Python, Git, Snowflake",Analytics Engineer
"C++, Python, Scikit-learn",Machine Learning Engineer
"TensorFlow, C++, CI/CD",Machine Learning Engineer
"Kubernetes, Docker, CI/CD, Git, TensorFlow",Machine Learning Engineer
"SQL, Data Warehousing, Power BI, Excel, DAX, QlikSense",BI Analyst
"PyTorch, Mathematics, Computer Vision, NLP",Data Scientist
"Data Modeling, SQL, Data Pipeline, Airflow, dbt, Git",Analytics Engineer
"R, Python, Excel",Data Analyst
"Python, Statistics, Excel, Power BI",Data Analyst
"Power BI, Process Modeling, SQL, Jira, Stakeholder Management",Business Analyst
"Looker, DAX, Power BI, Dashboarding, Data Warehousing, SQL",BI Analyst
"Looker, Dashboarding, DAX, Tableau, Excel, Power BI",BI Analyst
"Git, Kubernetes, MLOps, C++, AWS SageMaker, Scikit-learn",Machine Learning Engineer
"PyTorch, TensorFlow, Machine Learning",Data Scientist
"Excel, A/B Testing, Data Visualization, SQL, Python, Tableau",Data Analyst
"Snowflake, SQL, Airflow, Data Modeling, Data Pipeline",Analytics Engineer
"Process Modeling, Visio, Power BI, Excel, Stakeholder Management, Agile",Business Analyst
"Tableau, Power BI, Dashboarding, DAX",BI Analyst
"Kafka, Python, NoSQL, ETL, AWS",Data Engineer
"Stakeholder Management, Jira, Tableau, Requirement Gathering, Power BI",Business Analyst
"R, SQL, Power BI, Tableau, A/B Testing, Data Visualization",Data Analyst
"Google Analytics, A/B Testing, Power BI",Data Analyst
"NoSQL, ETL, GCP",Data Engineer
"Computer Vision, PyTorch, Pandas",Data Scientist
"Docker, Python, MLOps, AWS SageMaker, C++",Machine Learning Engineer
"Tableau, Power BI, SQL, Dashboarding",BI Analyst
"PyTorch, Computer Vision, Machine Learning, Deep Learning, Pandas",Data Scientist
"dbt, Snowflake, Data Modeling, SQL",Analytics Engineer
"Airflow, Azure, SQL, GCP, Python, Spark",Data Engineer
"Statistics, Tableau, SQL, Excel, R, Google Analytics",Data Analyst
"NoSQL, ETL, Spark, GCP, Python, Azure",Data Engineer
"AWS SageMaker, C++, Python",Machine Learning Engineer
"QlikSense, Power BI, ETL, SQL, Data Warehousing, Tableau",BI Analyst
"Looker, Excel, Dashboarding, Tableau, Power BI, ETL",BI Analyst
"Git, Python, Airflow, Data Pipeline, ETL, SQL",Analytics Engineer
"Excel, Power BI, Visio",Business Analyst
"Kafka, Hadoop, Python, Databricks, NoSQL",Data Engineer
"Docker, Scikit-learn, PyTorch, MLOps, Git, Kubernetes",Machine Learning Engineer
"Data Pipeline, Data Modeling, dbt, SQL, BigQuery, Snowflake",Analytics Engineer
"Process Modeling, SQL, Requirement Gathering",Business Analyst
"Docker, CI/CD, PyTorch",Machine Learning Engineer
"TensorFlow, Python, Pandas, PyTorch",Data Scientist
"Pandas, SQL, Mathematics",Data Scientist
"Airflow, Databricks, ETL, Kafka",Data Engineer
"Deep Learning, Computer Vision, Scikit-learn, PyTorch",Data Scientist
"Tableau, Stakeholder Management, Process Modeling",Business Analyst
"Google Analytics, R, Python",Data Analyst
"AWS, NoSQL, Airflow, Snowflake, GCP",Data Engineer
"Computer Vision, PyTorch, TensorFlow, Machine Learning",Data Scientist
"AWS SageMaker, C++, Python",Machine Learning Engineer
"Machine Learning, Python, Computer Vision",Data Scientist
"Power BI, Statistics, Python, Google Analytics, Data Visualization, R",Data Analyst
"Power BI, Jira, Excel, Visio, Tableau",Business Analyst
"Power BI, Data Warehousing, Tableau, ETL",BI Analyst
"Excel, Tableau, Power BI, Requirement Gathering, Visio",Business Analyst
"ETL, QlikSense, Data Warehousing, Excel, Tableau",BI Analyst
"TensorFlow, Python, Machine Learning, Mathematics, R, Computer Vision",Data Scientist
"Docker, TensorFlow, C++",Machine Learning Engineer
"Pandas, Machine Learning, TensorFlow, Computer Vision",Data Scientist
"Jira, Agile, Stakeholder Management",Business Analyst
"ETL, Excel, Power BI, DAX",BI Analyst
"Process Modeling, Excel, Jira",Business Analyst
"Scikit-learn, AWS SageMaker, C++, Git",Machine Learning Engineer
"DAX, Excel, SQL, Data Warehousing, Power BI, Dashboarding",BI Analyst
"TensorFlow, Scikit-learn, Git, Docker, Kubernetes, MLOps",Machine Learning Engineer
"MLOps, CI/CD, Kubernetes, PyTorch",Machine Learning Engineer
"Power BI, Tableau, SQL, Agile, Stakeholder Management, Excel",Business Analyst
"Dashboarding, Excel, SQL, Looker",BI Analyst
"Data Modeling, Python, Data Pipeline, BigQuery, dbt, Airflow",Analytics Engineer
"ETL, Data Warehousing, Excel, Dashboarding, Looker",BI Analyst
"Airflow, Data Modeling, ETL, Git",Analytics Engineer
"Data Pipeline, Git, Snowflake, dbt, Data Modeling, ETL",Analytics Engineer
"Kafka, ETL, SQL, Spark, Airflow, NoSQL",Data Engineer
"GCP, Airflow, ETL, Azure, Databricks, SQL",Data Engineer
"R, PyTorch, Pandas, TensorFlow, NLP",Data Scientist
"Databricks, NoSQL, Python, Spark, Airflow",Data Engineer
"Excel, SQL, Dashboarding, ETL, Tableau, Power BI",BI Analyst
"PyTorch, Pandas, Deep Learning",Data Scientist
"A/B Testing, Python, Data Visualization",Data Analyst
"Git, BigQuery, Snowflake",Analytics Engineer
"Pandas, Mathematics, Scikit-learn",Data Scientist
"Looker, Tableau, Excel, DAX, QlikSense, Data Warehousing",BI Analyst
"Pandas, Scikit-learn, Computer Vision",Data Scientist
"Power BI, Agile, Stakeholder Management",Business Analyst
"Mathematics, Scikit-learn, Computer Vision, NLP, Python",Data Scientist
"Mathematics, R, Python, TensorFlow",Data Scientist
"Mathematics, Machine Learning, Pandas",Data Scientist
"Docker, C++, TensorFlow, Git, Python",Machine Learning Engineer
"Python, Kubernetes, MLOps, Docker, CI/CD",Machine Learning Engineer
"Process Modeling, Excel, Visio, Tableau",Business Analyst
"SQL, Machine Learning, NLP, TensorFlow, R, Pandas",Data Scientist
"Power BI, Stakeholder Management, Agile",Business Analyst
"Python, ETL, Git",Analytics Engineer
"SQL, Tableau, ETL, QlikSense",BI Analyst
"Mathematics, SQL, TensorFlow, PyTorch",Data Scientist
"Snowflake, Hadoop, AWS, NoSQL, GCP, ETL",Data Engineer
"Git, AWS SageMaker, Python, Scikit-learn, Kubernetes, TensorFlow",Machine Learning Engineer
"SQL, Hadoop, Python, Snowflake",Data Engineer
"Python, Git, ETL",Analytics Engineer
"Hadoop, ETL, AWS, SQL, Spark, Python",Data Engineer
"SQL, Airflow, Snowflake, NoSQL, Databricks",Data Engineer
"Power BI, Looker, SQL, DAX, Dashboarding, Data Warehousing",BI Analyst
"QlikSense, SQL, Data Warehousing",BI Analyst
"Data Warehousing, SQL, Looker, DAX, Power BI",BI Analyst
"NoSQL, Azure, AWS",Data Engineer
"ETL, Tableau, SQL, DAX, Excel",BI Analyst
"PyTorch, Computer Vision, Scikit-learn",Data Scientist
"SQL, Stakeholder Management, Visio, Tableau",Business Analyst
"SQL, Power BI, Stakeholder Management, Requirement Gathering, Process Modeling, Visio",Business Analyst
"Data Visualization, Tableau, Python",Data Analyst
"Stakeholder Management, Process Modeling, Jira",Business Analyst
"Stakeholder Management, Excel, Process Modeling, SQL, Agile, Power BI",Business Analyst
"Power BI, Tableau, SQL, Python, A/B Testing, Google Analytics",Data Analyst
"Pandas, Python, Mathematics, Scikit-learn",Data Scientist
"Scikit-learn, MLOps, Docker, Git, CI/CD, Python",Machine Learning Engineer
"Azure, AWS, NoSQL, Kafka, Airflow, Databricks",Data Engineer
"Python, Data Modeling, Data Pipeline, BigQuery",Analytics Engineer
"Kubernetes, C++, MLOps, Git, PyTorch, AWS SageMaker",Machine Learning Engineer
"Deep Learning, NLP, PyTorch, Mathematics, Python, R",Data Scientist
"Spark, Hadoop, Azure, Kafka, ETL, Python",Data Engineer
"R, Power BI, Statistics",Data Analyst
"Tableau, Power BI, Visio, Process Modeling, Jira, Stakeholder Management",Business Analyst
"Airflow, ETL, Data Modeling",Analytics Engineer
"Kubernetes, CI/CD, Python, Docker, AWS SageMaker, Scikit-learn",Machine Learning Engineer
"Docker, C++, Python, Scikit-learn, AWS SageMaker",Machine Learning Engineer
"Scikit-learn, C++, PyTorch, Python, TensorFlow, AWS SageMaker",Machine Learning Engineer
"PyTorch, Git, Docker",Machine Learning Engineer
"Tableau, Power BI, Jira, Visio, Stakeholder Management",Business Analyst
"Python, AWS SageMaker, C++",Machine Learning Engineer
"Statistics, R, A/B Testing, SQL",Data Analyst
"Databricks, Azure, GCP, Python, AWS, Kafka",Data Engineer
"SQL, NLP, Scikit-learn, Pandas, R",Data Scientist
"Kafka, Hadoop, Airflow, Python, Azure, ETL",Data Engineer
"Python, Scikit-learn, Docker, Git",Machine Learning Engineer
"Statistics, Tableau, Excel, Data Visualization",Data Analyst
"Data Modeling, Snowflake, Git",Analytics Engineer
"Deep Learning, R, Computer Vision, Mathematics, TensorFlow, Pandas",Data Scientist
"QlikSense, Looker, DAX, Data Warehousing",BI Analyst
"Snowflake, Airflow, SQL",Analytics Engineer
"DAX, ETL, Dashboarding, Data Warehousing",BI Analyst
"Agile, SQL, Stakeholder Management, Jira, Excel, Requirement Gathering",Business Analyst
"Python, Git, TensorFlow",Machine Learning Engineer
"R, Excel, Statistics, SQL, Google Analytics, Tableau",Data Analyst
"PyTorch, Kubernetes, Scikit-learn, TensorFlow, Docker, CI/CD",Machine Learning Engineer
"ETL, Dashboarding, Tableau, DAX, SQL",BI Analyst
"Kafka, AWS, Databricks",Data Engineer
"Python, C++, CI/CD, AWS SageMaker",Machine Learning Engineer
"Tableau, Data Warehousing, QlikSense, SQL",BI Analyst
"Process Modeling, Visio, SQL, Tableau",Business Analyst
"Power BI, Statistics, Data Visualization, Python, SQL, Excel",Data Analyst
"Agile, Stakeholder Management, Jira, Tableau, SQL, Process Modeling",Business Analyst
"DAX, Looker, Tableau, Dashboarding",BI Analyst
"Python, Pandas, PyTorch, Computer Vision",Data Scientist
"Python, R, NLP, Mathematics",Data Scientist
"Python, Statistics, Power BI, Data Visualization, Tableau",Data Analyst
"Python, Databricks, Hadoop",Data Engineer
"Data Visualization, Statistics, SQL",Data Analyst
"QlikSense, Excel, DAX, Dashboarding, Power BI, ETL",BI Analyst
"Data Pipeline, SQL, dbt",Analytics Engineer
"Visio, Jira, Tableau, Agile",Business Analyst
"PyTorch, Python, TensorFlow",Machine Learning Engineer
"AWS, Azure, Spark, GCP, NoSQL",Data Engineer
"ETL, Python, Snowflake, dbt",Analytics Engineer
"AWS SageMaker, C++, PyTorch",Machine Learning Engineer
"ETL, Spark, GCP, Databricks, NoSQL",Data Engineer
"Power BI, Data Visualization, Excel, A/B Testing, Google Analytics, R",Data Analyst
"MLOps, TensorFlow, C++, Docker, Scikit-learn",Machine Learning Engineer
"AWS SageMaker, C++, Kubernetes",Machine Learning Engineer
"C++, Python, Scikit-learn, MLOps, Docker",Machine Learning Engineer
"dbt, Airflow, Git, BigQuery, SQL",Analytics Engineer
"SQL, Visio, Power BI, Stakeholder Management, Tableau",Business Analyst
"Looker, Power BI, DAX",BI Analyst
"Python, SQL, Statistics, Power BI, Excel",Data Analyst
"Data Modeling, Python, Data Pipeline, Airflow",Analytics Engineer
"Power BI, Jira, Process Modeling, Excel, Visio",Business Analyst
"AWS SageMaker, Docker, TensorFlow",Machine Learning Engineer
"Python, Databricks, ETL, Snowflake, AWS, Kafka",Data Engineer
"ETL, Databricks, Kafka, Azure",Data Engineer
"NLP, Computer Vision, TensorFlow, PyTorch, Mathematics, R",Data Scientist
"ETL, BigQuery, dbt, Snowflake",Analytics Engineer
"Machine Learning, SQL, Deep Learning, PyTorch",Data Scientist
"Data Visualization, Python, Tableau",Data Analyst
"Data Pipeline, BigQuery, Snowflake",Analytics Engineer
"Process Modeling, Visio, Agile, Stakeholder Management, Jira",Business Analyst
"Jira, Excel, Agile, Stakeholder Management, Requirement Gathering, Process Modeling",Business Analyst
"CI/CD, AWS SageMaker, Kubernetes",Machine Learning Engineer
"Git, TensorFlow, Scikit-learn, C++, Docker",Machine Learning Engineer
"Stakeholder Management, Agile, Power BI, Process Modeling, Jira",Business Analyst
"SQL, Kafka, Python, Airflow, ETL, Databricks",Data Engineer
"Looker, Tableau, QlikSense, Dashboarding, Power BI, SQL",BI Analyst
"A/B Testing, Excel, Tableau, Python, Google Analytics",Data Analyst
"ETL, Airflow, Git, SQL, Python, Data Modeling",Analytics Engineer
"Requirement Gathering, SQL, Jira, Stakeholder Management, Process Modeling",Business Analyst
"dbt, SQL, Airflow, Python, Data Pipeline",Analytics Engineer
"Statistics, A/B Testing, Excel, SQL",Data Analyst
"Tableau, Power BI, Excel, Statistics, SQL, A/B Testing",Data Analyst
"Excel, Google Analytics, Data Visualization, SQL, R, Tableau",Data Analyst
"Python, Data Pipeline, Airflow, Snowflake",Analytics Engineer
"Requirement Gathering, Process Modeling, Excel",Business Analyst
"Data Pipeline, Data Modeling, Snowflake, SQL, BigQuery, Python",Analytics Engineer
"Kafka, SQL, Databricks, Snowflake",Data Engineer
"Process Modeling, Tableau, SQL, Agile",Business Analyst
"Dashboarding, Tableau, ETL, Looker, SQL, Power BI",BI Analyst
"dbt, ETL, SQL, Snowflake, Data Pipeline, Git",Analytics Engineer
"Docker, Python, Git",Machine Learning Engineer
"Machine Learning, SQL, Mathematics, Deep Learning, Python",Data Scientist
"SQL, Python, Deep Learning, Mathematics, Scikit-learn",Data Scientist
"Git, MLOps, TensorFlow",Machine Learning Engineer
"PyTorch, SQL, Scikit-learn, NLP, Mathematics, TensorFlow",Data Scientist
"Airflow, dbt, SQL, Data Modeling",Analytics Engineer
"Data Warehousing, QlikSense, Excel, SQL, Power BI, DAX",BI Analyst
"Docker, AWS SageMaker, Python, PyTorch",Machine Learning Engineer
"BigQuery, Airflow, Snowflake, ETL, SQL",Analytics Engineer
"Python, dbt, Snowflake, ETL, Data Pipeline",Analytics Engineer
"A/B Testing, Python, Statistics, Google Analytics, SQL",Data Analyst
"Statistics, Power BI, Tableau",Data Analyst
"Stakeholder Management, Process Modeling, Jira, SQL, Tableau, Power BI",Business Analyst
"Python, CI/CD, Git, AWS SageMaker, MLOps",Machine Learning Engineer
"Python, C++, Docker",Machine Learning Engineer
"Python, Airflow, dbt",Analytics Engineer
"Excel, SQL, Tableau",Data Analyst
"MLOps, C++, Docker, Scikit-learn, TensorFlow, PyTorch",Machine Learning Engineer
"R, Python, Google Analytics, Power BI",Data Analyst
"Agile, Tableau, Process Modeling, Excel",Business Analyst
"Git, Docker, TensorFlow, Kubernetes, AWS SageMaker, CI/CD",Machine Learning Engineer
"R, PyTorch, TensorFlow",Data Scientist
"Spark, AWS, Databricks, Hadoop",Data Engineer
"Stakeholder Management, SQL, Requirement Gathering, Tableau, Visio, Jira",Business Analyst
"Deep Learning, Machine Learning, Computer Vision, TensorFlow",Data Scientist
"Tableau, Data Warehousing, DAX, ETL, Looker, Dashboarding",BI Analyst
"Kubernetes, C++, Docker, MLOps, Git",Machine Learning Engineer
"Python, Mathematics, NLP, TensorFlow, Deep Learning, SQL",Data Scientist
"NoSQL, Hadoop, Airflow",Data Engineer
"Tableau, Process Modeling, Power BI, Visio",Business Analyst
"SQL, Snowflake, ETL, NoSQL",Data Engineer
"Spark, ETL, Azure",Data Engineer
"TensorFlow, MLOps, Git, Scikit-learn",Machine Learning Engineer
"TensorFlow, R, SQL",Data Scientist
"Azure, Airflow, Python",Data Engineer
"Python, GCP, Kafka, NoSQL, Hadoop",Data Engineer
"Python, Pandas, NLP, R",Data Scientist
"Snowflake, Python, Git",Analytics Engineer
"Excel, Statistics, Data Visualization, Tableau, Google Analytics, R",Data Analyst
"BigQuery, Python, dbt, Airflow, Data Modeling, Snowflake",Analytics Engineer
"Statistics, Excel, Power BI, R, A/B Testing",Data Analyst
"Computer Vision, Pandas, Machine Learning",Data Scientist
"CI/CD, Kubernetes, MLOps, TensorFlow, Python",Machine Learning Engineer
"Power BI, Excel, Process Modeling, Tableau, Requirement Gathering",Business Analyst
"ETL, Tableau, Excel, Dashboarding",BI Analyst
"PyTorch, Git, Kubernetes, Scikit-learn",Machine Learning Engineer
"AWS, Airflow, GCP, Python, ETL, Databricks",Data Engineer
"Excel, SQL, Stakeholder Management",Business Analyst
"SQL, Snowflake, Python, BigQuery, Data Modeling, dbt",Analytics Engineer
"Excel, Jira, Visio, Stakeholder Management",Business Analyst
"TensorFlow, Pandas, SQL, Mathematics, Deep Learning",Data Scientist
"Mathematics, PyTorch, Scikit-learn, Deep Learning, SQL, TensorFlow",Data Scientist
"Docker, Scikit-learn, Python",Machine Learning Engineer
"Git, MLOps, AWS SageMaker, C++, CI/CD",Machine Learning Engineer
"Spark, AWS, Snowflake, Azure",Data Engineer
"Looker, Excel, ETL",BI Analyst
"C++, AWS SageMaker, Git, MLOps, Scikit-learn, TensorFlow",Machine Learning Engineer
"MLOps, Git, CI/CD",Machine Learning Engineer
"C++, CI/CD, PyTorch",Machine Learning Engineer
"Airflow, GCP, Snowflake",Data Engineer
"Data Pipeline, Git, Data Modeling, Snowflake",Analytics Engineer
"dbt, Data Pipeline, Git, Snowflake",Analytics Engineer
"Power BI, Data Visualization, A/B Testing, Excel",Data Analyst
"Agile, Tableau, Stakeholder Management, Process Modeling, Power BI",Business Analyst
"Excel, Stakeholder Management, Process Modeling, Power BI, Visio, Agile",Business Analyst
"Azure, Spark, GCP, AWS, Airflow, Python",Data Engineer
"Data Warehousing, Power BI, Dashboarding, Tableau, SQL, DAX",BI Analyst
"ETL, Power BI, Excel, QlikSense",BI Analyst
"Python, R, Google Analytics, Power BI, A/B Testing, Data Visualization",Data Analyst
"MLOps, Scikit-learn, CI/CD, Python, AWS SageMaker, C++",Machine Learning Engineer
"SQL, Data Pipeline, Data Modeling, Airflow, Python",Analytics Engineer
"PyTorch, Python, MLOps, CI/CD, Scikit-learn",Machine Learning Engineer
"Spark, Kafka, Databricks, Azure, Python, SQL",Data Engineer
"A/B Testing, Tableau, Excel, SQL, Data Visualization, Python",Data Analyst
"GCP, Python, Kafka, ETL, Airflow, Databricks",Data Engineer
"Data Pipeline, BigQuery, SQL, Snowflake, ETL",Analytics Engineer
"NLP, R, TensorFlow, Computer Vision",Data Scientist
"Data Visualization, Google Analytics, A/B Testing, Excel, Statistics",Data Analyst
"Deep Learning, SQL, Scikit-learn, Machine Learning, TensorFlow, PyTorch",Data Scientist
"Python, Git, CI/CD",Machine Learning Engineer
"Dashboarding, Excel, QlikSense, ETL, SQL",BI Analyst
"Kubernetes, Scikit-learn, Git, Docker",Machine Learning Engineer
"SQL, Statistics, Tableau, R",Data Analyst
"Excel, Power BI, Dashboarding",BI Analyst
"Deep Learning, Pandas, PyTorch",Data Scientist
"SQL, ETL, Data Warehousing, DAX, QlikSense",BI Analyst
"Requirement Gathering, Process Modeling, Power BI",Business Analyst
"AWS SageMaker, CI/CD, Docker",Machine Learning Engineer
"Python, NoSQL, Hadoop",Data Engineer
"SQL, Python, R, Data Visualization, Excel",Data Analyst
"QlikSense, Excel, Power BI, Data Warehousing",BI Analyst
"Hadoop, Snowflake, Kafka, Python, Databricks, Spark",Data Engineer
"SQL, Airflow, Snowflake, Python",Data Engineer
"QlikSense, Tableau, DAX, Excel",BI Analyst
"Google Analytics, Data Visualization, R, Excel",Data Analyst
"Process Modeling, Tableau, Visio",Business Analyst
"Deep Learning, Machine Learning, Python, SQL, TensorFlow",Data Scientist
"Statistics, Excel, A/B Testing",Data Analyst
"Statistics, R, Tableau, Python",Data Analyst
"Jira, Requirement Gathering, Agile",Business Analyst
"Tableau, Power BI, Stakeholder Management, Jira, Requirement Gathering, Visio",Business Analyst
"R, Mathematics, NLP, SQL, PyTorch, Pandas",Data Scientist
"Excel, ETL, Power BI, DAX, Dashboarding, SQL",BI Analyst
"Excel, Data Warehousing, DAX, QlikSense, ETL, Dashboarding",BI Analyst
"Looker, SQL, Power BI",BI Analyst
"PyTorch, Scikit-learn, Docker, Git",Machine Learning Engineer
"Tableau, DAX, Excel",BI Analyst
"GCP, Kafka, Python, Airflow",Data Engineer
"Python, Excel, R, SQL, Tableau",Data Analyst
"dbt, Data Pipeline, Airflow, ETL",Analytics Engineer
"Visio, SQL, Requirement Gathering, Process Modeling, Jira",Business Analyst
"SQL, QlikSense, DAX, ETL, Looker",BI Analyst
"SQL, QlikSense, Tableau, Data Warehousing",BI Analyst
"Process Modeling, Power BI, Excel, Agile, Tableau, SQL",Business Analyst
"SQL, Visio, Stakeholder Management, Jira, Power BI, Excel",Business Analyst
"SQL, Scikit-learn, PyTorch, TensorFlow, Mathematics, Python",Data Scientist
"Power BI, SQL, Requirement Gathering, Agile",Business Analyst
"QlikSense, Looker, Power BI, DAX, Tableau, Excel",BI Analyst
"Data Modeling, ETL, Snowflake, Python",Analytics Engineer
"Data Pipeline, Data Modeling, Airflow, Python",Analytics Engineer
"Jira, Agile, Power BI, Excel, SQL",Business Analyst
"Data Warehousing, Dashboarding, DAX, Excel",BI Analyst
"R, PyTorch, Deep Learning",Data Scientist
"Spark, Snowflake, Databricks",Data Engineer
"ETL, SQL, Looker, Tableau",BI Analyst
"Data Warehousing, Dashboarding, ETL, Looker, Power BI",BI Analyst
"R, Mathematics, SQL, NLP, Computer Vision, Deep Learning",Data Scientist
"SQL, Data Modeling, Git",Analytics Engineer
"Python, MLOps, TensorFlow, CI/CD, Kubernetes, AWS SageMaker",Machine Learning Engineer
"Azure, Python, Kafka, NoSQL, GCP",Data Engineer
"Data Pipeline, Python, ETL, Airflow",Analytics Engineer
"Excel, Power BI, Process Modeling",Business Analyst
"TensorFlow, AWS SageMaker, CI/CD, Git, Python",Machine Learning Engineer
"SQL, QlikSense, Tableau, ETL",BI Analyst
"Kubernetes, MLOps, PyTorch, Scikit-learn, CI/CD, AWS SageMaker",Machine Learning Engineer
"Snowflake, Airflow, GCP, Azure, Databricks",Data Engineer
"Looker, Data Warehousing, ETL, Power BI, DAX",BI Analyst
"Tableau, Excel, R, Python",Data Analyst
"Excel, SQL, Google Analytics, Python, Power BI, Tableau",Data Analyst
"Data Warehousing, Tableau, Power BI, DAX",BI Analyst
"Python, Git, TensorFlow",Machine Learning Engineer
"Statistics, SQL, R, A/B Testing",Data Analyst
"C++, TensorFlow, MLOps, PyTorch, Git",Machine Learning Engineer
"Stakeholder Management, Agile, Visio, Jira",Business Analyst
"Statistics, Excel, Data Visualization, Power BI, SQL",Data Analyst
"Git, Python, PyTorch, TensorFlow",Machine Learning Engineer
"Tableau, Excel, Python, Power BI, Google Analytics",Data Analyst
"Python, dbt, Data Pipeline, BigQuery",Analytics Engineer
"PyTorch, TensorFlow, Machine Learning, Deep Learning",Data Scientist
"Process Modeling, Power BI, Tableau, Visio, SQL",Business Analyst
"SQL, Looker, DAX, Tableau, ETL, Power BI",BI Analyst
"Git, CI/CD, MLOps, Python, Docker",Machine Learning Engineer
"BigQuery, ETL, Airflow, dbt, Data Modeling",Analytics Engineer
"Python, PyTorch, Scikit-learn, Pandas, SQL",Data Scientist
"Azure, Kafka, Hadoop",Data Engineer
"SQL, Looker, Data Warehousing",BI Analyst
"Docker, Scikit-learn, Git, MLOps, PyTorch, C++",Machine Learning Engineer
"Power BI, Data Warehousing, Dashboarding, SQL, Looker",BI Analyst
"Tableau, Excel, Power BI",Data Analyst
"Data Visualization, Excel, SQL, Statistics, A/B Testing",Data Analyst
"MLOps, C++, Scikit-learn",Machine Learning Engineer
"DAX, Data Warehousing, Excel, SQL",BI Analyst
"ETL, Databricks, Python, Snowflake",Data Engineer
"QlikSense, Tableau, ETL",BI Analyst
"R, A/B Testing, Tableau",Data Analyst
"A/B Testing, R, Python, Google Analytics, Excel, Data Visualization",Data Analyst
"Agile, Visio, Requirement Gathering, Power BI",Business Analyst
"Jira, Requirement Gathering, Power BI, SQL, Agile, Visio",Business Analyst
"C++, Python, TensorFlow, CI/CD, Kubernetes, MLOps",Machine Learning Engineer
"SQL, Data Warehousing, QlikSense, DAX",BI Analyst
"Snowflake, BigQuery, ETL, Git, Python, Airflow",Analytics Engineer
"Tableau, Stakeholder Management, Process Modeling, Requirement Gathering",Business Analyst
"SQL, Data Warehousing, ETL, DAX",BI Analyst
"Snowflake, ETL, dbt",Analytics Engineer
"NLP, TensorFlow, Pandas, Python, Deep Learning",Data Scientist
"Python, Tableau, Power BI, Data Visualization, Google Analytics, Statistics",Data Analyst
"TensorFlow, PyTorch, Git",Machine Learning Engineer
"SQL, Power BI, Excel, Requirement Gathering, Process Modeling, Visio",Business Analyst
"Data Visualization, Google Analytics, Statistics, Tableau",Data Analyst
"Tableau, Agile, Stakeholder Management",Business Analyst
"ETL, Tableau, Looker",BI Analyst
"ETL, Power BI, SQL, QlikSense, Tableau",BI Analyst
"Azure, Databricks, ETL, SQL",Data Engineer
"PyTorch, TensorFlow, Machine Learning",Data Scientist
"TensorFlow, PyTorch, R, NLP",Data Scientist
"dbt, Snowflake, Python, Git, Data Modeling, Airflow",Analytics Engineer
"SQL, Agile, Excel, Jira",Business Analyst
"Pandas, Computer Vision, Deep Learning, TensorFlow",Data Scientist
"Stakeholder Management, Power BI, SQL, Excel, Jira, Visio",Business Analyst
"Power BI, Agile, Requirement Gathering, Process Modeling",Business Analyst
"Machine Learning, TensorFlow, Scikit-learn, NLP",Data Scientist
"TensorFlow, Deep Learning, PyTorch, Mathematics, Scikit-learn, Pandas",Data Scientist
"NoSQL, GCP, Azure, Python, Hadoop, AWS",Data Engineer
"NLP, Deep Learning, Scikit-learn, Machine Learning, SQL, PyTorch",Data Scientist
"ETL, QlikSense, Dashboarding, Tableau, SQL, Excel",BI Analyst
"Tableau, Jira, Power BI, Requirement Gathering",Business Analyst
"R, Power BI, Google Analytics, Tableau",Data Analyst
"Machine Learning, Scikit-learn, PyTorch, SQL, TensorFlow, NLP",Data Scientist
"PyTorch, NLP, Scikit-learn, TensorFlow",Data Scientist
"Data Visualization, Tableau, SQL, Statistics, Excel",Data Analyst
"Mathematics, Machine Learning, PyTorch, Deep Learning, Python",Data Scientist
"ETL, Data Warehousing, QlikSense",BI Analyst
"NLP, Computer Vision, Scikit-learn",Data Scientist
"Tableau, Looker, Data Warehousing, DAX, SQL, Dashboarding",BI Analyst
"SQL, ETL, BigQuery, Python, Airflow",Analytics Engineer
"Dashboarding, DAX, Power BI",BI Analyst
"Python, Hadoop, Databricks, Kafka",Data Engineer
"Dashboarding, QlikSense, DAX, Tableau, Power BI, SQL",BI Analyst
"A/B Testing, Python, R, Statistics",Data Analyst
"Docker, CI/CD, TensorFlow, PyTorch, Scikit-learn, C++",Machine Learning Engineer
"Python, Data Visualization, Excel",Data Analyst
"Docker, Scikit-learn, MLOps, Python, Kubernetes, CI/CD",Machine Learning Engineer
"Stakeholder Management, Visio, Requirement Gathering, Excel",Business Analyst
"Power BI, SQL, DAX, ETL",BI Analyst
"Docker, CI/CD, Python",Machine Learning Engineer
"DAX, Dashboarding, Excel, QlikSense",BI Analyst
"Stakeholder Management, SQL, Tableau",Business Analyst
"R, Computer Vision, TensorFlow, Python, Machine Learning, SQL",Data Scientist
"Machine Learning, SQL, Deep Learning, R",Data Scientist
"Dashboarding, Looker, SQL, Tableau",BI Analyst
"Spark, ETL, Hadoop, SQL",Data Engineer
"Excel, Tableau, SQL, Process Modeling",Business Analyst
"Dashboarding, DAX, Power BI, Looker, SQL",BI Analyst
"Python, AWS SageMaker, PyTorch, Scikit-learn, TensorFlow, MLOps",Machine Learning Engineer
"Power BI, SQL, Visio, Tableau, Excel, Requirement Gathering",Business Analyst
"Git, SQL, Python",Analytics Engineer
"Tableau, Process Modeling, Agile, Visio",Business Analyst
"Computer Vision, R, SQL, Python, TensorFlow, Deep Learning",Data Scientist
"Dashboarding, SQL, QlikSense, Looker",BI Analyst
"Tableau, Google Analytics, Power BI, Excel, A/B Testing, SQL",Data Analyst
"ETL, Git, dbt, Airflow, SQL",Analytics Engineer
"Dashboarding, Looker, Power BI, Excel, ETL, DAX",BI Analyst
"QlikSense, Looker, Data Warehousing, Tableau",BI Analyst
"Machine Learning, Python, Deep Learning, TensorFlow, NLP, Pandas",Data Scientist
"AWS, Airflow, GCP",Data Engineer
"GCP, Databricks, SQL, NoSQL, Spark, ETL",Data Engineer
"Power BI, Google Analytics, Statistics, Tableau, Excel, Data Visualization",Data Analyst
"Process Modeling, Visio, Tableau, SQL, Jira",Business Analyst
"Requirement Gathering, Stakeholder Management, Power BI",Business Analyst
"Google Analytics, SQL, Statistics, R, A/B Testing, Power BI",Data Analyst
"DAX, Data Warehousing, Power BI, Looker, SQL",BI Analyst
"MLOps, Python, AWS SageMaker, C++, PyTorch, Kubernetes",Machine Learning Engineer
"C++, Kubernetes, Git, Python",Machine Learning Engineer
"Databricks, Spark, SQL, ETL, Azure",Data Engineer
"Agile, Excel, Visio",Business Analyst
"SQL, Tableau, DAX, Data Warehousing, Power BI, Excel",BI Analyst
"SQL, ETL, QlikSense, Power BI",BI Analyst
"TensorFlow, Python, Scikit-learn",Data Scientist
"Python, Tableau, Google Analytics, Data Visualization",Data Analyst
"Databricks, AWS, SQL, Python, Azure",Data Engineer
"Stakeholder Management, Excel, Tableau, Requirement Gathering",Business Analyst
"C++, Docker, TensorFlow, MLOps",Machine Learning Engineer
"Machine Learning, Python, PyTorch",Data Scientist
"Looker, SQL, Data Warehousing",BI Analyst
"SQL, Power BI, Stakeholder Management, Excel, Requirement Gathering, Jira",Business Analyst
"Dashboarding, Power BI, SQL",BI Analyst
"Python, BigQuery, ETL, Snowflake, dbt, SQL",Analytics Engineer
"Airflow, Python, dbt, Git, ETL, Data Pipeline",Analytics Engineer
"Hadoop, AWS, Airflow, GCP, Spark",Data Engineer
"Tableau, QlikSense, Data Warehousing, Looker, SQL, Power BI",BI Analyst
"DAX, QlikSense, ETL",BI Analyst
"DAX, Excel, Looker",BI Analyst
"Git, Scikit-learn, Kubernetes, PyTorch, CI/CD, Docker",Machine Learning Engineer
"Python, TensorFlow, Computer Vision",Data Scientist
"Excel, SQL, Dashboarding, QlikSense, Looker",BI Analyst
"Git, Python, Snowflake, BigQuery",Analytics Engineer
"Pandas, PyTorch, NLP, Python, Computer Vision",Data Scientist
"Dashboarding, ETL, SQL",BI Analyst
"Statistics, Excel, Tableau, Google Analytics",Data Analyst
"Python, R, Statistics, Google Analytics, Tableau, Excel",Data Analyst
"Python, A/B Testing, SQL, Google Analytics, Power BI",Data Analyst
"Jira, Tableau, SQL, Excel, Power BI",Business Analyst
"NoSQL, Hadoop, SQL",Data Engineer
"Data Modeling, Python, BigQuery",Analytics Engineer
"Python, Snowflake, dbt",Analytics Engineer
"Stakeholder Management, Jira, Agile, Process Modeling, Requirement Gathering",Business Analyst
"SQL, Jira, Visio, Requirement Gathering, Stakeholder Management",Business Analyst
"C++, AWS SageMaker, TensorFlow, Scikit-learn",Machine Learning Engineer
"Python, SQL, NLP, Mathematics, Computer Vision",Data Scientist
"Excel, Data Visualization, Power BI, Google Analytics, SQL, Statistics",Data Analyst
"Stakeholder Management, Visio, Excel, Requirement Gathering",Business Analyst
"Git, Data Pipeline, Snowflake, SQL, BigQuery, dbt",Analytics Engineer
"Mathematics, NLP, Python",Data Scientist
"TensorFlow, Scikit-learn, SQL",Data Scientist
"Kubernetes, TensorFlow, Git",Machine Learning Engineer
"Power BI, ETL, Tableau, Data Warehousing, Excel",BI Analyst
"NLP, TensorFlow, Scikit-learn",Data Scientist
"Jira, Excel, Agile, Visio, Requirement Gathering",Business Analyst
"DAX, QlikSense, Dashboarding, Data Warehousing",BI Analyst
"Jira, Process Modeling, Stakeholder Management",Business Analyst
"R, Excel, Google Analytics, A/B Testing, Statistics, Tableau",Data Analyst
"Jira, Excel, Requirement Gathering",Business Analyst
"Tableau, Visio, Power BI",Business Analyst
"Airflow, ETL, Snowflake, Data Modeling",Analytics Engineer
"Docker, Scikit-learn, Python, C++, Git",Machine Learning Engineer
"Data Pipeline, Python, BigQuery, ETL, Git, Snowflake",Analytics Engineer
"Google Analytics, Excel, Data Visualization, Statistics, A/B Testing",Data Analyst
"R, Tableau, Excel, A/B Testing, Data Visualization, Google Analytics",Data Analyst
"Airflow, Python, ETL, dbt, Data Pipeline, BigQuery",Analytics Engineer
"Looker, Power BI, QlikSense, ETL, Dashboarding",BI Analyst
"Spark, SQL, GCP, Hadoop, Azure, Kafka",Data Engineer
"SQL, Python, Power BI, Data Visualization, Excel",Data Analyst
"Snowflake, Git, Data Pipeline, Airflow, ETL, BigQuery",Analytics Engineer
"Jira, SQL, Agile",Business Analyst
"SQL, ETL, Python",Data Engineer
"Visio, SQL, Jira",Business Analyst
"Tableau, Data Warehousing, ETL, DAX",BI Analyst
"DAX, Tableau, ETL, Power BI, QlikSense, Looker",BI Analyst
"Dashboarding, DAX, QlikSense",BI Analyst
"Python, TensorFlow, Kubernetes, AWS SageMaker, Git, MLOps",Machine Learning Engineer
"Process Modeling, Requirement Gathering, Tableau, SQL, Agile, Power BI",Business Analyst
"SQL, Excel, Tableau, Data Warehousing, Dashboarding",BI Analyst
"Kubernetes, MLOps, TensorFlow, CI/CD",Machine Learning Engineer
"SQL, Deep Learning, Python, Mathematics, Machine Learning",Data Scientist
"Python, GCP, Databricks, NoSQL",Data Engineer
"Computer Vision, R, Machine Learning, Pandas, SQL",Data Scientist
"Scikit-learn, Machine Learning, Pandas, Python",Data Scientist
"GCP, Spark, Kafka",Data Engineer
"SQL, DAX, Looker, ETL",BI Analyst
"A/B Testing, Data Visualization, Python, Statistics, Excel",Data Analyst
"R, Computer Vision, PyTorch, Scikit-learn, NLP",Data Scientist
"PyTorch, Scikit-learn, CI/CD, Kubernetes",Machine Learning Engineer
"Python, PyTorch, R, Mathematics, Pandas",Data Scientist
"Airflow, AWS, SQL",Data Engineer
"Tableau, Agile, SQL, Jira",Business Analyst
"PyTorch, TensorFlow, C++, MLOps, CI/CD, Python",Machine Learning Engineer
"AWS SageMaker, PyTorch, Docker, C++, Git, Scikit-learn",Machine Learning Engineer
"A/B Testing, Tableau, SQL",Data Analyst
"TensorFlow, Computer Vision, Pandas, Python, Deep Learning",Data Scientist
"Process Modeling, Jira, Power BI, Visio, Requirement Gathering, SQL",Business Analyst
"Azure, Snowflake, NoSQL, Spark",Data Engineer
"SQL, ETL, Data Warehousing",BI Analyst
"Snowflake, Data Modeling, Data Pipeline",Analytics Engineer
"Pandas, Computer Vision, R, PyTorch, NLP",Data Scientist
"Dashboarding, Power BI, Excel, DAX, ETL, Data Warehousing",BI Analyst
"Power BI, A/B Testing, Google Analytics, R, SQL",Data Analyst
"MLOps, TensorFlow, Python, AWS SageMaker",Machine Learning Engineer
"Snowflake, Git, SQL, Data Modeling, ETL",Analytics Engineer
"Jira, Stakeholder Management, Requirement Gathering, Tableau, Power BI, Agile",Business Analyst
"Scikit-learn, PyTorch, AWS SageMaker",Machine Learning Engineer
"Power BI, Tableau, Agile, Jira, SQL, Process Modeling",Business Analyst
"QlikSense, Excel, Dashboarding",BI Analyst
"Tableau, Dashboarding, DAX, Looker, QlikSense, Power BI",BI Analyst
"Spark, AWS, Airflow, GCP, Kafka",Data Engineer
"AWS SageMaker, Git, C++, Docker, TensorFlow",Machine Learning Engineer
"C++, Git, CI/CD",Machine Learning Engineer
"SQL, Mathematics, Python",Data Scientist
"C++, AWS SageMaker, Kubernetes",Machine Learning Engineer
"Python, dbt, BigQuery, Data Modeling, Airflow, SQL",Analytics Engineer
"Snowflake, Spark, Airflow, Kafka, Azure, Databricks",Data Engineer
"Kubernetes, C++, Scikit-learn, MLOps, CI/CD, Python",Machine Learning Engineer
"QlikSense, Power BI, Looker",BI Analyst
"Power BI, Agile, Excel, Requirement Gathering",Business Analyst
"Scikit-learn, TensorFlow, Python, C++",Machine Learning Engineer
"Scikit-learn, Python, Kubernetes, AWS SageMaker, C++",Machine Learning Engineer
"BigQuery, ETL, Snowflake, SQL, Python",Analytics Engineer
"Google Analytics, Excel, A/B Testing, R, Statistics, Data Visualization",Data Analyst
"Power BI, ETL, DAX, Data Warehousing, SQL, Dashboarding",BI Analyst
"SQL, Machine Learning, Scikit-learn, TensorFlow, PyTorch, Mathematics",Data Scientist
"Scikit-learn, MLOps, CI/CD",Machine Learning Engineer
"R, A/B Testing, Data Visualization",Data Analyst
"Data Visualization, Excel, Google Analytics, Statistics, Power BI, R",Data Analyst
"A/B Testing, Tableau, Google Analytics",Data Analyst
"Kafka, NoSQL, ETL, Databricks",Data Engineer
"A/B Testing, Excel, Google Analytics, SQL, R",Data Analyst
"Snowflake, Airflow, Databricks, Kafka, Python",Data Engineer
"dbt, Data Modeling, BigQuery, Snowflake, SQL, Python",Analytics Engineer
"Agile, Stakeholder Management, Tableau, Power BI, Excel, SQL",Business Analyst
"Pandas, Machine Learning, NLP, PyTorch, Scikit-learn",Data Scientist
"Python, dbt, ETL",Analytics Engineer
"Requirement Gathering, Jira, Process Modeling",Business Analyst
"Deep Learning, Mathematics, PyTorch, Computer Vision, Pandas",Data Scientist
"A/B Testing, Power BI, Tableau",Data Analyst
"Excel, Tableau, Jira, Requirement Gathering",Business Analyst
"Python, R, Mathematics",Data Scientist
"Power BI, Process Modeling, Stakeholder Management, Agile, Requirement Gathering, Excel",Business Analyst
"Airflow, ETL, Databricks, NoSQL, SQL",Data Engineer
"Airflow, Python, Git, BigQuery, dbt, SQL",Analytics Engineer
"SQL, Tableau, Google Analytics, Statistics",Data Analyst
"Statistics, Tableau, Google Analytics, Excel",Data Analyst
"Visio, SQL, Excel, Tableau, Agile, Jira",Business Analyst
"Mathematics, Machine Learning, TensorFlow, Pandas, SQL",Data Scientist
"Jira, Excel, Agile",Business Analyst
"AWS SageMaker, CI/CD, TensorFlow, MLOps, C++",Machine Learning Engineer
"A/B Testing, R, Tableau, Power BI, SQL",Data Analyst
"SQL, Looker, ETL",BI Analyst
"Power BI, Requirement Gathering, Jira, Visio, Process Modeling, Excel",Business Analyst
"C++, Python, MLOps, Docker, CI/CD, Scikit-learn",Machine Learning Engineer
"Tableau, Stakeholder Management, SQL, Visio, Power BI",Business Analyst
"SQL, Azure, AWS, NoSQL, Python, ETL",Data Engineer
"C++, AWS SageMaker, Kubernetes, PyTorch",Machine Learning Engineer
"Azure, Python, ETL, Databricks",Data Engineer
"NoSQL, GCP, Airflow, Databricks, Azure, Kafka",Data Engineer
"SQL, Machine Learning, R, NLP, Computer Vision, PyTorch",Data Scientist
"C++, MLOps, Docker, AWS SageMaker, TensorFlow",Machine Learning Engineer
"PyTorch, R, Computer Vision",Data Scientist
"TensorFlow, Kubernetes, Python, CI/CD, Git, AWS SageMaker",Machine Learning Engineer
"QlikSense, DAX, Looker, Dashboarding, ETL, Power BI",BI Analyst
"Airflow, AWS, GCP, Kafka, NoSQL",Data Engineer
"AWS SageMaker, Kubernetes, Docker",Machine Learning Engineer
"Kubernetes, PyTorch, Docker, AWS SageMaker, Scikit-learn, MLOps",Machine Learning Engineer
"Visio, Requirement Gathering, Excel, Jira",Business Analyst
"QlikSense, Tableau, Dashboarding, ETL, Data Warehousing",BI Analyst
"DAX, SQL, Data Warehousing, ETL, Tableau",BI Analyst
"Tableau, SQL, Visio, Process Modeling",Business Analyst
"SQL, Excel, Data Warehousing, QlikSense, Tableau, DAX",BI Analyst
"TensorFlow, MLOps, Scikit-learn, AWS SageMaker",Machine Learning Engineer
"Jira, Tableau, Requirement Gathering, Visio, SQL",Business Analyst
"Process Modeling, Agile, Visio",Business Analyst
"Tableau, DAX, QlikSense, SQL, Data Warehousing, Power BI",BI Analyst
"PyTorch, MLOps, Kubernetes, Docker, Scikit-learn",Machine Learning Engineer
"PyTorch, Scikit-learn, Git",Machine Learning Engineer
"Spark, NoSQL, AWS",Data Engineer
"ETL, Databricks, AWS",Data Engineer
"NLP, Mathematics, PyTorch, Pandas, SQL, R",Data Scientist
"Snowflake, Git, SQL, Python, BigQuery, Airflow",Analytics Engineer
"Excel, Data Visualization, Google Analytics, Power BI, Statistics, Tableau",Data Analyst
"DAX, Power BI, Tableau",BI Analyst
"ETL, Looker, Data Warehousing, Power BI, Tableau, Excel",BI Analyst
"Kafka, Hadoop, ETL, Spark, AWS",Data Engineer
"MLOps, Docker, Git, Python, C++",Machine Learning Engineer
"PyTorch, Scikit-learn, Mathematics",Data Scientist
"Looker, QlikSense, Excel, Power BI, Data Warehousing",BI Analyst
"SQL, Requirement Gathering, Excel, Jira",Business Analyst
"CI/CD, C++, MLOps, PyTorch",Machine Learning Engineer
"SQL, Dashboarding, Power BI, Tableau, Looker, QlikSense",BI Analyst
"Snowflake, Airflow, Git, dbt, BigQuery",Analytics Engineer
"ETL, BigQuery, dbt, Airflow, Git",Analytics Engineer
"NLP, Mathematics, Machine Learning, TensorFlow, SQL",Data Scientist
"Power BI, Tableau, Excel",BI Analyst
"Snowflake, Data Pipeline, Data Modeling, BigQuery, ETL, SQL",Analytics Engineer
"Snowflake, Python, Data Pipeline, dbt, Airflow",Analytics Engineer
"Power BI, Excel, Stakeholder Management, Requirement Gathering, Agile",Business Analyst
"CI/CD, TensorFlow, AWS SageMaker, Scikit-learn, Docker, Python",Machine Learning Engineer
"PyTorch, Computer Vision, Python, Mathematics, TensorFlow, Machine Learning",Data Scientist
"SQL, dbt, Airflow",Analytics Engineer
"Docker, AWS SageMaker, Git, Python, TensorFlow",Machine Learning Engineer
"SQL, R, Data Visualization, Excel, Google Analytics",Data Analyst
"ETL, Looker, Data Warehousing, DAX",BI Analyst
"SQL, Looker, Data Warehousing, ETL, DAX, Excel",BI Analyst
"Power BI, Tableau, Jira, SQL, Visio, Excel",Business Analyst
"DAX, Looker, ETL, QlikSense, Tableau",BI Analyst
"SQL, Tableau, Python, A/B Testing",Data Analyst
"Excel, Power BI, Statistics",Data Analyst
"Jira, Requirement Gathering, Excel, Process Modeling, Agile, SQL",Business Analyst
"SQL, Excel, Jira",Business Analyst
"Google Analytics, Power BI, SQL, A/B Testing",Data Analyst
"Kafka, Python, Spark, Snowflake, NoSQL",Data Engineer
"Data Modeling, Git, ETL, Data Pipeline, Snowflake, Python",Analytics Engineer
"MLOps, Git, C++, Python, AWS SageMaker, Docker",Machine Learning Engineer
"ETL, Looker, Power BI, QlikSense",BI Analyst
"Data Warehousing, Looker, Power BI, SQL",BI Analyst
"Tableau, Jira, Requirement Gathering, Excel, Agile",Business Analyst
"SQL, Python, Snowflake",Analytics Engineer
"BigQuery, ETL, Python, Snowflake",Analytics Engineer
"Python, AWS, NoSQL, ETL, Spark",Data Engineer
"Power BI, DAX, Tableau",BI Analyst
"Scikit-learn, Mathematics, SQL, Deep Learning",Data Scientist
"AWS SageMaker, PyTorch, Kubernetes, MLOps, Git",Machine Learning Engineer
"GCP, SQL, AWS, ETL",Data Engineer
"ETL, Tableau, DAX, Dashboarding, Data Warehousing, SQL",BI Analyst
"Excel, Dashboarding, Tableau, ETL",BI Analyst
"Pandas, SQL, R, TensorFlow, Deep Learning, Computer Vision",Data Scientist
"Python, Data Modeling, Airflow",Analytics Engineer
"Data Pipeline, SQL, Airflow",Analytics Engineer
"ETL, Dashboarding, Looker, Excel, DAX, Power BI",BI Analyst
"Snowflake, Hadoop, Azure",Data Engineer
"Statistics, Tableau, Power BI, SQL",Data Analyst
"SQL, Spark, Python, Snowflake",Data Engineer
"SQL, DAX, QlikSense",BI Analyst
"C++, PyTorch, Kubernetes, MLOps",Machine Learning Engineer
"Jira, Process Modeling, Requirement Gathering, Power BI",Business Analyst
"SQL, Scikit-learn, Python, NLP, Machine Learning, Mathematics",Data Scientist
"A/B Testing, Data Visualization, Tableau, Excel",Data Analyst
"Data Pipeline, Airflow, Python, dbt, Data Modeling",Analytics Engineer
"Scikit-learn, AWS SageMaker, TensorFlow, MLOps",Machine Learning Engineer
"NoSQL, Databricks, GCP, SQL, Kafka",Data Engineer
"C++, AWS SageMaker, Git, PyTorch, Kubernetes",Machine Learning Engineer
"Tableau, Requirement Gathering, SQL, Excel, Jira",Business Analyst
"Excel, Looker, SQL",BI Analyst
"Python, CI/CD, AWS SageMaker, Docker",Machine Learning Engineer
"dbt, SQL, Data Modeling",Analytics Engineer
"Git, Python, TensorFlow, Docker, Kubernetes, Scikit-learn",Machine Learning Engineer
"Jira, Stakeholder Management, Excel, Tableau, Requirement Gathering",Business Analyst
"Deep Learning, TensorFlow, PyTorch, Computer Vision, Mathematics, Scikit-learn",Data Scientist
"SQL, Tableau, Requirement Gathering, Jira, Excel",Business Analyst
"Pandas, NLP, SQL, Scikit-learn",Data Scientist
"Computer Vision, PyTorch, Machine Learning, R, TensorFlow, SQL",Data Scientist
"Python, dbt, Snowflake, ETL, Data Modeling, BigQuery",Analytics Engineer
"Looker, Power BI, ETL",BI Analyst
"Looker, DAX, Tableau, Excel",BI Analyst
"Process Modeling, SQL, Jira, Excel, Requirement Gathering, Visio",Business Analyst
"Python, Machine Learning, Pandas, R, SQL",Data Scientist
"Tableau, Power BI, QlikSense",BI Analyst
"Requirement Gathering, SQL, Jira, Power BI, Process Modeling, Excel",Business Analyst
"NLP, Mathematics, TensorFlow, Machine Learning",Data Scientist
"Requirement Gathering, SQL, Power BI",Business Analyst
"Power BI, Excel, Data Visualization",Data Analyst
"Power BI, Excel, Data Warehousing, SQL",BI Analyst
"Excel, Jira, Visio, Power BI",Business Analyst
"Visio, Excel, Requirement Gathering, SQL, Tableau, Stakeholder Management",Business Analyst
"Data Visualization, Tableau, Google Analytics, SQL, Excel, R",Data Analyst
"QlikSense, Tableau, DAX, SQL",BI Analyst
"Excel, SQL, Visio, Tableau, Stakeholder Management",Business Analyst
"SQL, Statistics, Python, Google Analytics",Data Analyst
"ETL, SQL, Dashboarding, Data Warehousing",BI Analyst
"ETL, Hadoop, Spark, Azure",Data Engineer
"Docker, Kubernetes, PyTorch, Python",Machine Learning Engineer
"Visio, Excel, Stakeholder Management, Tableau",Business Analyst
"PyTorch, Python, Scikit-learn, Kubernetes, MLOps",Machine Learning Engineer
"Machine Learning, Pandas, Mathematics, Computer Vision, Scikit-learn",Data Scientist
"ETL, QlikSense, DAX",BI Analyst
"Tableau, Agile, SQL, Visio, Requirement Gathering, Excel",Business Analyst
"Docker, Python, CI/CD",Machine Learning Engineer
"SQL, Python, Excel, Google Analytics, Data Visualization, R",Data Analyst
"ETL, Kafka, Spark, SQL, Snowflake, GCP",Data Engineer
"A/B Testing, SQL, Power BI, Statistics, Data Visualization",Data Analyst
"Google Analytics, A/B Testing, Power BI, R, Tableau, Statistics",Data Analyst
"SQL, R, Machine Learning, Computer Vision, Pandas",Data Scientist
"Excel, SQL, Looker, DAX",BI Analyst
"AWS SageMaker, Python, PyTorch",Machine Learning Engineer
"Excel, Tableau, Power BI, Python, R, Data Visualization",Data Analyst
"Agile, Process Modeling, Jira, Tableau, Excel",Business Analyst
"BigQuery, Data Modeling, SQL",Analytics Engineer
"Databricks, Python, Snowflake, GCP, Azure",Data Engineer
"Process Modeling, Stakeholder Management, Tableau, Visio",Business Analyst
"TensorFlow, Deep Learning, PyTorch, R, Machine Learning",Data Scientist
"Hadoop, Spark, NoSQL, Azure, Python, Airflow",Data Engineer
"SQL, ETL, DAX",BI Analyst
"Azure, SQL, Kafka, GCP",Data Engineer
"AWS SageMaker, Kubernetes, MLOps",Machine Learning Engineer
"Spark, Python, AWS, Hadoop",Data Engineer
"Machine Learning, Python, SQL, Computer Vision, Pandas",Data Scientist
"Kubernetes, PyTorch, AWS SageMaker",Machine Learning Engineer
"Databricks, Hadoop, AWS, Python",Data Engineer
"MLOps, Git, AWS SageMaker",Machine Learning Engineer
"Looker, SQL, DAX, QlikSense, Dashboarding",BI Analyst
"PyTorch, MLOps, C++, Docker, AWS SageMaker, Scikit-learn",Machine Learning Engineer
"NLP, Deep Learning, Machine Learning, TensorFlow, Mathematics",Data Scientist
"SQL, Mathematics, Pandas, PyTorch",Data Scientist
"Python, R, SQL, Mathematics",Data Scientist
"Scikit-learn, Docker, TensorFlow, Python",Machine Learning Engineer
"Jira, Power BI, Tableau",Business Analyst
"AWS, Azure, ETL",Data Engineer
"Python, TensorFlow, MLOps, C++",Machine Learning Engineer
"Scikit-learn, PyTorch, TensorFlow",Data Scientist
"Deep Learning, Mathematics, Python, NLP, Computer Vision, TensorFlow",Data Scientist
"Tableau, Google Analytics, Power BI",Data Analyst
"Docker, Kubernetes, MLOps",Machine Learning Engineer
"C++, Docker, MLOps, Kubernetes, Git, TensorFlow",Machine Learning Engineer
"Kafka, SQL, Airflow, GCP, Python, Azure",Data Engineer
"ETL, QlikSense, Tableau",BI Analyst
"C++, TensorFlow, Docker, Python",Machine Learning Engineer
"Data Warehousing, Looker, ETL, SQL",BI Analyst
"Stakeholder Management, Power BI, Tableau, Process Modeling, Visio, Jira",Business Analyst
"Python, Git, C++, TensorFlow, PyTorch, MLOps",Machine Learning Engineer
"C++, Docker, Git, Python",Machine Learning Engineer
"R, Python, Statistics, A/B Testing, Tableau, SQL",Data Analyst
"ETL, Python, GCP",Data Engineer
"SQL, Mathematics, Machine Learning, TensorFlow, Computer Vision, NLP",Data Scientist
"Stakeholder Management, Tableau, Visio",Business Analyst
"Process Modeling, SQL, Power BI",Business Analyst
"Python, Excel, Tableau, SQL, Google Analytics, A/B Testing",Data Analyst
"Snowflake, AWS, Airflow, Databricks, Python, Azure",Data Engineer
"Python, ETL, Git, BigQuery",Analytics Engineer
"ETL, Snowflake, Python",Analytics Engineer
"Tableau, Dashboarding, SQL",BI Analyst
"Excel, Looker, Power BI, Data Warehousing, Tableau, DAX",BI Analyst
"Pandas, PyTorch, Scikit-learn",Data Scientist
"Snowflake, SQL, BigQuery",Analytics Engineer
"SQL, dbt, Python",Analytics Engineer
"SQL, Snowflake, dbt",Analytics Engineer
"GCP, NoSQL, Hadoop, Azure",Data Engineer
"Data Pipeline, ETL, SQL, Data Modeling",Analytics Engineer
"Python, Kafka, Snowflake, Azure, Databricks",Data Engineer
"AWS SageMaker, MLOps, CI/CD, Kubernetes",Machine Learning Engineer
"Looker, DAX, QlikSense",BI Analyst
"Git, MLOps, CI/CD, Scikit-learn",Machine Learning Engineer
"AWS, GCP, NoSQL, Spark, Snowflake, Databricks",Data Engineer
"Google Analytics, Python, Excel, Statistics, Power BI",Data Analyst
"Deep Learning, Computer Vision, Mathematics, R, Scikit-learn, TensorFlow",Data Scientist
"Git, dbt, Snowflake, Airflow, SQL, BigQuery",Analytics Engineer
"CI/CD, AWS SageMaker, PyTorch, Kubernetes, Python",Machine Learning Engineer
"Data Pipeline, Snowflake, ETL, dbt",Analytics Engineer
"Agile, Stakeholder Management, Tableau, Process Modeling, Excel, Requirement Gathering",Business Analyst
"Airflow, Snowflake, NoSQL",Data Engineer
"NoSQL, Azure, AWS",Data Engineer
"Looker, Excel, DAX",BI Analyst
"Excel, Python, Power BI",Data Analyst
"Data Modeling, Python, BigQuery, Airflow, Git",Analytics Engineer
"Data Pipeline, Git, ETL",Analytics Engineer
"Agile, Process Modeling, Power BI, SQL, Visio",Business Analyst
"SQL, Kafka, ETL",Data Engineer
"Tableau, R, Python",Data Analyst
"TensorFlow, Scikit-learn, Pandas, SQL, NLP, Mathematics",Data Scientist
"Tableau, Statistics, Power BI, Data Visualization",Data Analyst
"Airflow, SQL, Git, dbt",Analytics Engineer
"Airflow, ETL, Python, NoSQL, Snowflake, Hadoop",Data Engineer
"GCP, Azure, SQL",Data Engineer
"Data Pipeline, BigQuery, SQL, Data Modeling",Analytics Engineer
"MLOps, C++, TensorFlow, Kubernetes, AWS SageMaker",Machine Learning Engineer
"Google Analytics, Excel, Statistics, R",Data Analyst
"Power BI, DAX, Looker, ETL",BI Analyst
"Python, CI/CD, PyTorch",Machine Learning Engineer
"R, Scikit-learn, Mathematics, SQL, Pandas, Machine Learning",Data Scientist
"Power BI, Tableau, Jira",Business Analyst
"Agile, Jira, Excel, Tableau, SQL, Stakeholder Management",Business Analyst
"Dashboarding, Tableau, QlikSense, Data Warehousing, Looker, Power BI",BI Analyst
"Scikit-learn, C++, TensorFlow, PyTorch",Machine Learning Engineer
"Tableau, QlikSense, DAX, Looker, SQL, ETL",BI Analyst
"Stakeholder Management, Process Modeling, Excel, Jira",Business Analyst
"SQL, DAX, QlikSense, Excel, ETL, Dashboarding",BI Analyst
"A/B Testing, Statistics, Python, Data Visualization, Google Analytics",Data Analyst
"SQL, Python, NoSQL, ETL, Hadoop, Kafka",Data Engineer
"Power BI, SQL, Excel, R",Data Analyst
"Tableau, R, Python, Data Visualization, Google Analytics",Data Analyst
"NLP, Deep Learning, Python, Machine Learning, Scikit-learn",Data Scientist
"Python, ETL, Data Pipeline",Analytics Engineer
"Tableau, DAX, Looker",BI Analyst
"Docker, CI/CD, TensorFlow, Scikit-learn, AWS SageMaker",Machine Learning Engineer
"Python, Data Modeling, ETL, Snowflake",Analytics Engineer
"Agile, SQL, Jira, Stakeholder Management, Visio",Business Analyst
"SQL, Python, AWS, Azure, Airflow, Spark",Data Engineer
"SQL, Excel, Power BI, Tableau, Stakeholder Management, Process Modeling",Business Analyst
"A/B Testing, Excel, Power BI, Statistics",Data Analyst
"MLOps, AWS SageMaker, Kubernetes, Python",Machine Learning Engineer
"Process Modeling, Jira, SQL, Agile",Business Analyst
"Statistics, Tableau, R, Google Analytics, A/B Testing, SQL",Data Analyst
"Kubernetes, MLOps, Scikit-learn, Docker, AWS SageMaker, CI/CD",Machine Learning Engineer
"Excel, Looker, DAX",BI Analyst
"AWS, Hadoop, GCP, ETL, Azure, NoSQL",Data Engineer
"Airflow, Spark, Python, Azure, Snowflake",Data Engineer
"ETL, Python, SQL, Spark",Data Engineer
"Azure, GCP, Spark, NoSQL, AWS",Data Engineer
"ETL, Power BI, Data Warehousing, QlikSense",BI Analyst
"Dashboarding, Power BI, DAX",BI Analyst
"dbt, Git, SQL, Python, Data Pipeline, ETL",Analytics Engineer
"Tableau, Agile, Power BI, Process Modeling, Stakeholder Management",Business Analyst
"Git, BigQuery, Python, Data Modeling",Analytics Engineer
"Pandas, NLP, Computer Vision",Data Scientist
"Dashboarding, Data Warehousing, Looker, Excel, Power BI",BI Analyst
"AWS, Databricks, Hadoop, GCP, Kafka, ETL",Data Engineer
"Data Visualization, SQL, A/B Testing, Excel",Data Analyst
"Tableau, Dashboarding, Power BI",BI Analyst
"Data Pipeline, dbt, Git, BigQuery, ETL",Analytics Engineer
"DAX, SQL, Looker, Power BI, Excel, ETL",BI Analyst
"MLOps, PyTorch, TensorFlow",Machine Learning Engineer
"ETL, Looker, SQL, Excel",BI Analyst
"Excel, Visio, Stakeholder Management",Business Analyst
"Stakeholder Management, Tableau, Process Modeling, SQL",Business Analyst
"Power BI, Looker, SQL",BI Analyst
"C++, MLOps, Python, AWS SageMaker",Machine Learning Engineer
"Data Visualization, SQL, Statistics, Tableau",Data Analyst
"MLOps, C++, PyTorch, Python, TensorFlow, Scikit-learn",Machine Learning Engineer
"Power BI, Jira, Agile, Tableau",Business Analyst
"Tableau, Dashboarding, SQL, Looker",BI Analyst
"dbt, Data Modeling, Airflow, Data Pipeline, Snowflake",Analytics Engineer
"PyTorch, AWS SageMaker, Docker, Kubernetes, Scikit-learn",Machine Learning Engineer
"GCP, Kafka, Hadoop, Databricks, Airflow",Data Engineer
"Tableau, SQL, Stakeholder Management, Process Modeling, Requirement Gathering, Visio",Business Analyst
"Power BI, Excel, Python, SQL, A/B Testing",Data Analyst
"Excel, DAX, Tableau",BI Analyst
"Jira, Process Modeling, Visio, Tableau",Business Analyst
"Tableau, Statistics, Power BI",Data Analyst
"Airflow, BigQuery, Data Pipeline, Git, Snowflake, ETL",Analytics Engineer
"Machine Learning, NLP, Python",Data Scientist
"Excel, Python, Google Analytics, R",Data Analyst
"Python, AWS SageMaker, MLOps, Docker, TensorFlow, PyTorch",Machine Learning Engineer
"A/B Testing, Power BI, Statistics, Excel, Python, Google Analytics",Data Analyst
"Stakeholder Management, Process Modeling, Requirement Gathering",Business Analyst
"MLOps, C++, Kubernetes, Python",Machine Learning Engineer
"BigQuery, ETL, Python, Git",Analytics Engineer
"Python, Airflow, NoSQL, Azure, GCP, ETL",Data Engineer
"Agile, Requirement Gathering, Visio, Process Modeling",Business Analyst
"Docker, Kubernetes, Python, Scikit-learn, Git",Machine Learning Engineer
"Kafka, Snowflake, SQL, Databricks, Spark",Data Engineer
"Airflow, Hadoop, Spark, GCP, Azure, ETL",Data Engineer
"SQL, Scikit-learn, PyTorch, NLP",Data Scientist
"SQL, Power BI, ETL, DAX, Tableau, Data Warehousing",BI Analyst
"Visio, Power BI, Tableau, SQL, Stakeholder Management",Business Analyst
"SQL, dbt, ETL",Analytics Engineer
"Git, Data Modeling, dbt",Analytics Engineer
"Scikit-learn, Pandas, TensorFlow, R, PyTorch",Data Scientist
"Azure, Airflow, Spark, Hadoop, Snowflake, AWS",Data Engineer
"Python, PyTorch, SQL",Data Scientist
"SQL, Mathematics, PyTorch, Deep Learning, Machine Learning",Data Scientist
"Power BI, Requirement Gathering, Stakeholder Management, SQL, Tableau",Business Analyst
"Power BI, Process Modeling, Excel, Jira, Stakeholder Management, Tableau",Business Analyst
"Scikit-learn, Kubernetes, PyTorch, AWS SageMaker",Machine Learning Engineer
"Stakeholder Management, Agile, Visio, Excel, SQL",Business Analyst
"Python, PyTorch, TensorFlow, Pandas",Data Scientist
"AWS SageMaker, TensorFlow, Docker, MLOps, CI/CD, Kubernetes",Machine Learning Engineer
"TensorFlow, Mathematics, NLP, Scikit-learn, PyTorch",Data Scientist
"Snowflake, Kafka, Azure, GCP, Spark, Hadoop",Data Engineer
"Machine Learning, Pandas, R, SQL",Data Scientist
"Looker, Excel, Tableau",BI Analyst
"QlikSense, Data Warehousing, Looker, Excel, SQL, ETL",BI Analyst
"Machine Learning, PyTorch, Pandas, Scikit-learn, Computer Vision, Python",Data Scientist
"Stakeholder Management, Power BI, Agile, Visio, Excel",Business Analyst
"BigQuery, Airflow, Python, Data Pipeline, Git",Analytics Engineer
"Airflow, Data Modeling, ETL, Snowflake, Python, SQL",Analytics Engineer
"Visio, Process Modeling, Agile",Business Analyst
"QlikSense, SQL, Power BI, Tableau",BI Analyst
"Tableau, Python, Google Analytics, Statistics, Excel",Data Analyst
"ETL, BigQuery, Git",Analytics Engineer
"Tableau, Power BI, DAX",BI Analyst
"Data Warehousing, Power BI, QlikSense, Looker, SQL, DAX",BI Analyst
"Power BI, Tableau, Process Modeling, Excel",Business Analyst
"MLOps, PyTorch, Scikit-learn, AWS SageMaker",Machine Learning Engineer
"CI/CD, TensorFlow, Kubernetes, Python, Scikit-learn, MLOps",Machine Learning Engineer
"Data Modeling, Airflow, Python",Analytics Engineer
"AWS SageMaker, Kubernetes, Python, Git, CI/CD",Machine Learning Engineer
"CI/CD, Git, PyTorch, Docker, Python",Machine Learning Engineer
"Kafka, SQL, AWS",Data Engineer
"Python, MLOps, Scikit-learn, Kubernetes, AWS SageMaker, Docker",Machine Learning Engineer
"Computer Vision, Python, TensorFlow",Data Scientist
"Python, SQL, Statistics, Data Visualization, A/B Testing",Data Analyst
"dbt, Python, Snowflake, Data Modeling",Analytics Engineer
"Excel, QlikSense, Data Warehousing, Looker, DAX, Dashboarding",BI Analyst
"Visio, Power BI, Requirement Gathering, Stakeholder Management",Business Analyst
"Looker, Power BI, Tableau, ETL, Dashboarding, SQL",BI Analyst
"Tableau, QlikSense, Excel, ETL, SQL",BI Analyst
"TensorFlow, Deep Learning, Machine Learning, Scikit-learn",Data Scientist
"Excel, QlikSense, ETL",BI Analyst
"Data Warehousing, ETL, SQL",BI Analyst
"AWS, SQL, Python, Kafka, Spark, GCP",Data Engineer
"R, Statistics, Tableau",Data Analyst
"Computer Vision, Mathematics, Python, Pandas, Machine Learning",Data Scientist
"TensorFlow, Python, AWS SageMaker",Machine Learning Engineer
"Google Analytics, Data Visualization, SQL, Power BI",Data Analyst
"C++, AWS SageMaker, Scikit-learn",Machine Learning Engineer
"Excel, Statistics, Google Analytics, SQL",Data Analyst
"Git, MLOps, PyTorch, C++",Machine Learning Engineer
"Mathematics, Computer Vision, R, PyTorch, Machine Learning, Pandas",Data Scientist
"Snowflake, NoSQL, Spark, AWS",Data Engineer
"GCP, ETL, Snowflake, Airflow",Data Engineer
"ETL, AWS, Databricks, Snowflake",Data Engineer
"Python, Airflow, Data Modeling, Snowflake",Analytics Engineer
"Agile, Power BI, Excel",Business Analyst
"Databricks, Hadoop, Airflow",Data Engineer
"Git, Airflow, Data Modeling, Python",Analytics Engineer
"Python, ETL, Airflow, dbt, SQL, Data Pipeline",Analytics Engineer
"Visio, Agile, Jira, Requirement Gathering, Power BI, SQL",Business Analyst
"Deep Learning, SQL, PyTorch, Machine Learning, TensorFlow, Computer Vision",Data Scientist
"Tableau, SQL, A/B Testing",Data Analyst
"Machine Learning, Deep Learning, Pandas",Data Scientist
"Tableau, Agile, Stakeholder Management, Jira, Visio",Business Analyst
"Python, dbt, Data Pipeline, Snowflake",Analytics Engineer
"Power BI, SQL, Data Visualization, A/B Testing, Excel",Data Analyst
"Snowflake, Python, SQL, dbt, Git, BigQuery",Analytics Engineer
"AWS SageMaker, PyTorch, C++, MLOps, TensorFlow",Machine Learning Engineer
"C++, Kubernetes, Python, PyTorch, TensorFlow, CI/CD",Machine Learning Engineer
"NoSQL, Python, Kafka, Airflow, Snowflake",Data Engineer
"Machine Learning, PyTorch, Deep Learning",Data Scientist
"Computer Vision, PyTorch, Pandas, Python, Machine Learning, TensorFlow",Data Scientist
"DAX, Data Warehousing, Looker, SQL, Power BI, QlikSense",BI Analyst
"Computer Vision, TensorFlow, PyTorch",Data Scientist
"Data Visualization, Python, Tableau, A/B Testing, Statistics",Data Analyst
"dbt, Git, Python",Analytics Engineer
"Visio, Power BI, Stakeholder Management, Excel, Process Modeling, Jira",Business Analyst
"Computer Vision, PyTorch, Pandas, Deep Learning, TensorFlow, NLP",Data Scientist
"Requirement Gathering, Agile, Tableau, Stakeholder Management",Business Analyst
"SQL, Excel, Data Warehousing",BI Analyst
"Requirement Gathering, Jira, Power BI, Visio, Agile",Business Analyst
"Data Warehousing, Power BI, SQL",BI Analyst
"Looker, Excel, QlikSense, Tableau, DAX",BI Analyst
"Looker, QlikSense, Excel, Data Warehousing, DAX, Dashboarding",BI Analyst
"AWS, Databricks, Azure, Python, GCP, Kafka",Data Engineer
"DAX, Data Warehousing, Dashboarding",BI Analyst
"PyTorch, AWS SageMaker, TensorFlow, CI/CD, C++",Machine Learning Engineer
"Data Visualization, Power BI, A/B Testing, R, Statistics, Python",Data Analyst
"SQL, Power BI, Data Warehousing, Tableau, Looker, ETL",BI Analyst
"Excel, Tableau, Process Modeling, Requirement Gathering",Business Analyst
"ETL, Excel, QlikSense",BI Analyst
"Stakeholder Management, Jira, Tableau, Requirement Gathering, Power BI, Agile",Business Analyst
"BigQuery, Snowflake, Git, Data Modeling, SQL, dbt",Analytics Engineer
"Power BI, Python, A/B Testing, Statistics, SQL",Data Analyst
"Excel, Looker, SQL, Tableau",BI Analyst
"Agile, Tableau, Stakeholder Management, SQL, Excel, Requirement Gathering",Business Analyst
"Pandas, Machine Learning, Scikit-learn",Data Scientist
"Power BI, Excel, Tableau, SQL, DAX",BI Analyst
"C++, Git, MLOps, Scikit-learn, Python",Machine Learning Engineer
"Data Warehousing, Dashboarding, ETL, Tableau, DAX, QlikSense",BI Analyst
"Power BI, QlikSense, Dashboarding, DAX, Data Warehousing, SQL",BI Analyst
"Visio, Process Modeling, Stakeholder Management",Business Analyst
"Tableau, Data Visualization, Statistics",Data Analyst
"Agile, Visio, Requirement Gathering, SQL, Jira",Business Analyst
"NoSQL, GCP, Python, Kafka, SQL",Data Engineer
"Docker, TensorFlow, Git, MLOps",Machine Learning Engineer
"PyTorch, C++, Kubernetes",Machine Learning Engineer
"Machine Learning, NLP, Computer Vision",Data Scientist
"Python, Scikit-learn, Docker, Kubernetes, C++",Machine Learning Engineer
"SQL, Snowflake, Databricks",Data Engineer
"MLOps, Docker, Scikit-learn, TensorFlow, PyTorch, Git",Machine Learning Engineer
"Tableau, QlikSense, Power BI, DAX",BI Analyst
"Dashboarding, Data Warehousing, Tableau, DAX",BI Analyst
"PyTorch, NLP, Pandas, Python, Machine Learning",Data Scientist
"BigQuery, Snowflake, dbt, SQL, Python",Analytics Engineer
"Process Modeling, Agile, SQL, Excel, Jira, Stakeholder Management",Business Analyst
"Python, Tableau, Excel, SQL, Data Visualization, Google Analytics",Data Analyst
"AWS, GCP, NoSQL",Data Engineer
"Spark, Kafka, Airflow",Data Engineer
"SQL, Dashboarding, Tableau, ETL, DAX, Excel",BI Analyst
"Kafka, NoSQL, GCP, SQL, Databricks, Python",Data Engineer
"C++, TensorFlow, PyTorch, CI/CD",Machine Learning Engineer
"Stakeholder Management, Requirement Gathering, Power BI, SQL, Visio",Business Analyst
"Stakeholder Management, Jira, Excel, Requirement Gathering, Power BI, Visio",Business Analyst
"Process Modeling, Jira, Requirement Gathering, Agile, Stakeholder Management, Tableau",Business Analyst
"Statistics, SQL, R, A/B Testing, Tableau, Excel",Data Analyst
"AWS SageMaker, C++, Kubernetes, PyTorch, Git, Docker",Machine Learning Engineer
"Excel, SQL, Data Warehousing, DAX",BI Analyst
"Data Modeling, Airflow, SQL, ETL, Git",Analytics Engineer
"PyTorch, Deep Learning, SQL, Pandas, Python",Data Scientist
"Requirement Gathering, Stakeholder Management, Process Modeling, Jira, Power BI",Business Analyst
"C++, PyTorch, Scikit-learn",Machine Learning Engineer
"Excel, Requirement Gathering, Stakeholder Management, Jira, Tableau, Process Modeling",Business Analyst
"ETL, dbt, Airflow",Analytics Engineer
"MLOps, C++, Git",Machine Learning Engineer
"Python, Databricks, Airflow",Data Engineer
"Hadoop, Spark, Databricks, Airflow, Snowflake",Data Engineer
"SQL, AWS, Spark, Databricks",Data Engineer
"Python, R, Tableau, A/B Testing, Data Visualization, Google Analytics",Data Analyst
"Excel, Python, Statistics, Power BI",Data Analyst
"Excel, Power BI, QlikSense, ETL, Data Warehousing",BI Analyst
"NLP, Deep Learning, Computer Vision, Python, Pandas, Scikit-learn",Data Scientist
"Computer Vision, TensorFlow, R, Deep Learning, PyTorch, Machine Learning",Data Scientist
"Dashboarding, SQL, QlikSense, Excel",BI Analyst
"TensorFlow, Scikit-learn, R, Deep Learning",Data Scientist
"Excel, Power BI, Data Warehousing, Dashboarding",BI Analyst
"SQL, Power BI, Data Warehousing, QlikSense",BI Analyst
"PyTorch, Git, C++, Python, Kubernetes, Scikit-learn",Machine Learning Engineer
"R, TensorFlow, Mathematics",Data Scientist
"Python, Pandas, NLP, Scikit-learn, Computer Vision",Data Scientist
"Azure, Databricks, Snowflake, Hadoop",Data Engineer
"Docker, PyTorch, Kubernetes, TensorFlow, Git",Machine Learning Engineer
"Excel, SQL, Dashboarding",BI Analyst
"Requirement Gathering, Power BI, Stakeholder Management, Agile, SQL, Visio",Business Analyst
"Python, Snowflake, ETL",Analytics Engineer
"Stakeholder Management, Process Modeling, Excel, Power BI",Business Analyst
"Airflow, NoSQL, Hadoop, Kafka, AWS, ETL",Data Engineer
"Python, Git, Snowflake, ETL, Data Pipeline, BigQuery",Analytics Engineer
"SQL, Requirement Gathering, Power BI, Excel",Business Analyst
"TensorFlow, Python, SQL, Mathematics, NLP, R",Data Scientist
"Scikit-learn, TensorFlow, Python",Machine Learning Engineer
"Data Pipeline, ETL, SQL, Data Modeling",Analytics Engineer
"dbt, SQL, BigQuery, Snowflake, Python",Analytics Engineer
"PyTorch, Git, Python, Kubernetes, AWS SageMaker, Docker",Machine Learning Engineer
"NLP, Machine Learning, Mathematics, PyTorch",Data Scientist
"Stakeholder Management, Visio, Requirement Gathering, Process Modeling, Agile, Jira",Business Analyst
"Tableau, Stakeholder Management, Process Modeling, Jira",Business Analyst
"Excel, Process Modeling, Requirement Gathering, Visio",Business Analyst
"SQL, Statistics, A/B Testing, Tableau, Google Analytics, R",Data Analyst
"SQL, Snowflake, Data Modeling, dbt",Analytics Engineer
"Jira, Power BI, Tableau, Agile",Business Analyst
"NoSQL, AWS, SQL, Kafka",Data Engineer
"Scikit-learn, SQL, Machine Learning, Mathematics",Data Scientist
"Machine Learning, Mathematics, Pandas",Data Scientist
"Requirement Gathering, Process Modeling, SQL",Business Analyst
"Snowflake, ETL, NoSQL, Python, AWS",Data Engineer
"Jira, Visio, Process Modeling, Agile, Stakeholder Management, Excel",Business Analyst
"SQL, Databricks, AWS",Data Engineer
"Jira, Power BI, Agile, SQL, Tableau, Visio",Business Analyst
"Excel, DAX, Power BI, Data Warehousing, Tableau, ETL",BI Analyst
"R, Python, Pandas",Data Scientist
"Scikit-learn, R, Machine Learning, Python, TensorFlow, PyTorch",Data Scientist
"Snowflake, Python, Airflow, ETL",Analytics Engineer
"Data Visualization, R, Power BI, SQL",Data Analyst
"Kubernetes, Git, TensorFlow, AWS SageMaker, MLOps",Machine Learning Engineer
"Python, R, Power BI",Data Analyst
"Python, CI/CD, Kubernetes, AWS SageMaker",Machine Learning Engineer
"ETL, NoSQL, Hadoop",Data Engineer
"Airflow, SQL, NoSQL, GCP",Data Engineer
"Data Visualization, Excel, Statistics, R, SQL, Tableau",Data Analyst
"PyTorch, TensorFlow, Scikit-learn",Machine Learning Engineer
"Airflow, BigQuery, Snowflake, SQL",Analytics Engineer
"SQL, Python, Airflow, Snowflake, Azure, AWS",Data Engineer
"CI/CD, AWS SageMaker, PyTorch",Machine Learning Engineer
"Scikit-learn, Git, Docker",Machine Learning Engineer
"SQL, Google Analytics, Data Visualization",Data Analyst
"Python, Scikit-learn, TensorFlow, Mathematics, R, NLP",Data Scientist
"SQL, NLP, Machine Learning, Deep Learning, TensorFlow, R",Data Scientist
"Power BI, Excel, SQL, Tableau, Dashboarding, ETL",BI Analyst
"Power BI, Visio, Stakeholder Management",Business Analyst
"Airflow, SQL, Git, dbt",Analytics Engineer
"Looker, Excel, ETL, Dashboarding",BI Analyst
"TensorFlow, Mathematics, Deep Learning, Computer Vision",Data Scientist
"TensorFlow, PyTorch, Scikit-learn, NLP, SQL, Python",Data Scientist
"Mathematics, Machine Learning, Python, Deep Learning, SQL, NLP",Data Scientist
"Stakeholder Management, Excel, Visio, Jira, Power BI",Business Analyst
"Kafka, Snowflake, AWS, Spark, Databricks",Data Engineer
"Azure, AWS, GCP, Python",Data Engineer
"Jira, Visio, Power BI, Stakeholder Management",Business Analyst
"DAX, Dashboarding, Looker, SQL",BI Analyst
"TensorFlow, R, Python, Deep Learning",Data Scientist
"Spark, AWS, Azure, Snowflake",Data Engineer
"Jira, SQL, Visio",Business Analyst
"PyTorch, Git, C++, Scikit-learn, Python",Machine Learning Engineer
"Mathematics, Deep Learning, Scikit-learn, TensorFlow, PyTorch",Data Scientist
"A/B Testing, Power BI, Data Visualization, Statistics, Tableau, SQL",Data Analyst
"Docker, Scikit-learn, CI/CD, C++",Machine Learning Engineer
"Python, Kubernetes, Docker",Machine Learning Engineer
"SQL, Stakeholder Management, Visio",Business Analyst
"NoSQL, Azure, ETL",Data Engineer
"Snowflake, Databricks, SQL, ETL, Spark",Data Engineer
"BigQuery, Python, Git, ETL, Data Pipeline, SQL",Analytics Engineer
"Git, Data Modeling, Airflow, Python",Analytics Engineer
"SQL, Data Pipeline, BigQuery, Snowflake",Analytics Engineer
"Data Visualization, SQL, Google Analytics, Tableau, A/B Testing, Power BI",Data Analyst
"Excel, Python, Power BI, Statistics",Data Analyst
"Data Visualization, Google Analytics, SQL, Python, Statistics, Tableau",Data Analyst
"Azure, Hadoop, Snowflake, Airflow, Kafka",Data Engineer
"Jira, Power BI, Agile, SQL",Business Analyst
"ETL, SQL, Looker, Tableau",BI Analyst
"Data Modeling, ETL, Airflow",Analytics Engineer
"Pandas, PyTorch, NLP, SQL, Mathematics, Machine Learning",Data Scientist
"Tableau, A/B Testing, Python, R",Data Analyst
"ETL, Python, NoSQL, Spark",Data Engineer
"Computer Vision, TensorFlow, Deep Learning, R, Pandas",Data Scientist
"AWS, Spark, Kafka",Data Engineer
"QlikSense, Power BI, Tableau",BI Analyst
"NoSQL, Snowflake, GCP, Hadoop",Data Engineer
"Docker, C++, AWS SageMaker, MLOps, Scikit-learn, Git",Machine Learning Engineer
"AWS SageMaker, Docker, MLOps, Kubernetes, Scikit-learn, CI/CD",Machine Learning Engineer
"MLOps, Python, Scikit-learn",Machine Learning Engineer
"CI/CD, Docker, Python",Machine Learning Engineer
"R, TensorFlow, Python, Machine Learning, Scikit-learn, Deep Learning",Data Scientist
"PyTorch, Kubernetes, Git, Scikit-learn, Python, MLOps",Machine Learning Engineer
"Data Modeling, Data Pipeline, Airflow, SQL, Python, Snowflake",Analytics Engineer
"Dashboarding, Data Warehousing, Looker, ETL, Power BI",BI Analyst
"Excel, SQL, QlikSense, DAX, Data Warehousing",BI Analyst
"Excel, Jira, Agile, SQL, Visio, Power BI",Business Analyst
"Git, C++, Docker, Kubernetes, MLOps, TensorFlow",Machine Learning Engineer
"Kubernetes, CI/CD, Python",Machine Learning Engineer
"Databricks, ETL, SQL, NoSQL",Data Engineer
"Process Modeling, SQL, Excel, Requirement Gathering, Tableau, Power BI",Business Analyst
"Data Pipeline, SQL, ETL, BigQuery",Analytics Engineer
"CI/CD, C++, Kubernetes, TensorFlow, MLOps",Machine Learning Engineer
"Dashboarding, Looker, ETL, SQL",BI Analyst
"Statistics, Excel, Python",Data Analyst
"DAX, SQL, Tableau, ETL, Looker",BI Analyst
"Python, Data Pipeline, dbt, Airflow",Analytics Engineer
"Computer Vision, Scikit-learn, TensorFlow, SQL",Data Scientist
"Power BI, Python, Statistics, Tableau, Data Visualization",Data Analyst
"ETL, Azure, SQL, Hadoop, Databricks, AWS",Data Engineer
"SQL, DAX, Excel, Dashboarding",BI Analyst
"Snowflake, Airflow, Git, Data Pipeline, SQL, Python",Analytics Engineer
"NLP, TensorFlow, Pandas, Deep Learning",Data Scientist
"dbt, SQL, Data Modeling",Analytics Engineer
"Tableau, A/B Testing, R, Excel, SQL, Power BI",Data Analyst
"Spark, AWS, ETL, Hadoop, GCP",Data Engineer
"NoSQL, SQL, Spark, Databricks, AWS, Airflow",Data Engineer
"AWS, Python, Kafka, Azure",Data Engineer
"CI/CD, Git, C++, MLOps",Machine Learning Engineer
"Excel, Power BI, Statistics",Data Analyst
"TensorFlow, Docker, AWS SageMaker, Kubernetes, C++",Machine Learning Engineer
"R, Computer Vision, Machine Learning",Data Scientist
"Data Visualization, Google Analytics, Python, R, Tableau, SQL",Data Analyst
"Scikit-learn, MLOps, Git, Python, TensorFlow",Machine Learning Engineer
"Airflow, Data Modeling, BigQuery",Analytics Engineer
"R, SQL, Excel, Tableau, Python, Data Visualization",Data Analyst
"Power BI, Tableau, Looker, Dashboarding",BI Analyst
"Power BI, Visio, Process Modeling",Business Analyst
"Data Pipeline, BigQuery, ETL, dbt, Git, Data Modeling",Analytics Engineer
"Azure, Spark, GCP, Databricks, Snowflake",Data Engineer
"Data Warehousing, DAX, Dashboarding",BI Analyst
"Mathematics, Deep Learning, PyTorch, Pandas, NLP",Data Scientist
"SQL, Excel, Google Analytics, A/B Testing, Python, Statistics",Data Analyst
"Kubernetes, MLOps, C++, Git, Docker, PyTorch",Machine Learning Engineer
"Dashboarding, Power BI, Data Warehousing, Tableau, DAX",BI Analyst
"ETL, Tableau, Excel",BI Analyst
"Requirement Gathering, Power BI, Tableau",Business Analyst
"Agile, Jira, Tableau, Excel, Stakeholder Management",Business Analyst
"Power BI, SQL, Data Visualization",Data Analyst
"Deep Learning, SQL, TensorFlow, R, Pandas, Python",Data Scientist
"Dashboarding, Power BI, DAX, SQL, QlikSense",BI Analyst
"GCP, NoSQL, Python, Snowflake",Data Engineer
"TensorFlow, Git, AWS SageMaker, Python",Machine Learning Engineer
"Python, SQL, Snowflake, Data Pipeline",Analytics Engineer
"Python, R, Excel, SQL, Tableau",Data Analyst
"Azure, Airflow, Hadoop, ETL",Data Engineer
"C++, MLOps, TensorFlow, Git",Machine Learning Engineer
"Tableau, Statistics, Python, Google Analytics",Data Analyst
"Looker, DAX, Tableau, SQL, Data Warehousing",BI Analyst
"ETL, Git, Python, Snowflake, Data Modeling",Analytics Engineer
"Python, Excel, R, Power BI, Google Analytics, SQL",Data Analyst
"Git, MLOps, Python",Machine Learning Engineer
"Airflow, SQL, Data Pipeline, Data Modeling, Snowflake, BigQuery",Analytics Engineer
"Pandas, SQL, Computer Vision, PyTorch, NLP, Mathematics",Data Scientist
"Agile, Requirement Gathering, Process Modeling, SQL",Business Analyst
"R, SQL, Python",Data Analyst
"C++, Scikit-learn, PyTorch, TensorFlow",Machine Learning Engineer
"GCP, Airflow, Databricks",Data Engineer
"QlikSense, Power BI, Looker",BI Analyst
"Data Warehousing, ETL, Dashboarding, Power BI",BI Analyst
"Snowflake, Data Modeling, Data Pipeline, ETL",Analytics Engineer
"Statistics, SQL, Google Analytics, Excel, Power BI",Data Analyst
"QlikSense, Tableau, DAX, Data Warehousing, Dashboarding, Excel",BI Analyst
"Statistics, A/B Testing, Excel, Python, SQL",Data Analyst
"Docker, C++, TensorFlow, Scikit-learn, CI/CD, Kubernetes",Machine Learning Engineer
"Data Visualization, R, SQL",Data Analyst
"Data Modeling, dbt, Data Pipeline, BigQuery, SQL",Analytics Engineer
"dbt, ETL, Snowflake, BigQuery",Analytics Engineer
"Airflow, Data Modeling, Snowflake",Analytics Engineer
"Git, Snowflake, BigQuery, Data Pipeline",Analytics Engineer
"ETL, dbt, Snowflake",Analytics Engineer
"Power BI, Excel, DAX",BI Analyst
"Power BI, Looker, Excel",BI Analyst
"CI/CD, Python, C++, Git",Machine Learning Engineer
"Statistics, A/B Testing, Excel, Tableau, Google Analytics, Data Visualization",Data Analyst
"MLOps, Git, TensorFlow, C++, Python, Scikit-learn",Machine Learning Engineer
"C++, Kubernetes, MLOps, AWS SageMaker, Scikit-learn, CI/CD",Machine Learning Engineer
"QlikSense, Dashboarding, Power BI, DAX",BI Analyst
"dbt, ETL, Git, Airflow, Snowflake, BigQuery",Analytics Engineer
"SQL, Data Visualization, Tableau, Excel, Statistics, R",Data Analyst
"Excel, ETL, Data Warehousing, QlikSense",BI Analyst
"SQL, R, Tableau, A/B Testing, Excel",Data Analyst
"Git, Snowflake, dbt, ETL",Analytics Engineer
"Jira, Tableau, SQL, Power BI, Requirement Gathering",Business Analyst
"Stakeholder Management, Agile, Power BI, Excel, Jira, Tableau",Business Analyst
"dbt, Python, SQL, Data Modeling, Git, Data Pipeline",Analytics Engineer
"C++, PyTorch, CI/CD, TensorFlow, MLOps, Docker",Machine Learning Engineer
"Snowflake, Git, SQL, Data Pipeline, BigQuery",Analytics Engineer
"Tableau, Process Modeling, SQL, Excel",Business Analyst
"Snowflake, Airflow, NoSQL, GCP",Data Engineer
"Tableau, Looker, QlikSense, DAX, Excel",BI Analyst
"dbt, Airflow, Data Modeling, Python, Snowflake, Data Pipeline",Analytics Engineer
"GCP, Python, Spark",Data Engineer
"Tableau, Power BI, Looker, QlikSense, DAX, Excel",BI Analyst
"Machine Learning, Deep Learning, PyTorch, NLP",Data Scientist
"SQL, Power BI, Stakeholder Management, Tableau, Excel, Jira",Business Analyst
"Stakeholder Management, Excel, Agile, Power BI, Visio",Business Analyst
"ETL, Tableau, Power BI, Dashboarding, Excel",BI Analyst
"BigQuery, Git, Python, Snowflake, ETL",Analytics Engineer
"R, Excel, Statistics, Google Analytics, SQL, A/B Testing",Data Analyst
"CI/CD, C++, AWS SageMaker, Docker, Scikit-learn",Machine Learning Engineer
"Data Warehousing, Looker, Tableau, DAX",BI Analyst
"R, Google Analytics, Tableau, A/B Testing, Power BI",Data Analyst
"Power BI, A/B Testing, Python, SQL, Tableau, R",Data Analyst
"Mathematics, Machine Learning, Computer Vision, NLP",Data Scientist
"Kafka, Spark, Python, Snowflake, Hadoop",Data Engineer
"ETL, QlikSense, SQL, Data Warehousing, Dashboarding",BI Analyst
"Python, PyTorch, SQL, NLP",Data Scientist
"Python, Pandas, R",Data Scientist
"CI/CD, AWS SageMaker, Git",Machine Learning Engineer
"BigQuery, Airflow, SQL, ETL",Analytics Engineer
"SQL, Data Warehousing, Excel",BI Analyst
"SQL, Mathematics, Machine Learning",Data Scientist
"ETL, Snowflake, Python, dbt",Analytics Engineer
"MLOps, Docker, Kubernetes, TensorFlow",Machine Learning Engineer
"Power BI, ETL, Tableau, DAX, Dashboarding, QlikSense",BI Analyst
"Excel, SQL, Dashboarding",BI Analyst
"Kubernetes, C++, TensorFlow, CI/CD",Machine Learning Engineer
"ETL, Power BI, Excel, Looker, Data Warehousing, DAX",BI Analyst
"AWS, NoSQL, GCP, Python",Data Engineer
"Kubernetes, CI/CD, TensorFlow, MLOps, PyTorch, Scikit-learn",Machine Learning Engineer
"Visio, Power BI, Process Modeling, Tableau, Agile, Jira",Business Analyst
"Looker, Data Warehousing, QlikSense",BI Analyst
"Spark, Kafka, AWS, Snowflake",Data Engineer
"Process Modeling, Jira, Requirement Gathering",Business Analyst
"Hadoop, Azure, NoSQL, GCP, Kafka",Data Engineer
"PyTorch, R, Deep Learning",Data Scientist
"Statistics, Python, Google Analytics, R, SQL",Data Analyst
"Azure, GCP, AWS",Data Engineer
"Tableau, Python, Power BI, A/B Testing, Google Analytics, Data Visualization",Data Analyst
"Kafka, AWS, Airflow",Data Engineer
"Data Warehousing, ETL, Dashboarding",BI Analyst
"A/B Testing, Tableau, R, Excel, Python",Data Analyst
"Visio, SQL, Requirement Gathering",Business Analyst
"ETL, Data Pipeline, Python, Snowflake, Airflow",Analytics Engineer
"Snowflake, BigQuery, dbt",Analytics Engineer
"Deep Learning, SQL, PyTorch, R",Data Scientist
"Jira, Visio, SQL, Process Modeling, Tableau, Excel",Business Analyst
"BigQuery, dbt, SQL",Analytics Engineer
"Airflow, Data Pipeline, Git, ETL, Snowflake",Analytics Engineer
"Excel, SQL, Looker, QlikSense",BI Analyst
"Machine Learning, R, Mathematics, TensorFlow",Data Scientist
"Requirement Gathering, Process Modeling, Visio, Tableau",Business Analyst
"Python, NLP, Deep Learning",Data Scientist
"Power BI, SQL, QlikSense, Excel",BI Analyst
"PyTorch, Scikit-learn, NLP, Python, SQL",Data Scientist
"Docker, PyTorch, CI/CD, C++",Machine Learning Engineer
"Spark, ETL, Azure, Hadoop, Python, NoSQL",Data Engineer
"Spark, Airflow, ETL, Hadoop, Kafka, NoSQL",Data Engineer
"Kafka, Databricks, GCP, Spark, Snowflake, ETL",Data Engineer
"Power BI, Agile, Visio, Requirement Gathering",Business Analyst
"NLP, Deep Learning, R, Pandas, PyTorch",Data Scientist
"dbt, Data Modeling, Git",Analytics Engineer
"Git, Snowflake, SQL, Data Modeling",Analytics Engineer
"Docker, Kubernetes, AWS SageMaker, CI/CD, C++, Python",Machine Learning Engineer
"Snowflake, SQL, Python",Analytics Engineer
"Visio, Agile, Tableau, Power BI",Business Analyst
"Agile, Process Modeling, Tableau",Business Analyst
"Data Warehousing, Tableau, Power BI",BI Analyst
"Data Visualization, Google Analytics, Python, A/B Testing, R, Tableau",Data Analyst
"SQL, AWS, Spark, Hadoop, GCP",Data Engineer
"CI/CD, Docker, C++",Machine Learning Engineer
"Python, Tableau, Excel, R, Data Visualization, SQL",Data Analyst
"Databricks, NoSQL, SQL, Python, Spark",Data Engineer
"Power BI, Statistics, R, Data Visualization, Excel, SQL",Data Analyst
"Data Warehousing, ETL, QlikSense",BI Analyst
"R, Google Analytics, Python, Power BI, SQL, Statistics",Data Analyst
"Python, AWS, ETL, Hadoop, Airflow",Data Engineer
"Databricks, Kafka, NoSQL, Python",Data Engineer
"ETL, Power BI, Excel, Data Warehousing, Tableau",BI Analyst
"C++, PyTorch, Docker, CI/CD, Scikit-learn, AWS SageMaker",Machine Learning Engineer
"Python, Git, dbt, SQL, ETL, Airflow",Analytics Engineer
"Excel, A/B Testing, Tableau, Power BI, Google Analytics",Data Analyst
"R, Excel, Data Visualization, A/B Testing, SQL, Statistics",Data Analyst
"Data Modeling, Python, Airflow",Analytics Engineer
"Machine Learning, NLP, Scikit-learn, Deep Learning, Computer Vision",Data Scientist
"Tableau, Excel, Requirement Gathering, Visio",Business Analyst
"Statistics, SQL, Excel, R",Data Analyst
"NoSQL, Kafka, SQL, Hadoop",Data Engineer
"ETL, Excel, Data Warehousing",BI Analyst
"Statistics, Tableau, Power BI, R, Data Visualization, A/B Testing",Data Analyst
"Data Pipeline, ETL, BigQuery, Airflow",Analytics Engineer
"Excel, Tableau, SQL, QlikSense, Data Warehousing",BI Analyst
"QlikSense, Tableau, SQL",BI Analyst
"DAX, Looker, ETL",BI Analyst
"Visio, SQL, Excel, Tableau",Business Analyst
"Visio, Agile, Requirement Gathering, Power BI",Business Analyst
"Pandas, Python, SQL, Computer Vision",Data Scientist
"Snowflake, dbt, ETL",Analytics Engineer
"NoSQL, SQL, ETL, GCP, Azure",Data Engineer
"Requirement Gathering, Process Modeling, Power BI, SQL, Stakeholder Management, Agile",Business Analyst
"Tableau, ETL, Power BI, DAX, SQL",BI Analyst
"Tableau, Power BI, Agile",Business Analyst
"TensorFlow, Python, PyTorch",Data Scientist
"Computer Vision, Mathematics, Scikit-learn",Data Scientist
"DAX, SQL, Tableau, Dashboarding, ETL",BI Analyst
"DAX, SQL, Data Warehousing",BI Analyst
"Data Pipeline, SQL, Git, dbt",Analytics Engineer
"Power BI, Excel, Process Modeling",Business Analyst
"SQL, Data Visualization, Power BI, R",Data Analyst
"R, Machine Learning, SQL, TensorFlow, Python, Deep Learning",Data Scientist
"QlikSense, Looker, Power BI, Tableau, ETL",BI Analyst
"Spark, Airflow, GCP, SQL, Snowflake",Data Engineer
"Dashboarding, QlikSense, Looker, Excel",BI Analyst
"dbt, SQL, BigQuery",Analytics Engineer
"SQL, Pandas, Machine Learning, Mathematics, Computer Vision",Data Scientist
"SQL, Mathematics, Python",Data Scientist
"Python, NoSQL, Hadoop, GCP, Spark",Data Engineer
"Deep Learning, Machine Learning, Python, Scikit-learn",Data Scientist
"Deep Learning, Computer Vision, NLP, PyTorch, Machine Learning, SQL",Data Scientist
"Deep Learning, Pandas, PyTorch",Data Scientist
"Excel, Visio, SQL, Stakeholder Management",Business Analyst
"Machine Learning, SQL, Mathematics, Python, TensorFlow",Data Scientist
"Excel, SQL, Tableau, Stakeholder Management, Agile",Business Analyst
"Airflow, Python, BigQuery, ETL",Analytics Engineer
"BigQuery, ETL, dbt",Analytics Engineer
"Python, Excel, Statistics, SQL, Google Analytics",Data Analyst
"Requirement Gathering, Tableau, Agile, SQL, Excel, Visio",Business Analyst
"Docker, PyTorch, CI/CD, C++",Machine Learning Engineer
"SQL, Git, dbt, Python, BigQuery, ETL",Analytics Engineer
"ETL, DAX, Data Warehousing, Dashboarding",BI Analyst
"Python, C++, Kubernetes, CI/CD, Git",Machine Learning Engineer
"PyTorch, MLOps, CI/CD, AWS SageMaker, Git, Python",Machine Learning Engineer
"Data Warehousing, DAX, Looker",BI Analyst
"Data Pipeline, Python, Data Modeling, Git, BigQuery",Analytics Engineer
"Computer Vision, R, Machine Learning",Data Scientist
"Tableau, ETL, DAX",BI Analyst
"Looker, QlikSense, Data Warehousing, Dashboarding, SQL, Power BI",BI Analyst
"Power BI, Statistics, SQL, Data Visualization, Google Analytics, Python",Data Analyst
"Python, Google Analytics, Data Visualization, R",Data Analyst
"Git, Airflow, SQL, ETL, Data Pipeline",Analytics Engineer
"Data Visualization, Power BI, SQL, Excel, Tableau, A/B Testing",Data Analyst
"TensorFlow, Computer Vision, Machine Learning, Python, Deep Learning",Data Scientist
"A/B Testing, Google Analytics, Excel",Data Analyst
"PyTorch, Docker, Git, TensorFlow, AWS SageMaker, Python",Machine Learning Engineer
"Requirement Gathering, Excel, Visio",Business Analyst
"Kafka, Python, Hadoop, NoSQL, Airflow",Data Engineer
"ETL, NoSQL, Spark, AWS",Data Engineer
"Data Pipeline, dbt, ETL, Git, BigQuery",Analytics Engineer
"Tableau, Power BI, Jira",Business Analyst
"Excel, Agile, Stakeholder Management",Business Analyst
"Looker, Power BI, DAX, Excel, QlikSense",BI Analyst
"ETL, Snowflake, Data Modeling, Airflow, dbt, Python",Analytics Engineer
"SQL, Power BI, Excel, Looker",BI Analyst
"Power BI, Data Warehousing, ETL, Looker, QlikSense, SQL",BI Analyst
"Kubernetes, Git, C++",Machine Learning Engineer
"DAX, ETL, Power BI, Excel, Data Warehousing",BI Analyst
"SQL, ETL, Data Pipeline",Analytics Engineer
"Computer Vision, Python, TensorFlow, R, SQL, Mathematics",Data Scientist
"Python, R, Power BI, Excel",Data Analyst
"Google Analytics, Statistics, R, SQL",Data Analyst
"SQL, Python, Statistics, R, Excel",Data Analyst
"Computer Vision, PyTorch, Mathematics, Scikit-learn, SQL",Data Scientist
"Excel, Power BI, QlikSense, DAX, Data Warehousing",BI Analyst
"Stakeholder Management, Agile, Jira, Visio, Power BI, Process Modeling",Business Analyst
"Excel, Tableau, R, Power BI",Data Analyst
"Hadoop, Python, ETL, GCP, Kafka",Data Engineer
"Power BI, SQL, Tableau, Dashboarding",BI Analyst
"NoSQL, Databricks, ETL, Snowflake, AWS",Data Engineer
"SQL, Visio, Requirement Gathering, Jira, Tableau",Business Analyst
"Dashboarding, Excel, Tableau, ETL, DAX, Data Warehousing",BI Analyst
"Databricks, SQL, Kafka",Data Engineer
"Google Analytics, SQL, Statistics, A/B Testing",Data Analyst
"Dashboarding, Looker, Data Warehousing, DAX, Tableau, QlikSense",BI Analyst
"AWS SageMaker, CI/CD, Git, C++, MLOps, TensorFlow",Machine Learning Engineer
"Dashboarding, DAX, Data Warehousing, QlikSense, Looker, Power BI",BI Analyst
"Agile, Tableau, Excel, Process Modeling",Business Analyst
"PyTorch, C++, TensorFlow, MLOps",Machine Learning Engineer
"Python, C++, PyTorch, Git, CI/CD, Scikit-learn",Machine Learning Engineer
"dbt, Snowflake, Data Pipeline",Analytics Engineer
"NLP, Scikit-learn, TensorFlow, SQL",Data Scientist
"Data Modeling, Python, dbt",Analytics Engineer
"R, TensorFlow, PyTorch, NLP, Computer Vision",Data Scientist
"Kafka, Databricks, Python, Azure",Data Engineer
"PyTorch, CI/CD, Scikit-learn, Kubernetes, MLOps",Machine Learning Engineer
"Airflow, Snowflake, Python, BigQuery, Data Pipeline, Git",Analytics Engineer
"Scikit-learn, NLP, R, Python, SQL",Data Scientist
"Excel, SQL, Python, R, Statistics, A/B Testing",Data Analyst
"Hadoop, Databricks, Airflow, SQL, Spark, Python",Data Engineer
"GCP, ETL, Spark",Data Engineer
"Kubernetes, Git, PyTorch, AWS SageMaker",Machine Learning Engineer
"Jira, Stakeholder Management, Power BI, Process Modeling",Business Analyst
"CI/CD, TensorFlow, Python, AWS SageMaker, MLOps",Machine Learning Engineer
"Power BI, Process Modeling, Agile, SQL, Excel",Business Analyst
"Computer Vision, Python, Mathematics",Data Scientist
"Git, Airflow, Snowflake, Python",Analytics Engineer
"Data Warehousing, Power BI, Looker, QlikSense",BI Analyst
"Databricks, Snowflake, AWS",Data Engineer
"QlikSense, Dashboarding, Excel",BI Analyst
"ETL, SQL, Data Warehousing, Dashboarding, Tableau",BI Analyst
"QlikSense, SQL, Tableau, DAX, Excel",BI Analyst
"Python, Kafka, Snowflake, ETL",Data Engineer
"Stakeholder Management, Process Modeling, Excel",Business Analyst
"SQL, BigQuery, Snowflake, Python, Data Modeling, Airflow",Analytics Engineer
"Python, A/B Testing, Statistics, Tableau, R",Data Analyst
"PyTorch, Git, TensorFlow, C++, CI/CD, MLOps",Machine Learning Engineer
"Process Modeling, Excel, Stakeholder Management, Visio, Tableau",Business Analyst
"C++, MLOps, Docker, Scikit-learn",Machine Learning Engineer
"TensorFlow, Deep Learning, Mathematics, Pandas, Machine Learning",Data Scientist
"Databricks, GCP, Airflow, Python, SQL",Data Engineer
"ETL, SQL, Spark, Kafka",Data Engineer
"Process Modeling, Requirement Gathering, Visio, SQL",Business Analyst
"GCP, Snowflake, ETL, Databricks",Data Engineer
"Snowflake, BigQuery, dbt",Analytics Engineer
"PyTorch, Deep Learning, NLP, Machine Learning",Data Scientist
"Tableau, Visio, Jira, SQL, Excel, Requirement Gathering",Business Analyst
"R, Tableau, Python, Google Analytics, A/B Testing, SQL",Data Analyst
"Dashboarding, Excel, ETL, Power BI, Tableau, QlikSense",BI Analyst
"Python, BigQuery, Airflow, Data Modeling, Snowflake",Analytics Engineer
"PyTorch, Python, TensorFlow",Machine Learning Engineer
"Snowflake, Data Modeling, Data Pipeline, Python, ETL",Analytics Engineer
"NLP, Machine Learning, Pandas",Data Scientist
"Excel, Agile, Tableau, Jira",Business Analyst
"Kubernetes, TensorFlow, Python, MLOps, AWS SageMaker",Machine Learning Engineer
"Data Modeling, Snowflake, Data Pipeline",Analytics Engineer
"Git, C++, CI/CD",Machine Learning Engineer
"Snowflake, SQL, Hadoop, Azure",Data Engineer
"Python, Computer Vision, Scikit-learn",Data Scientist
"Snowflake, ETL, Git",Analytics Engineer
"dbt, Data Pipeline, Git, Python, BigQuery, Airflow",Analytics Engineer
"Visio, Power BI, Stakeholder Management, Tableau, SQL",Business Analyst
"Statistics, Python, SQL, Tableau, Power BI, Data Visualization",Data Analyst
"SQL, Looker, DAX, Excel, Power BI, Data Warehousing",BI Analyst
"Airflow, Data Pipeline, Data Modeling, Snowflake, dbt, Git",Analytics Engineer
"ETL, Snowflake, Git, dbt, Python",Analytics Engineer
"Deep Learning, R, Pandas, Computer Vision, Mathematics, Machine Learning",Data Scientist
"Hadoop, Databricks, Azure",Data Engineer
"C++, Scikit-learn, AWS SageMaker, Docker, TensorFlow, MLOps",Machine Learning Engineer
"R, SQL, Python, Google Analytics, Statistics",Data Analyst
"SQL, Data Visualization, Google Analytics, A/B Testing, Power BI, Statistics",Data Analyst
"TensorFlow, Python, Pandas",Data Scientist
"Docker, AWS SageMaker, CI/CD, Python, TensorFlow, C++",Machine Learning Engineer
"R, Google Analytics, SQL",Data Analyst
"Stakeholder Management, Power BI, SQL, Process Modeling",Business Analyst
"SQL, Data Warehousing, QlikSense, ETL, Dashboarding",BI Analyst
"Python, R, Mathematics",Data Scientist
"DAX, Looker, QlikSense, Power BI",BI Analyst
"AWS SageMaker, MLOps, CI/CD, C++, Git",Machine Learning Engineer
"dbt, Python, SQL, Git, Airflow",Analytics Engineer
"Looker, Data Warehousing, SQL, Power BI, Tableau",BI Analyst
"C++, Git, CI/CD",Machine Learning Engineer
"Mathematics, Computer Vision, Machine Learning, Deep Learning, R",Data Scientist
"Spark, Python, NoSQL, Hadoop, ETL, Databricks",Data Engineer
"Tableau, Excel, Jira",Business Analyst
"QlikSense, Excel, Looker, Power BI, SQL",BI Analyst
"Requirement Gathering, Agile, Visio",Business Analyst
"Airflow, Data Pipeline, Git, Data Modeling, SQL",Analytics Engineer
"Scikit-learn, TensorFlow, Kubernetes, Docker, PyTorch",Machine Learning Engineer
"NLP, Computer Vision, Deep Learning, Pandas, Machine Learning, Mathematics",Data Scientist
"dbt, SQL, Snowflake",Analytics Engineer
"Computer Vision, R, Python, Scikit-learn, NLP",Data Scientist
"Process Modeling, SQL, Tableau",Business Analyst
"Data Warehousing, DAX, Looker, Dashboarding",BI Analyst
"Requirement Gathering, Stakeholder Management, Visio, Power BI, SQL",Business Analyst
"Requirement Gathering, Stakeholder Management, Agile",Business Analyst
"BigQuery, Airflow, Snowflake, ETL, Python",Analytics Engineer
"Python, SQL, Data Pipeline",Analytics Engineer
"SQL, Tableau, Stakeholder Management, Process Modeling, Requirement Gathering, Excel",Business Analyst
"Pandas, TensorFlow, NLP, Deep Learning",Data Scientist
"Agile, Process Modeling, SQL, Stakeholder Management",Business Analyst
"Jira, Agile, Power BI, Requirement Gathering",Business Analyst
"Python, AWS, Databricks, Spark, GCP",Data Engineer
"MLOps, Python, Kubernetes",Machine Learning Engineer
"Airflow, dbt, Data Pipeline, ETL, BigQuery",Analytics Engineer
"Tableau, Jira, Process Modeling, Excel, Requirement Gathering, Visio",Business Analyst
"Data Pipeline, SQL, Snowflake, BigQuery, Data Modeling, dbt",Analytics Engineer
"Azure, Databricks, SQL",Data Engineer
"Tableau, QlikSense, SQL, DAX",BI Analyst
"Databricks, Spark, Kafka, Hadoop",Data Engineer
"A/B Testing, Statistics, Power BI, Data Visualization, Google Analytics",Data Analyst
"Spark, AWS, SQL",Data Engineer
"SQL, Data Modeling, dbt",Analytics Engineer
"Requirement Gathering, Stakeholder Management, Tableau, Process Modeling, Power BI",Business Analyst
"Visio, Power BI, Stakeholder Management, Agile",Business Analyst
"Data Pipeline, Git, Data Modeling",Analytics Engineer
"SQL, Excel, Tableau, Power BI",BI Analyst
"Docker, Kubernetes, Scikit-learn, AWS SageMaker",Machine Learning Engineer
"Tableau, Dashboarding, Data Warehousing",BI Analyst
"PyTorch, Docker, Kubernetes, CI/CD, MLOps, Python",Machine Learning Engineer
"Agile, Visio, Jira, Power BI",Business Analyst
"SQL, Kafka, Hadoop, NoSQL, Databricks, AWS",Data Engineer
"QlikSense, Looker, SQL",BI Analyst
"Python, Databricks, Hadoop, ETL",Data Engineer
"Statistics, Python, Data Visualization, SQL",Data Analyst
"Requirement Gathering, Visio, Excel, Process Modeling",Business Analyst
"A/B Testing, Python, Excel, Power BI, Tableau",Data Analyst
"A/B Testing, R, Python, Tableau, Excel",Data Analyst
"Excel, Agile, Process Modeling, Requirement Gathering, Visio, Tableau",Business Analyst
"Tableau, Power BI, SQL, R",Data Analyst
"Looker, Excel, Dashboarding",BI Analyst
"ETL, QlikSense, Power BI, Looker",BI Analyst
"Excel, Dashboarding, QlikSense, ETL, SQL",BI Analyst
"R, A/B Testing, Google Analytics",Data Analyst
"Spark, NoSQL, SQL",Data Engineer
"Data Pipeline, Airflow, Snowflake, SQL",Analytics Engineer
"PyTorch, CI/CD, Docker, AWS SageMaker, Git",Machine Learning Engineer
"Python, Airflow, SQL",Data Engineer
"Git, PyTorch, AWS SageMaker, C++, Python, TensorFlow",Machine Learning Engineer
"AWS SageMaker, Python, Git, TensorFlow, Scikit-learn, C++",Machine Learning Engineer
"Power BI, SQL, Python, Statistics, Tableau, Excel",Data Analyst
"Power BI, Statistics, Excel, A/B Testing",Data Analyst
"Dashboarding, SQL, Excel, Power BI, Data Warehousing, ETL",BI Analyst
"Excel, Process Modeling, Power BI, Agile",Business Analyst
"SQL, Spark, GCP",Data Engineer
"Excel, Tableau, QlikSense, SQL, Data Warehousing",BI Analyst
"TensorFlow, NLP, Computer Vision, Scikit-learn, Machine Learning, Mathematics",Data Scientist
"SQL, dbt, Snowflake, Airflow, BigQuery, Data Modeling",Analytics Engineer
"BigQuery, Airflow, ETL",Analytics Engineer
"R, Python, Computer Vision, TensorFlow, Pandas",Data Scientist
"SQL, Data Pipeline, Python, Snowflake, Airflow",Analytics Engineer
"Snowflake, ETL, AWS",Data Engineer
"ETL, Git, Snowflake, Data Modeling, Data Pipeline, Airflow",Analytics Engineer
"ETL, Tableau, SQL, Power BI",BI Analyst
"TensorFlow, R, Scikit-learn, Pandas, Python, Machine Learning",Data Scientist
"Git, AWS SageMaker, PyTorch",Machine Learning Engineer
"Kubernetes, MLOps, C++, TensorFlow, Python, Docker",Machine Learning Engineer
"Git, ETL, Snowflake",Analytics Engineer
"Scikit-learn, Pandas, PyTorch, Python",Data Scientist
"Data Warehousing, SQL, Tableau, Power BI",BI Analyst
"Looker, Excel, ETL",BI Analyst
"TensorFlow, Scikit-learn, Computer Vision, PyTorch, R",Data Scientist
"Azure, Hadoop, AWS, Kafka",Data Engineer
"Pandas, Deep Learning, TensorFlow, Scikit-learn, NLP, R",Data Scientist
"Dashboarding, DAX, Power BI, Data Warehousing, QlikSense, Tableau",BI Analyst
"Docker, AWS SageMaker, Scikit-learn, TensorFlow, MLOps",Machine Learning Engineer
"Databricks, Python, Hadoop, NoSQL, ETL",Data Engineer
"Tableau, Agile, Requirement Gathering, Visio",Business Analyst
"Snowflake, NoSQL, Databricks, ETL, GCP",Data Engineer
"ETL, Python, NoSQL",Data Engineer
"Scikit-learn, Mathematics, NLP, SQL, Machine Learning",Data Scientist
"A/B Testing, Tableau, Statistics",Data Analyst
"TensorFlow, MLOps, Python, Kubernetes, AWS SageMaker, Git",Machine Learning Engineer
"Stakeholder Management, SQL, Tableau, Agile, Requirement Gathering, Power BI",Business Analyst
"Spark, Hadoop, SQL",Data Engineer
"dbt, Python, ETL",Analytics Engineer
"Git, Python, Docker, Kubernetes, TensorFlow, CI/CD",Machine Learning Engineer
"SQL, Tableau, R, Google Analytics, A/B Testing, Python",Data Analyst
"Snowflake, ETL, Airflow, SQL",Data Engineer
"Databricks, SQL, ETL, Azure, Hadoop",Data Engineer
"R, Data Visualization, Excel",Data Analyst
"Python, Snowflake, SQL, AWS, Databricks",Data Engineer
"Azure, NoSQL, AWS",Data Engineer
"Excel, Requirement Gathering, Process Modeling, Tableau",Business Analyst
"Excel, Process Modeling, Stakeholder Management, Agile, SQL",Business Analyst
"Pandas, Deep Learning, PyTorch",Data Scientist
"Python, SQL, AWS, Kafka, Databricks",Data Engineer
"Tableau, Requirement Gathering, SQL, Excel",Business Analyst
"Process Modeling, Agile, Excel, Visio, Stakeholder Management, Jira",Business Analyst
"Tableau, DAX, Dashboarding, Power BI",BI Analyst
"Statistics, Python, Tableau",Data Analyst
"PyTorch, MLOps, Git, CI/CD",Machine Learning Engineer
"ETL, DAX, Looker",BI Analyst
"PyTorch, CI/CD, MLOps, Python, C++, TensorFlow",Machine Learning Engineer
"Looker, SQL, QlikSense, Excel",BI Analyst
"Databricks, Azure, Python, NoSQL",Data Engineer
"Tableau, Python, Google Analytics, R",Data Analyst
"SQL, Excel, Tableau, DAX, Power BI",BI Analyst
"Google Analytics, Python, Statistics, A/B Testing, SQL",Data Analyst
"A/B Testing, Python, Statistics, SQL, Excel",Data Analyst
"Stakeholder Management, Visio, Power BI, SQL, Agile",Business Analyst
"Requirement Gathering, Stakeholder Management, Agile, SQL, Excel, Visio",Business Analyst
"SQL, Machine Learning, PyTorch, NLP, R, Computer Vision",Data Scientist
"Snowflake, Python, Hadoop",Data Engineer
"Snowflake, Hadoop, Airflow, NoSQL, ETL",Data Engineer
"Scikit-learn, R, Mathematics, PyTorch, Pandas",Data Scientist
"Excel, SQL, Statistics, Google Analytics, Data Visualization",Data Analyst
"Kubernetes, C++, PyTorch, Scikit-learn",Machine Learning Engineer
"Airflow, Snowflake, Git, Data Modeling, SQL, Data Pipeline",Analytics Engineer
"Data Modeling, Git, Airflow, dbt, ETL",Analytics Engineer
"A/B Testing, R, Google Analytics, Python",Data Analyst
"Power BI, A/B Testing, Python, Data Visualization, Excel, Tableau",Data Analyst
"ETL, Python, Airflow, SQL, Data Pipeline, dbt",Analytics Engineer
"Python, Snowflake, ETL, BigQuery, SQL",Analytics Engineer
"SQL, Machine Learning, Pandas, Deep Learning, Python",Data Scientist
"Power BI, Process Modeling, Jira, Stakeholder Management, Agile, Tableau",Business Analyst
"Computer Vision, Pandas, TensorFlow",Data Scientist
"SQL, NoSQL, Databricks, Airflow, GCP",Data Engineer
"Python, TensorFlow, AWS SageMaker, Kubernetes, Git, C++",Machine Learning Engineer
"R, A/B Testing, Google Analytics",Data Analyst
"Git, TensorFlow, PyTorch, MLOps, AWS SageMaker, Python",Machine Learning Engineer
"Tableau, Looker, QlikSense, Power BI, SQL, ETL",BI Analyst
"Computer Vision, Pandas, Python, SQL, PyTorch",Data Scientist
"Process Modeling, Excel, Visio",Business Analyst
"MLOps, Scikit-learn, Python, Git, AWS SageMaker, TensorFlow",Machine Learning Engineer
"Looker, Data Warehousing, ETL",BI Analyst
"R, TensorFlow, PyTorch, Python",Data Scientist
"Visio, Jira, Excel, Stakeholder Management, Process Modeling, SQL",Business Analyst
"Visio, Agile, Tableau, SQL, Requirement Gathering, Excel",Business Analyst
"Machine Learning, TensorFlow, Pandas, Computer Vision",Data Scientist
"Databricks, NoSQL, Airflow, SQL, Snowflake, Hadoop",Data Engineer
"BigQuery, ETL, Git, Snowflake, Data Modeling, Airflow",Analytics Engineer
"Azure, Snowflake, Hadoop, Python, GCP, Spark",Data Engineer
"Looker, Dashboarding, Tableau, Power BI, Excel, SQL",BI Analyst
"PyTorch, Scikit-learn, SQL",Data Scientist
"AWS SageMaker, MLOps, Scikit-learn",Machine Learning Engineer
"SQL, Python, Snowflake",Data Engineer
"Tableau, Data Visualization, Statistics, Google Analytics",Data Analyst
"AWS, ETL, Python, Snowflake",Data Engineer
"Pandas, Mathematics, R",Data Scientist
"Power BI, Tableau, SQL, Google Analytics, Python, Statistics",Data Analyst
"ETL, Airflow, Snowflake",Analytics Engineer
"Data Visualization, A/B Testing, Power BI, Python, Tableau, Excel",Data Analyst
"Power BI, Process Modeling, Tableau, Agile, SQL",Business Analyst
"Airflow, BigQuery, Python",Analytics Engineer
"Excel, Looker, Power BI, QlikSense",BI Analyst
"Docker, Kubernetes, Scikit-learn, Python",Machine Learning Engineer
"NoSQL, Azure, Snowflake, AWS, ETL, Airflow",Data Engineer
"Requirement Gathering, Power BI, Visio, Agile, Process Modeling, SQL",Business Analyst
"Google Analytics, R, Power BI, SQL, Python",Data Analyst
"Visio, SQL, Stakeholder Management, Process Modeling",Business Analyst
"Python, Statistics, R, Data Visualization, Excel",Data Analyst
"Stakeholder Management, Visio, Requirement Gathering, Process Modeling, Excel",Business Analyst
"Airflow, Azure, NoSQL",Data Engineer
"NoSQL, ETL, SQL",Data Engineer
"ETL, NoSQL, Hadoop, Spark",Data Engineer
"R, Excel, Power BI, A/B Testing, Data Visualization, Python",Data Analyst
"ETL, SQL, NoSQL, Azure, Kafka, Python",Data Engineer
"Power BI, Jira, Stakeholder Management, Visio",Business Analyst
"C++, CI/CD, Scikit-learn, MLOps, Kubernetes, TensorFlow",Machine Learning Engineer
"Looker, Excel, Power BI, SQL, ETL",BI Analyst
"Data Pipeline, BigQuery, Python, Airflow, ETL",Analytics Engineer
"Scikit-learn, Machine Learning, TensorFlow, R, Deep Learning, Python",Data Scientist
"Snowflake, ETL, AWS, GCP, Python, Spark",Data Engineer
"Snowflake, Spark, SQL",Data Engineer
"Visio, Stakeholder Management, Tableau, SQL, Excel, Power BI",Business Analyst
"BigQuery, SQL, Git, ETL, Data Pipeline, Python",Analytics Engineer
"Python, SQL, Data Pipeline",Analytics Engineer
"ETL, Dashboarding, Power BI",BI Analyst
"AWS, ETL, NoSQL, Airflow",Data Engineer
"Tableau, Python, Data Visualization",Data Analyst
"Power BI, Looker, ETL",BI Analyst
"Excel, DAX, Looker, QlikSense, SQL",BI Analyst
"Stakeholder Management, SQL, Excel, Tableau, Agile, Requirement Gathering",Business Analyst
"PyTorch, Pandas, Mathematics, Computer Vision, R, NLP",Data Scientist
"Deep Learning, Mathematics, Python, SQL",Data Scientist
"Power BI, Tableau, Stakeholder Management, Excel, Visio",Business Analyst
"Tableau, Agile, Power BI",Business Analyst
"Statistics, Power BI, Excel, R, Tableau",Data Analyst
"Looker, Excel, ETL, DAX",BI Analyst
"PyTorch, Docker, C++",Machine Learning Engineer
"QlikSense, Data Warehousing, SQL",BI Analyst
"TensorFlow, Pandas, Python, Scikit-learn, NLP, Machine Learning",Data Scientist
"Tableau, Jira, Visio, Process Modeling, Power BI",Business Analyst
"Spark, SQL, Snowflake, ETL, GCP",Data Engineer
"NLP, TensorFlow, Computer Vision, Deep Learning, Machine Learning, R",Data Scientist
"R, Pandas, Scikit-learn, Deep Learning, Machine Learning, SQL",Data Scientist
"Hadoop, SQL, Python, NoSQL",Data Engineer
"NoSQL, AWS, Airflow",Data Engineer
"Stakeholder Management, SQL, Agile, Power BI",Business Analyst
"Data Modeling, dbt, Python",Analytics Engineer
"Airflow, Snowflake, ETL, dbt, Data Pipeline",Analytics Engineer
"dbt, Python, SQL, ETL, Git",Analytics Engineer
"Mathematics, Scikit-learn, SQL",Data Scientist
"SQL, Data Modeling, dbt, BigQuery",Analytics Engineer
"Excel, Jira, Power BI",Business Analyst
"Airflow, AWS, Databricks",Data Engineer
"R, Machine Learning, NLP",Data Scientist
"Tableau, Jira, Excel, Agile, Process Modeling",Business Analyst
"NLP, Scikit-learn, Mathematics, SQL",Data Scientist
"dbt, Airflow, ETL, Data Pipeline, BigQuery, Python",Analytics Engineer
"Excel, DAX, Tableau, Power BI, ETL, SQL",BI Analyst
"Google Analytics, R, Power BI, Tableau, Statistics, Data Visualization",Data Analyst
"Airflow, Kafka, NoSQL, ETL, Snowflake",Data Engineer
"SQL, Looker, QlikSense, DAX, Tableau",BI Analyst
"Statistics, Data Visualization, SQL, Tableau",Data Analyst
"Python, PyTorch, Scikit-learn, Kubernetes, Git, MLOps",Machine Learning Engineer
"Pandas, Machine Learning, NLP, Deep Learning, Scikit-learn",Data Scientist
"Kubernetes, PyTorch, Scikit-learn",Machine Learning Engineer
"R, Power BI, Python, Google Analytics, Tableau",Data Analyst
"Power BI, Data Visualization, SQL",Data Analyst
"Python, Snowflake, AWS, NoSQL",Data Engineer
"Excel, SQL, Data Warehousing, ETL, Dashboarding",BI Analyst
"NLP, Computer Vision, Deep Learning",Data Scientist
"BigQuery, Git, Python, Data Pipeline, Snowflake",Analytics Engineer
"PyTorch, R, SQL, TensorFlow, Pandas, Scikit-learn",Data Scientist
"Python, AWS SageMaker, PyTorch, C++",Machine Learning Engineer
"Airflow, Kafka, AWS",Data Engineer
"Looker, ETL, QlikSense, Tableau",BI Analyst
"Computer Vision, Mathematics, TensorFlow, NLP, Machine Learning, Deep Learning",Data Scientist
"PyTorch, TensorFlow, Python, MLOps, Docker, AWS SageMaker",Machine Learning Engineer
"ETL, Snowflake, Airflow, Git, BigQuery",Analytics Engineer
"Looker, Excel, ETL, DAX, QlikSense, Tableau",BI Analyst
"AWS, Airflow, Spark, Azure, Hadoop, Kafka",Data Engineer
"CI/CD, Kubernetes, Docker, Git, TensorFlow, MLOps",Machine Learning Engineer
"Jira, Excel, Visio",Business Analyst
"Requirement Gathering, Stakeholder Management, Agile, Power BI",Business Analyst
"CI/CD, Kubernetes, C++, AWS SageMaker",Machine Learning Engineer
"Tableau, Looker, Dashboarding, DAX",BI Analyst
"Python, Data Modeling, dbt, Git, SQL",Analytics Engineer
"SQL, Excel, Stakeholder Management, Agile",Business Analyst
"Requirement Gathering, Agile, Excel",Business Analyst
"SQL, Tableau, ETL, DAX, QlikSense",BI Analyst
"Jira, Requirement Gathering, Visio, Power BI, SQL",Business Analyst
"Power BI, SQL, Data Visualization",Data Analyst
"Python, NLP, Machine Learning, Scikit-learn, R, Deep Learning",Data Scientist
"BigQuery, dbt, Data Modeling, Airflow, Git",Analytics Engineer
"Looker, DAX, Tableau",BI Analyst
"SQL, R, Python, Computer Vision",Data Scientist
"Google Analytics, Power BI, Python",Data Analyst
"Data Pipeline, Snowflake, dbt, Python, Data Modeling, SQL",Analytics Engineer
"Excel, A/B Testing, Google Analytics, Power BI",Data Analyst
"NoSQL, Python, SQL",Data Engineer
"BigQuery, Git, Data Modeling, SQL, Python",Analytics Engineer
"NoSQL, Hadoop, Azure, Python, GCP",Data Engineer
"SQL, ETL, NoSQL",Data Engineer
"SQL, Requirement Gathering, Visio",Business Analyst
"Data Modeling, Python, SQL",Analytics Engineer
"BigQuery, Data Pipeline, SQL, dbt, Snowflake",Analytics Engineer
"GCP, Hadoop, Airflow, Python, Kafka",Data Engineer
"SQL, Data Pipeline, Snowflake, Python, Git, dbt",Analytics Engineer
"Python, dbt, Data Pipeline, Snowflake",Analytics Engineer
"SQL, Statistics, Google Analytics, Python",Data Analyst
"Excel, Data Visualization, Tableau, A/B Testing, Power BI, Statistics",Data Analyst
"A/B Testing, Statistics, Excel, Data Visualization",Data Analyst
"Tableau, R, Python, Power BI, Excel, Statistics",Data Analyst
"GCP, Python, Azure, Kafka",Data Engineer
"Excel, SQL, Python",Data Analyst
"Kubernetes, AWS SageMaker, MLOps",Machine Learning Engineer
"PyTorch, TensorFlow, Scikit-learn, Kubernetes, Git",Machine Learning Engineer
"ETL, DAX, Excel, Dashboarding",BI Analyst
"R, Excel, Tableau, Python, Google Analytics, Statistics",Data Analyst
"C++, CI/CD, Scikit-learn, AWS SageMaker, PyTorch, Docker",Machine Learning Engineer
"dbt, Data Modeling, BigQuery, SQL",Analytics Engineer
"Hadoop, NoSQL, Spark",Data Engineer
"Agile, Requirement Gathering, Excel, Process Modeling",Business Analyst
"Excel, Data Warehousing, ETL",BI Analyst
"Azure, NoSQL, AWS, Kafka",Data Engineer
"BigQuery, Python, dbt",Analytics Engineer
"CI/CD, Python, Scikit-learn, Kubernetes, AWS SageMaker, TensorFlow",Machine Learning Engineer
"QlikSense, Data Warehousing, SQL, Looker, Power BI, Tableau",BI Analyst
"A/B Testing, SQL, Tableau",Data Analyst
"Statistics, Power BI, Data Visualization, SQL, Google Analytics, A/B Testing",Data Analyst
"SQL, Tableau, Looker, Power BI, QlikSense",BI Analyst
"Pandas, Mathematics, TensorFlow",Data Scientist
"Git, Data Pipeline, Python, SQL, ETL, dbt",Analytics Engineer
"PyTorch, Python, Deep Learning",Data Scientist
"NoSQL, Python, Airflow, Spark, ETL, Azure",Data Engineer
"R, Pandas, Scikit-learn, NLP",Data Scientist
"Visio, Process Modeling, SQL, Requirement Gathering, Stakeholder Management",Business Analyst
"C++, Docker, MLOps",Machine Learning Engineer
"Excel, Data Warehousing, QlikSense, SQL",BI Analyst
"Power BI, Data Warehousing, Excel, QlikSense, Dashboarding, ETL",BI Analyst
"Excel, Visio, Tableau, Agile",Business Analyst
"Data Pipeline, Data Modeling, Snowflake, SQL",Analytics Engineer
"Snowflake, Azure, Databricks, GCP, Python",Data Engineer
"Data Modeling, Data Pipeline, SQL, Git, BigQuery",Analytics Engineer
"Tableau, Excel, A/B Testing, Power BI, SQL, Python",Data Analyst
"Data Warehousing, Tableau, DAX, QlikSense, Dashboarding",BI Analyst
"AWS, NoSQL, Kafka, Spark",Data Engineer
"Databricks, Airflow, AWS",Data Engineer
"SQL, Excel, Jira, Power BI, Stakeholder Management",Business Analyst
"DAX, Dashboarding, Tableau",BI Analyst
"Python, GCP, Databricks, Hadoop",Data Engineer
"Python, Scikit-learn, MLOps, C++",Machine Learning Engineer
"Google Analytics, Data Visualization, Excel, Power BI",Data Analyst
"dbt, Data Modeling, ETL, Git, Python, SQL",Analytics Engineer
"Tableau, Visio, Jira, Excel, Process Modeling, Power BI",Business Analyst
"Data Visualization, Google Analytics, Tableau",Data Analyst
"Git, CI/CD, Docker, TensorFlow, C++, Kubernetes",Machine Learning Engineer
"Statistics, R, Excel, A/B Testing",Data Analyst
"Dashboarding, DAX, Tableau, Power BI",BI Analyst
"Data Visualization, Google Analytics, A/B Testing",Data Analyst
"SQL, Airflow, ETL",Data Engineer
"SQL, ETL, AWS, GCP, Snowflake",Data Engineer
"Data Pipeline, Airflow, Snowflake, BigQuery, SQL, ETL",Analytics Engineer
"Stakeholder Management, Agile, SQL, Tableau, Process Modeling",Business Analyst
"dbt, Git, Data Modeling, SQL, Python",Analytics Engineer
"C++, Scikit-learn, TensorFlow, Git",Machine Learning Engineer
"Statistics, Google Analytics, Data Visualization",Data Analyst
"Kafka, AWS, GCP, Python, NoSQL",Data Engineer
"DAX, Tableau, Data Warehousing, SQL",BI Analyst
"Spark, GCP, Snowflake",Data Engineer
"Tableau, ETL, Dashboarding, QlikSense, SQL",BI Analyst
"Data Warehousing, Tableau, Looker, SQL, QlikSense",BI Analyst
"SQL, R, Data Visualization, A/B Testing, Tableau, Power BI",Data Analyst
"Process Modeling, Jira, SQL, Stakeholder Management, Tableau",Business Analyst
"NLP, R, TensorFlow, SQL",Data Scientist
"AWS SageMaker, MLOps, C++",Machine Learning Engineer
"Agile, Visio, Jira, SQL, Stakeholder Management",Business Analyst
"Databricks, NoSQL, Azure, Hadoop, Python, Snowflake",Data Engineer
"GCP, NoSQL, Airflow, Spark",Data Engineer
"BigQuery, Snowflake, dbt, Python, Airflow",Analytics Engineer
"Looker, Data Warehousing, DAX, SQL, Tableau, Dashboarding",BI Analyst
"Power BI, Visio, Tableau, Stakeholder Management",Business Analyst
"SQL, R, Python",Data Analyst
"Visio, Process Modeling, Requirement Gathering",Business Analyst
"Pandas, Scikit-learn, Mathematics, Python",Data Scientist
"NoSQL, Databricks, AWS, SQL, Azure, Airflow",Data Engineer
"Scikit-learn, PyTorch, Kubernetes",Machine Learning Engineer
"SQL, Power BI, Statistics",Data Analyst
"Snowflake, Data Pipeline, ETL",Analytics Engineer
"Data Modeling, SQL, Python, dbt",Analytics Engineer
"R, Google Analytics, Python, SQL, Tableau",Data Analyst
"Azure, Databricks, NoSQL",Data Engineer
"A/B Testing, Statistics, Tableau, Excel",Data Analyst
"Stakeholder Management, Tableau, Agile, Power BI, Requirement Gathering",Business Analyst
"Git, AWS SageMaker, Kubernetes, Scikit-learn",Machine Learning Engineer
"QlikSense, ETL, DAX, Data Warehousing",BI Analyst
"Scikit-learn, Mathematics, NLP, R, TensorFlow",Data Scientist
"SQL, AWS, Python, Spark",Data Engineer
"QlikSense, Power BI, Tableau, SQL, Looker",BI Analyst
"R, PyTorch, Scikit-learn, NLP, Computer Vision, Pandas",Data Scientist
"Power BI, Visio, Jira, Stakeholder Management, Process Modeling",Business Analyst
"Docker, TensorFlow, CI/CD, Kubernetes, Python, MLOps",Machine Learning Engineer
"Snowflake, Python, ETL, AWS, SQL, GCP",Data Engineer
"Data Warehousing, SQL, Tableau, Dashboarding",BI Analyst
"Mathematics, PyTorch, Scikit-learn",Data Scientist
"Dashboarding, Excel, ETL",BI Analyst
"PyTorch, C++, MLOps, AWS SageMaker",Machine Learning Engineer
"Kafka, Databricks, Hadoop, NoSQL",Data Engineer
"Python, Data Visualization, SQL",Data Analyst
"SQL, QlikSense, Power BI",BI Analyst
"Agile, Power BI, Requirement Gathering, SQL, Excel, Visio",Business Analyst
"AWS, Azure, GCP",Data Engineer
"R, SQL, A/B Testing, Data Visualization, Tableau",Data Analyst
"NLP, TensorFlow, Mathematics, SQL, Deep Learning",Data Scientist
"SQL, GCP, Hadoop, Azure",Data Engineer
"Tableau, Process Modeling, Jira, Stakeholder Management, Power BI",Business Analyst
"DAX, Excel, QlikSense, Looker, ETL, Tableau",BI Analyst
"SQL, Data Visualization, Power BI, Statistics, R",Data Analyst
"Python, Google Analytics, SQL, Excel, Statistics, Data Visualization",Data Analyst
"ETL, Git, Snowflake, SQL, Data Modeling",Analytics Engineer
"Excel, A/B Testing, Google Analytics",Data Analyst
"Stakeholder Management, Process Modeling, Jira, Agile, Power BI",Business Analyst
"Snowflake, ETL, Spark, Python",Data Engineer
"Python, R, PyTorch, Computer Vision, Mathematics",Data Scientist
"Machine Learning, TensorFlow, PyTorch, Pandas, Computer Vision",Data Scientist
"Python, Git, Data Pipeline, Snowflake",Analytics Engineer
"ETL, BigQuery, Git, Data Pipeline, Airflow",Analytics Engineer
"ETL, Git, dbt, Snowflake",Analytics Engineer
"SQL, DAX, Looker",BI Analyst
"AWS, Snowflake, NoSQL, Azure, GCP",Data Engineer
"AWS SageMaker, MLOps, Scikit-learn",Machine Learning Engineer
"Python, Git, Data Pipeline, Snowflake, SQL",Analytics Engineer
"Snowflake, ETL, Hadoop, Azure",Data Engineer
"BigQuery, Git, Data Modeling",Analytics Engineer
"Power BI, Statistics, Python, Tableau, R, SQL",Data Analyst
"ETL, Looker, Power BI, QlikSense",BI Analyst
"CI/CD, Git, Docker, Kubernetes, MLOps, TensorFlow",Machine Learning Engineer
"Git, Scikit-learn, CI/CD, MLOps",Machine Learning Engineer
"ETL, QlikSense, DAX, Looker, SQL, Dashboarding",BI Analyst
"Power BI, Stakeholder Management, Tableau, Jira",Business Analyst
"Statistics, R, SQL, Tableau",Data Analyst
"Snowflake, ETL, Python, SQL",Analytics Engineer
"Databricks, Snowflake, Python, SQL, GCP",Data Engineer
"Data Modeling, dbt, Git",Analytics Engineer
"SQL, QlikSense, Dashboarding, Tableau, Excel",BI Analyst
"Statistics, Excel, Tableau, SQL",Data Analyst
"Data Warehousing, QlikSense, Power BI, SQL, Dashboarding, DAX",BI Analyst
"Git, BigQuery, Data Modeling",Analytics Engineer
"Statistics, Excel, R",Data Analyst
"Scikit-learn, Python, Docker, Git, C++",Machine Learning Engineer
"Data Modeling, ETL, Data Pipeline, SQL, Python, Snowflake",Analytics Engineer
"Data Warehousing, Looker, QlikSense, Excel",BI Analyst
"Data Warehousing, QlikSense, Tableau, Excel, Dashboarding",BI Analyst
"Snowflake, Data Modeling, Git, dbt, BigQuery",Analytics Engineer
"Azure, Airflow, SQL, Python",Data Engineer
"Python, R, Computer Vision, PyTorch, NLP, Deep Learning",Data Scientist
"SQL, Airflow, Databricks, Hadoop",Data Engineer
"Mathematics, Deep Learning, TensorFlow, Scikit-learn, Machine Learning",Data Scientist
"Scikit-learn, R, Deep Learning",Data Scientist
"Requirement Gathering, Jira, Power BI, Tableau",Business Analyst
"NoSQL, ETL, Azure, Hadoop, Spark, GCP",Data Engineer
"Airflow, Python, Data Modeling, BigQuery",Analytics Engineer
"Power BI, Stakeholder Management, SQL, Tableau, Excel, Agile",Business Analyst
"Pandas, SQL, Machine Learning, Python",Data Scientist
"Azure, GCP, SQL",Data Engineer
"CI/CD, MLOps, TensorFlow, Scikit-learn, Docker, AWS SageMaker",Machine Learning Engineer
"Data Visualization, A/B Testing, Google Analytics, Python",Data Analyst
"Power BI, Excel, Visio, Tableau, Stakeholder Management, Agile",Business Analyst
"Pandas, SQL, Scikit-learn, Machine Learning, R, PyTorch",Data Scientist
"QlikSense, Data Warehousing, SQL, Power BI",BI Analyst
"ETL, Excel, DAX",BI Analyst
"Mathematics, Python, PyTorch, Deep Learning",Data Scientist
"ETL, Snowflake, GCP, Spark",Data Engineer
"PyTorch, Kubernetes, CI/CD, Docker, Scikit-learn, Git",Machine Learning Engineer
"QlikSense, DAX, Tableau, Dashboarding, Data Warehousing, Looker",BI Analyst
"QlikSense, Data Warehousing, Dashboarding, SQL",BI Analyst
"Excel, Data Visualization, Tableau, SQL, Google Analytics",Data Analyst
"Data Pipeline, Airflow, BigQuery, Python, ETL, Data Modeling",Analytics Engineer
"Excel, ETL, Power BI, QlikSense, SQL, Tableau",BI Analyst
"R, Mathematics, Scikit-learn, Deep Learning",Data Scientist
"Airflow, Git, Snowflake",Analytics Engineer
"Data Pipeline, SQL, ETL, Snowflake, Data Modeling",Analytics Engineer
"Git, Kubernetes, Docker",Machine Learning Engineer
"Dashboarding, ETL, DAX",BI Analyst
"QlikSense, Dashboarding, Tableau, DAX, ETL",BI Analyst
"Deep Learning, Python, PyTorch, Scikit-learn",Data Scientist
"SQL, Excel, R, Power BI, A/B Testing",Data Analyst
"Python, Machine Learning, Deep Learning",Data Scientist
"Agile, SQL, Jira, Tableau",Business Analyst
"BigQuery, dbt, Git, Data Modeling, SQL",Analytics Engineer
"Python, Deep Learning, PyTorch, Scikit-learn",Data Scientist
"Deep Learning, PyTorch, Pandas",Data Scientist
"Google Analytics, Python, R, Excel, A/B Testing",Data Analyst
"Tableau, Excel, Dashboarding, Looker, Data Warehousing",BI Analyst
"Excel, Statistics, R, Google Analytics, SQL",Data Analyst
"R, Google Analytics, Excel, Data Visualization, Statistics",Data Analyst
"Power BI, Excel, Stakeholder Management, SQL",Business Analyst
"dbt, Data Pipeline, Git, SQL",Analytics Engineer
"Looker, Excel, ETL, Dashboarding, Data Warehousing",BI Analyst
"Data Pipeline, ETL, Airflow, Data Modeling, Snowflake",Analytics Engineer
"MLOps, PyTorch, Kubernetes",Machine Learning Engineer
"ETL, Python, Azure, Spark",Data Engineer
"Airflow, SQL, GCP",Data Engineer
"Python, Scikit-learn, Pandas, PyTorch",Data Scientist
"Machine Learning, Deep Learning, NLP, Scikit-learn, Python, PyTorch",Data Scientist
"Python, dbt, Data Pipeline, Data Modeling, Git",Analytics Engineer
"TensorFlow, Machine Learning, Pandas",Data Scientist
"Kafka, Snowflake, Python",Data Engineer
"Excel, Process Modeling, Tableau",Business Analyst
"ETL, Power BI, Dashboarding",BI Analyst
"PyTorch, C++, CI/CD, MLOps, Scikit-learn, Git",Machine Learning Engineer
"ETL, Airflow, Git, BigQuery",Analytics Engineer
"Snowflake, Data Pipeline, Data Modeling",Analytics Engineer
"SQL, Hadoop, NoSQL, Kafka, Azure",Data Engineer
"Power BI, DAX, Excel, ETL, SQL, Data Warehousing",BI Analyst
"MLOps, PyTorch, Kubernetes, TensorFlow, AWS SageMaker, C++",Machine Learning Engineer
"Agile, Jira, Process Modeling, Visio",Business Analyst
"dbt, Snowflake, Airflow, BigQuery, Data Modeling",Analytics Engineer
"C++, AWS SageMaker, TensorFlow, Kubernetes, CI/CD",Machine Learning Engineer
"Statistics, R, Tableau",Data Analyst
"Excel, Tableau, SQL",BI Analyst
"Visio, Power BI, Excel, Jira",Business Analyst
"Dashboarding, Excel, DAX, Tableau",BI Analyst
"Excel, Requirement Gathering, Process Modeling, Tableau, SQL",Business Analyst
"Kubernetes, Scikit-learn, Git",Machine Learning Engineer
"NLP, PyTorch, Deep Learning, TensorFlow, Scikit-learn",Data Scientist
"dbt, Data Modeling, Git",Analytics Engineer
"Computer Vision, Pandas, NLP, SQL, Python",Data Scientist
"Dashboarding, DAX, ETL, SQL, Tableau",BI Analyst
"Data Modeling, BigQuery, Python",Analytics Engineer
"Tableau, Visio, Requirement Gathering, Power BI, Excel, Jira",Business Analyst
"Power BI, Data Warehousing, Tableau, Excel, QlikSense, DAX",BI Analyst
"SQL, Git, Airflow, Python, dbt",Analytics Engineer
"AWS, Spark, GCP, Databricks",Data Engineer
"A/B Testing, Power BI, R, Excel",Data Analyst
"R, SQL, Power BI, Data Visualization",Data Analyst
"MLOps, Python, C++, CI/CD",Machine Learning Engineer
"SQL, Statistics, Data Visualization, R, Excel",Data Analyst
"ETL, Git, dbt, BigQuery, Snowflake",Analytics Engineer
"Power BI, A/B Testing, R",Data Analyst
"Power BI, DAX, Tableau, Data Warehousing, SQL, QlikSense",BI Analyst
"Process Modeling, Agile, Requirement Gathering, Excel, Visio, Jira",Business Analyst
"Google Analytics, Power BI, SQL, Tableau",Data Analyst
"Machine Learning, Python, Scikit-learn, R",Data Scientist
"Data Visualization, Power BI, Google Analytics",Data Analyst
"SQL, Tableau, Looker",BI Analyst
"PyTorch, NLP, SQL, R, Python, Computer Vision",Data Scientist
"AWS, Azure, NoSQL, GCP",Data Engineer
"SQL, Excel, Power BI, Looker, ETL",BI Analyst
"Hadoop, Spark, ETL, AWS, SQL",Data Engineer
"Kafka, Python, Hadoop, Azure, GCP",Data Engineer
"Data Modeling, Airflow, SQL",Analytics Engineer
"Git, CI/CD, AWS SageMaker, Scikit-learn",Machine Learning Engineer
"Excel, Process Modeling, Visio, SQL, Power BI",Business Analyst
"Google Analytics, R, Data Visualization, Excel",Data Analyst
"QlikSense, Tableau, SQL",BI Analyst
"A/B Testing, Excel, Google Analytics",Data Analyst
"Spark, Snowflake, ETL",Data Engineer
"Git, CI/CD, Kubernetes, Scikit-learn, MLOps",Machine Learning Engineer
"Tableau, Jira, Requirement Gathering",Business Analyst
"R, Scikit-learn, Pandas, Computer Vision",Data Scientist
"Looker, DAX, Data Warehousing, ETL",BI Analyst
"Git, C++, TensorFlow",Machine Learning Engineer
"Google Analytics, SQL, Python",Data Analyst
"SQL, Jira, Process Modeling, Power BI",Business Analyst
"NLP, Machine Learning, R, Scikit-learn, TensorFlow",Data Scientist
"A/B Testing, Statistics, Excel, Data Visualization, SQL",Data Analyst
"AWS SageMaker, Scikit-learn, Kubernetes",Machine Learning Engineer
"Airflow, Data Pipeline, Data Modeling, BigQuery, Git, ETL",Analytics Engineer
"Power BI, A/B Testing, R, Data Visualization, Python, Excel",Data Analyst
"Looker, Excel, ETL, SQL",BI Analyst
"Power BI, Looker, Tableau, ETL, QlikSense, Excel",BI Analyst
"Google Analytics, Excel, Tableau, SQL",Data Analyst
"AWS SageMaker, Scikit-learn, PyTorch, Git",Machine Learning Engineer
"Tableau, QlikSense, Looker, ETL",BI Analyst
"Snowflake, AWS, GCP, Kafka",Data Engineer
"Airflow, Snowflake, Git, Data Modeling",Analytics Engineer
"Azure, Databricks, NoSQL, Python",Data Engineer
"MLOps, Scikit-learn, C++, TensorFlow, Docker",Machine Learning Engineer
"TensorFlow, AWS SageMaker, C++, Git",Machine Learning Engineer
"Google Analytics, Power BI, Excel, R, Python, SQL",Data Analyst
"SQL, Process Modeling, Excel, Visio, Tableau",Business Analyst
"NoSQL, GCP, Kafka, Snowflake",Data Engineer
"AWS, NoSQL, Kafka, Hadoop, ETL",Data Engineer
"Python, Docker, CI/CD, Kubernetes",Machine Learning Engineer
"Power BI, SQL, Jira",Business Analyst
"MLOps, Docker, Python",Machine Learning Engineer
"Stakeholder Management, Power BI, Visio",Business Analyst
"Statistics, A/B Testing, R",Data Analyst
"QlikSense, SQL, Tableau, Data Warehousing, ETL",BI Analyst
"Snowflake, Airflow, NoSQL, SQL",Data Engineer
"QlikSense, Data Warehousing, Looker, DAX",BI Analyst
"Jira, SQL, Process Modeling, Stakeholder Management",Business Analyst
"Excel, Tableau, A/B Testing",Data Analyst
"R, PyTorch, TensorFlow, Pandas, Computer Vision, Deep Learning",Data Scientist
"TensorFlow, NLP, Scikit-learn, Mathematics",Data Scientist
"Data Modeling, Data Pipeline, Git",Analytics Engineer
"SQL, Stakeholder Management, Tableau, Requirement Gathering, Agile",Business Analyst
"Stakeholder Management, Process Modeling, Requirement Gathering, Excel, Power BI",Business Analyst
"SQL, NoSQL, AWS",Data Engineer
"Python, Docker, AWS SageMaker, Scikit-learn, Git, MLOps",Machine Learning Engineer
"Data Visualization, Statistics, Tableau, Google Analytics",Data Analyst
"Stakeholder Management, Jira, SQL",Business Analyst
"ETL, Snowflake, BigQuery, SQL",Analytics Engineer
"Google Analytics, Statistics, Power BI, Excel",Data Analyst
"Data Modeling, Python, BigQuery, SQL",Analytics Engineer
"A/B Testing, R, Tableau, SQL, Power BI, Data Visualization",Data Analyst
"Computer Vision, PyTorch, R, Scikit-learn, Deep Learning",Data Scientist
"Excel, SQL, Power BI, Tableau",Business Analyst
"R, Excel, Google Analytics",Data Analyst
"Computer Vision, R, Python",Data Scientist
"Scikit-learn, TensorFlow, CI/CD",Machine Learning Engineer
"Hadoop, Airflow, NoSQL, Kafka, AWS, GCP",Data Engineer
"Python, Kubernetes, TensorFlow, Scikit-learn, Git, Docker",Machine Learning Engineer
"SQL, Airflow, AWS, Hadoop, Databricks, Snowflake",Data Engineer
"AWS SageMaker, Git, MLOps",Machine Learning Engineer
"Tableau, QlikSense, Power BI, Dashboarding, ETL",BI Analyst
"Power BI, Dashboarding, QlikSense, ETL, Data Warehousing, Excel",BI Analyst
"QlikSense, SQL, Looker",BI Analyst
"Data Warehousing, Dashboarding, ETL",BI Analyst
"Spark, GCP, ETL, Python, NoSQL",Data Engineer
"C++, Python, Git",Machine Learning Engineer
"AWS SageMaker, CI/CD, TensorFlow, PyTorch, Python, Docker",Machine Learning Engineer
"Databricks, Hadoop, Python, GCP, SQL, AWS",Data Engineer
"Snowflake, BigQuery, Data Pipeline",Analytics Engineer
"Python, Kubernetes, AWS SageMaker, PyTorch",Machine Learning Engineer
"Excel, Dashboarding, Tableau",BI Analyst
"Google Analytics, SQL, Excel",Data Analyst
"SQL, Snowflake, BigQuery, ETL, Python, Airflow",Analytics Engineer
"Data Pipeline, dbt, ETL, Data Modeling",Analytics Engineer
"Excel, Power BI, Tableau, SQL",Data Analyst
"Scikit-learn, Computer Vision, Pandas, Python, NLP",Data Scientist
"SQL, Computer Vision, Python, Pandas, PyTorch, Mathematics",Data Scientist
"Excel, Tableau, SQL, A/B Testing",Data Analyst
"SQL, A/B Testing, Data Visualization",Data Analyst
"Excel, Tableau, Agile, Process Modeling, Visio",Business Analyst
"Airflow, AWS, Kafka",Data Engineer
"ETL, Data Modeling, Data Pipeline",Analytics Engineer
"BigQuery, SQL, Python, Snowflake, Data Pipeline",Analytics Engineer
"Data Visualization, Tableau, R",Data Analyst
"Excel, Data Visualization, Power BI",Data Analyst
"Stakeholder Management, Jira, SQL, Tableau, Agile",Business Analyst
"MLOps, TensorFlow, Docker, Scikit-learn",Machine Learning Engineer
"QlikSense, ETL, Excel, DAX",BI Analyst
"Python, A/B Testing, Excel, Statistics, Google Analytics",Data Analyst
"Looker, Tableau, Data Warehousing, Power BI, DAX",BI Analyst
"Snowflake, SQL, Python, Data Modeling, dbt",Analytics Engineer
"Kafka, Databricks, Python, AWS, Snowflake, Spark",Data Engineer
"Airflow, Databricks, Spark",Data Engineer
"Git, BigQuery, Airflow, ETL",Analytics Engineer
"Excel, Process Modeling, Tableau",Business Analyst
"Spark, ETL, Azure, Snowflake, Airflow",Data Engineer
"Computer Vision, Scikit-learn, Mathematics, Pandas, TensorFlow, Python",Data Scientist
"Python, Excel, R, Tableau",Data Analyst
"Tableau, Excel, Dashboarding, QlikSense, DAX, Looker",BI Analyst
"Looker, DAX, Excel, Tableau, QlikSense, ETL",BI Analyst
"Excel, SQL, Looker, DAX",BI Analyst
"Kubernetes, CI/CD, Git, TensorFlow, PyTorch, Docker",Machine Learning Engineer
"R, TensorFlow, NLP, Scikit-learn, Machine Learning",Data Scientist
"AWS, GCP, Python",Data Engineer
"Docker, AWS SageMaker, Scikit-learn",Machine Learning Engineer
"Tableau, Visio, SQL, Process Modeling",Business Analyst
"TensorFlow, MLOps, Python, Kubernetes",Machine Learning Engineer
"Tableau, Agile, Stakeholder Management, Visio, Excel, Power BI",Business Analyst
"DAX, Looker, Excel, Dashboarding, Tableau, QlikSense",BI Analyst
"Docker, AWS SageMaker, MLOps, Scikit-learn",Machine Learning Engineer
"Azure, SQL, NoSQL",Data Engineer
"Power BI, Data Visualization, Google Analytics",Data Analyst
"Google Analytics, R, Power BI, Statistics, Python",Data Analyst
"Machine Learning, NLP, Mathematics, Python, PyTorch, Pandas",Data Scientist
"R, SQL, Pandas, TensorFlow",Data Scientist
"Kafka, Hadoop, NoSQL, SQL, GCP",Data Engineer
"SQL, ETL, DAX, Excel, Looker, Data Warehousing",BI Analyst
"dbt, SQL, Snowflake, Data Pipeline, Data Modeling",Analytics Engineer
"SQL, Python, Mathematics",Data Scientist
"Computer Vision, Pandas, Python",Data Scientist
"Databricks, ETL, Hadoop, Python, Kafka, Snowflake",Data Engineer
"Pandas, Deep Learning, R, Mathematics, Python, NLP",Data Scientist
"Git, SQL, BigQuery",Analytics Engineer
"Databricks, SQL, GCP",Data Engineer
"Visio, Agile, Jira, Requirement Gathering, Tableau",Business Analyst
"Excel, Visio, Jira, Agile",Business Analyst
"BigQuery, Git, Python",Analytics Engineer
"Data Warehousing, Dashboarding, DAX, Looker, ETL, QlikSense",BI Analyst
"GCP, Snowflake, Kafka",Data Engineer
"Excel, Dashboarding, Tableau, ETL, Looker",BI Analyst
"Snowflake, Spark, Hadoop",Data Engineer
"Docker, CI/CD, PyTorch, Kubernetes",Machine Learning Engineer
"SQL, Power BI, Tableau, A/B Testing, Excel",Data Analyst
"Snowflake, ETL, Azure, AWS",Data Engineer
"Hadoop, Databricks, Airflow",Data Engineer
"ETL, QlikSense, Excel, Data Warehousing",BI Analyst
"Airflow, Databricks, Kafka, ETL",Data Engineer
"Spark, SQL, GCP, Python, Kafka, Airflow",Data Engineer
"ETL, Airflow, dbt",Analytics Engineer
"SQL, R, Python, Power BI, Excel, Data Visualization",Data Analyst
"Power BI, QlikSense, DAX, SQL",BI Analyst
"Tableau, Python, Excel, Data Visualization, SQL",Data Analyst
"Airflow, ETL, Data Modeling, Python, Snowflake, SQL",Analytics Engineer
"Dashboarding, Looker, Tableau, Data Warehousing, ETL, QlikSense",BI Analyst
"MLOps, AWS SageMaker, Docker, Python, Kubernetes",Machine Learning Engineer
"NoSQL, SQL, Snowflake, Azure, Airflow",Data Engineer
"MLOps, CI/CD, C++",Machine Learning Engineer
"Kafka, Databricks, NoSQL, Spark, SQL, Airflow",Data Engineer
"BigQuery, ETL, Snowflake, dbt",Analytics Engineer
"Power BI, SQL, Stakeholder Management",Business Analyst
"Data Pipeline, Python, BigQuery",Analytics Engineer
"Airflow, SQL, AWS, Kafka",Data Engineer
"Excel, Power BI, Requirement Gathering, Visio",Business Analyst
"Scikit-learn, Python, Mathematics, NLP, Pandas",Data Scientist
"C++, AWS SageMaker, Scikit-learn, PyTorch",Machine Learning Engineer
"Hadoop, Kafka, Airflow",Data Engineer
"Kubernetes, Git, MLOps, Scikit-learn",Machine Learning Engineer
"A/B Testing, Power BI, R, Excel",Data Analyst
"Computer Vision, Mathematics, TensorFlow, NLP, PyTorch",Data Scientist
"Dashboarding, QlikSense, Excel, Tableau, ETL, Data Warehousing",BI Analyst
"GCP, Python, Kafka",Data Engineer
"Scikit-learn, Python, R",Data Scientist
"Statistics, A/B Testing, Data Visualization, Python, Google Analytics",Data Analyst
"A/B Testing, Power BI, SQL, Tableau, Data Visualization, Google Analytics",Data Analyst
"Process Modeling, Tableau, Agile, Requirement Gathering",Business Analyst
"SQL, A/B Testing, Data Visualization",Data Analyst
"PyTorch, Scikit-learn, Python",Data Scientist
"Data Warehousing, QlikSense, DAX, Power BI, ETL",BI Analyst
"Agile, Power BI, Process Modeling, Jira, SQL",Business Analyst
"Excel, A/B Testing, Power BI",Data Analyst
"Snowflake, Git, Data Pipeline, Airflow",Analytics Engineer
"Stakeholder Management, Requirement Gathering, Excel",Business Analyst
"Excel, SQL, Data Visualization, Python, R",Data Analyst
"BigQuery, ETL, Python",Analytics Engineer
"Visio, Excel, Requirement Gathering, SQL, Tableau",Business Analyst
"C++, CI/CD, AWS SageMaker, Scikit-learn, Python",Machine Learning Engineer
"Docker, TensorFlow, Git, PyTorch",Machine Learning Engineer
"Dashboarding, Power BI, DAX, ETL, Excel",BI Analyst
"Python, Azure, Kafka, Snowflake, Databricks, NoSQL",Data Engineer
"PyTorch, Scikit-learn, NLP, Machine Learning",Data Scientist
"Airflow, Git, Data Pipeline, Python",Analytics Engineer
"Snowflake, GCP, SQL, Hadoop, NoSQL",Data Engineer
"Scikit-learn, TensorFlow, Docker, PyTorch, MLOps",Machine Learning Engineer
"Excel, DAX, SQL, Dashboarding, QlikSense, Tableau",BI Analyst
"Data Pipeline, Snowflake, BigQuery, Airflow",Analytics Engineer
"NLP, Scikit-learn, Computer Vision, TensorFlow",Data Scientist
"ETL, Spark, Snowflake, Airflow, GCP, AWS",Data Engineer
"CI/CD, Docker, PyTorch, Kubernetes",Machine Learning Engineer
"Machine Learning, Deep Learning, R",Data Scientist
"AWS SageMaker, Docker, Git",Machine Learning Engineer
"C++, Scikit-learn, Kubernetes, MLOps",Machine Learning Engineer
"dbt, Data Pipeline, Airflow, ETL, SQL",Analytics Engineer
"Tableau, Visio, Power BI, Excel",Business Analyst
"Python, Power BI, Excel",Data Analyst
"Deep Learning, PyTorch, Python",Data Scientist
"Machine Learning, Mathematics, Scikit-learn, Deep Learning, Pandas",Data Scientist
"ETL, Airflow, Kafka, NoSQL",Data Engineer
"Databricks, Hadoop, GCP",Data Engineer
"MLOps, C++, Python",Machine Learning Engineer
"Data Warehousing, Power BI, SQL, ETL, Excel",BI Analyst
"SQL, Tableau, Excel",BI Analyst
"Python, R, Pandas",Data Scientist
"Excel, ETL, Looker",BI Analyst
"Python, C++, TensorFlow, PyTorch, Scikit-learn",Machine Learning Engineer
"A/B Testing, R, Power BI, Data Visualization, Google Analytics",Data Analyst
"Data Modeling, Git, SQL, Airflow",Analytics Engineer
"Data Modeling, Airflow, Python, Data Pipeline",Analytics Engineer
"MLOps, Docker, C++, PyTorch",Machine Learning Engineer
"BigQuery, Data Modeling, Git, Python, Airflow",Analytics Engineer
"Tableau, Requirement Gathering, Visio",Business Analyst
"Data Pipeline, Python, BigQuery, SQL",Analytics Engineer
"R, Pandas, PyTorch",Data Scientist
"ETL, Hadoop, NoSQL, Python",Data Engineer
"SQL, Data Warehousing, Looker, QlikSense",BI Analyst
"Deep Learning, Mathematics, Computer Vision, PyTorch, Pandas, NLP",Data Scientist
"Mathematics, SQL, Machine Learning, NLP, PyTorch, Deep Learning",Data Scientist
"Python, ETL, dbt, BigQuery",Analytics Engineer
"DAX, QlikSense, Excel, Tableau, Data Warehousing",BI Analyst
"Kubernetes, CI/CD, Docker, PyTorch, C++, Git",Machine Learning Engineer
"Spark, Azure, Databricks",Data Engineer
"Google Analytics, A/B Testing, Tableau, Python, Excel, R",Data Analyst
"Data Pipeline, Airflow, Data Modeling, SQL, BigQuery, ETL",Analytics Engineer
"Git, Data Pipeline, Data Modeling",Analytics Engineer
"C++, PyTorch, MLOps, Kubernetes, CI/CD",Machine Learning Engineer
"Tableau, Power BI, Statistics",Data Analyst
"SQL, Git, Data Pipeline, BigQuery, Data Modeling, dbt",Analytics Engineer
"Python, TensorFlow, Scikit-learn, PyTorch",Data Scientist
"A/B Testing, Excel, Tableau, SQL, Google Analytics",Data Analyst
"SQL, NLP, Computer Vision, Machine Learning",Data Scientist
"AWS SageMaker, C++, Docker",Machine Learning Engineer
"Azure, SQL, Hadoop, NoSQL, Kafka",Data Engineer
"Data Warehousing, Power BI, DAX, Excel",BI Analyst
"PyTorch, NLP, SQL, Machine Learning, Computer Vision",Data Scientist
"Excel, Power BI, Statistics",Data Analyst
"SQL, Process Modeling, Excel, Jira, Visio",Business Analyst
"dbt, Data Modeling, Airflow",Analytics Engineer
"Pandas, NLP, Computer Vision, R, Mathematics",Data Scientist
"C++, AWS SageMaker, PyTorch, TensorFlow, Kubernetes",Machine Learning Engineer
"MLOps, CI/CD, TensorFlow",Machine Learning Engineer
"MLOps, Git, TensorFlow, AWS SageMaker, CI/CD",Machine Learning Engineer
"Power BI, Excel, SQL",BI Analyst
"SQL, Requirement Gathering, Process Modeling, Stakeholder Management",Business Analyst
"NoSQL, SQL, Spark, Azure, Kafka, GCP",Data Engineer
"Agile, Process Modeling, Stakeholder Management, Excel",Business Analyst
"A/B Testing, R, SQL, Tableau, Google Analytics, Python",Data Analyst
"DAX, Tableau, Data Warehousing, Power BI, Dashboarding, Excel",BI Analyst
"Snowflake, Hadoop, SQL",Data Engineer
"Tableau, Excel, Data Visualization, SQL, R, Power BI",Data Analyst
"Azure, Hadoop, Snowflake",Data Engineer
"Power BI, DAX, Looker",BI Analyst
"Visio, Jira, SQL",Business Analyst
"Excel, R, Tableau, Google Analytics, SQL",Data Analyst
"AWS SageMaker, MLOps, PyTorch, CI/CD, Docker",Machine Learning Engineer
"PyTorch, Git, Scikit-learn, MLOps, C++, AWS SageMaker",Machine Learning Engineer
"NoSQL, Spark, Databricks, ETL, GCP, SQL",Data Engineer
"Kubernetes, TensorFlow, C++, CI/CD, Git, MLOps",Machine Learning Engineer
"Process Modeling, Power BI, Agile, Requirement Gathering, Stakeholder Management, Tableau",Business Analyst
"Scikit-learn, Computer Vision, Mathematics, TensorFlow, Python, PyTorch",Data Scientist
"Airflow, SQL, ETL, Snowflake, Python",Analytics Engineer
"Stakeholder Management, Visio, SQL, Requirement Gathering",Business Analyst
"SQL, Tableau, Requirement Gathering, Jira",Business Analyst
"Excel, Power BI, ETL",BI Analyst
"Excel, Process Modeling, Power BI, Visio, Jira, Requirement Gathering",Business Analyst
"Power BI, SQL, Excel, Tableau, DAX",BI Analyst
"Visio, Stakeholder Management, Jira, Tableau",Business Analyst
"ETL, Kafka, Python, Hadoop",Data Engineer
"SQL, TensorFlow, Machine Learning, Pandas, R, NLP",Data Scientist
"R, TensorFlow, Scikit-learn, Deep Learning",Data Scientist
"ETL, Azure, Spark, Kafka, NoSQL",Data Engineer
"Data Warehousing, Dashboarding, Tableau",BI Analyst
"Mathematics, Computer Vision, SQL, Pandas, TensorFlow",Data Scientist
"Hadoop, Databricks, NoSQL",Data Engineer
"Power BI, Tableau, ETL, Excel, Dashboarding, DAX",BI Analyst
"Python, CI/CD, Git, Scikit-learn, PyTorch",Machine Learning Engineer
"Tableau, R, SQL, Data Visualization, Power BI",Data Analyst
"SQL, Pandas, R, Machine Learning, Computer Vision",Data Scientist
"Scikit-learn, TensorFlow, Kubernetes, Python, Git",Machine Learning Engineer
"ETL, Airflow, SQL",Analytics Engineer
"SQL, Machine Learning, TensorFlow, Deep Learning, Pandas, R",Data Scientist
"ETL, Git, dbt",Analytics Engineer
"SQL, Pandas, Python, TensorFlow, Mathematics, Deep Learning",Data Scientist
"Google Analytics, R, Power BI, Python",Data Analyst
"Visio, SQL, Excel, Jira, Stakeholder Management, Agile",Business Analyst
"Azure, Databricks, Kafka",Data Engineer
"MLOps, C++, Python, CI/CD, Docker, AWS SageMaker",Machine Learning Engineer
"Snowflake, Hadoop, AWS, Databricks, Azure, Kafka",Data Engineer
"QlikSense, Power BI, Looker, DAX, Tableau",BI Analyst
"Airflow, ETL, Git, Python, dbt",Analytics Engineer
"Statistics, A/B Testing, Excel, Data Visualization, Python, R",Data Analyst
"Git, MLOps, C++, TensorFlow, Python, PyTorch",Machine Learning Engineer
"TensorFlow, AWS SageMaker, CI/CD, Scikit-learn",Machine Learning Engineer
"SQL, Process Modeling, Stakeholder Management",Business Analyst
"Python, Power BI, Excel, Google Analytics, Data Visualization",Data Analyst
"ETL, Snowflake, Airflow",Analytics Engineer
"Scikit-learn, SQL, PyTorch, Pandas, Machine Learning, Deep Learning",Data Scientist
"BigQuery, Git, Snowflake, Python, SQL, ETL",Analytics Engineer
"ETL, Data Pipeline, Data Modeling",Analytics Engineer
"Dashboarding, ETL, DAX",BI Analyst
"DAX, Dashboarding, SQL, Looker, Data Warehousing, Excel",BI Analyst
"Mathematics, TensorFlow, Scikit-learn, R, Computer Vision, Machine Learning",Data Scientist
"Python, Computer Vision, Scikit-learn, Pandas",Data Scientist
"Spark, AWS, GCP",Data Engineer
"DAX, SQL, Power BI, Data Warehousing, QlikSense, Dashboarding",BI Analyst
"Jira, Stakeholder Management, Visio, Requirement Gathering",Business Analyst
"Data Visualization, Tableau, R, Python, A/B Testing, Statistics",Data Analyst
"Azure, Python, SQL, Databricks, Airflow",Data Engineer
"Dashboarding, ETL, SQL, DAX, Looker, QlikSense",BI Analyst
"Visio, Tableau, Agile, Power BI, Jira",Business Analyst
"Python, Data Pipeline, BigQuery, dbt",Analytics Engineer
"Power BI, SQL, Jira, Excel, Visio, Agile",Business Analyst
"BigQuery, dbt, Airflow, Python",Analytics Engineer
"Databricks, ETL, Azure",Data Engineer
"PyTorch, Machine Learning, Deep Learning",Data Scientist
"Power BI, Stakeholder Management, Process Modeling, Agile",Business Analyst
"ETL, Airflow, Data Modeling, Python",Analytics Engineer
"Machine Learning, R, PyTorch",Data Scientist
"SQL, Statistics, Google Analytics, Power BI, Tableau, A/B Testing",Data Analyst
"Statistics, Data Visualization, SQL, Power BI, Google Analytics",Data Analyst
"Databricks, AWS, GCP, Azure, NoSQL",Data Engineer
"Tableau, Statistics, Excel",Data Analyst
"Kafka, GCP, Databricks",Data Engineer
"DAX, Looker, Excel, Power BI, Dashboarding",BI Analyst
"SQL, Visio, Excel, Requirement Gathering",Business Analyst
"Power BI, DAX, SQL",BI Analyst
"Spark, Azure, ETL, GCP",Data Engineer
"Hadoop, Python, SQL",Data Engineer
"Deep Learning, PyTorch, R, Python, Scikit-learn",Data Scientist
"Excel, Requirement Gathering, Stakeholder Management, Tableau, Jira, Agile",Business Analyst
"SQL, Dashboarding, Excel, ETL, Data Warehousing, Tableau",BI Analyst
"Google Analytics, A/B Testing, SQL, Data Visualization, Tableau",Data Analyst
"MLOps, Git, Docker, CI/CD, PyTorch",Machine Learning Engineer
"Deep Learning, Mathematics, Python, TensorFlow, Scikit-learn, SQL",Data Scientist
"Tableau, SQL, Stakeholder Management, Excel",Business Analyst
"Git, Python, ETL, Data Pipeline, BigQuery, Data Modeling",Analytics Engineer
"Data Visualization, SQL, Tableau, Power BI",Data Analyst
"Google Analytics, R, Python, SQL, Power BI",Data Analyst
"Kafka, NoSQL, GCP, Spark, Snowflake",Data Engineer
"Tableau, Data Visualization, R",Data Analyst
"SQL, Tableau, Statistics, A/B Testing",Data Analyst
"Agile, Stakeholder Management, Excel",Business Analyst
"SQL, Computer Vision, Mathematics, Deep Learning",Data Scientist
"Git, Data Pipeline, Data Modeling, ETL",Analytics Engineer
"Azure, AWS, Python, NoSQL, Databricks, SQL",Data Engineer
"Power BI, QlikSense, SQL",BI Analyst
"Scikit-learn, Git, Docker",Machine Learning Engineer
"Data Warehousing, SQL, ETL, Looker, QlikSense",BI Analyst
"AWS SageMaker, Kubernetes, Git",Machine Learning Engineer
"Power BI, Data Warehousing, Tableau",BI Analyst
"ETL, Tableau, QlikSense, Excel, SQL",BI Analyst
"DAX, ETL, Data Warehousing",BI Analyst
"SQL, TensorFlow, NLP, Python",Data Scientist
"Python, Power BI, R, Data Visualization, A/B Testing, SQL",Data Analyst
"ETL, DAX, QlikSense, Power BI, Data Warehousing, Excel",BI Analyst
"NLP, Scikit-learn, Computer Vision",Data Scientist
"Python, Databricks, GCP",Data Engineer
"QlikSense, SQL, Power BI, Excel",BI Analyst
"A/B Testing, Tableau, R, Python",Data Analyst
"Snowflake, Hadoop, NoSQL, Spark, Databricks, AWS",Data Engineer
"R, TensorFlow, Computer Vision, NLP, Pandas",Data Scientist
"Computer Vision, NLP, R, TensorFlow, PyTorch",Data Scientist
"Dashboarding, QlikSense, DAX, Data Warehousing, SQL",BI Analyst
"MLOps, Docker, TensorFlow, Scikit-learn",Machine Learning Engineer
"DAX, Looker, ETL, SQL, Tableau",BI Analyst
"Python, Data Visualization, Tableau, Statistics",Data Analyst
"Deep Learning, TensorFlow, PyTorch, Machine Learning",Data Scientist
"R, NLP, Mathematics, Deep Learning, Computer Vision",Data Scientist
"C++, Docker, MLOps, CI/CD",Machine Learning Engineer
"TensorFlow, Computer Vision, Mathematics, Python",Data Scientist
"BigQuery, Data Modeling, SQL, dbt",Analytics Engineer
"Python, BigQuery, dbt",Analytics Engineer
"Stakeholder Management, Agile, Excel, SQL, Process Modeling, Jira",Business Analyst
"CI/CD, Kubernetes, Docker, AWS SageMaker",Machine Learning Engineer
"Data Visualization, Tableau, Power BI, Excel",Data Analyst
"SQL, Agile, Power BI, Visio, Tableau, Excel",Business Analyst
"Data Visualization, Excel, Google Analytics, Python",Data Analyst
"Google Analytics, Statistics, Data Visualization, SQL, A/B Testing, Power BI",Data Analyst
"R, Data Visualization, Python, Tableau",Data Analyst
"Power BI, Google Analytics, Statistics, Excel, Data Visualization, A/B Testing",Data Analyst
"dbt, Snowflake, Git, BigQuery, Python, Data Pipeline",Analytics Engineer
"SQL, Power BI, R, Python",Data Analyst
"R, Scikit-learn, Deep Learning, Python, Pandas, Mathematics",Data Scientist
"Visio, Tableau, Power BI, Stakeholder Management",Business Analyst
"QlikSense, DAX, Excel, Data Warehousing, Power BI",BI Analyst
"Visio, Requirement Gathering, Process Modeling, Excel",Business Analyst
"Excel, Power BI, R, Python, A/B Testing, Statistics",Data Analyst
"Statistics, Google Analytics, Data Visualization, Excel, Tableau",Data Analyst
"Scikit-learn, AWS SageMaker, PyTorch",Machine Learning Engineer
"Scikit-learn, R, Computer Vision, Machine Learning, Pandas, Deep Learning",Data Scientist
"Airflow, NoSQL, Snowflake, Azure",Data Engineer
"Python, Machine Learning, SQL, Computer Vision, Deep Learning, R",Data Scientist
"Pandas, Mathematics, TensorFlow",Data Scientist
"Snowflake, Airflow, dbt, Data Modeling, Python",Analytics Engineer
"Python, C++, Kubernetes, MLOps, CI/CD",Machine Learning Engineer
"Power BI, Statistics, Tableau, SQL, Excel",Data Analyst
"Jira, Agile, Stakeholder Management, Process Modeling",Business Analyst
"SQL, Tableau, Data Warehousing",BI Analyst
"Scikit-learn, Git, CI/CD, C++",Machine Learning Engineer
"Python, Google Analytics, Power BI, SQL",Data Analyst
"TensorFlow, Docker, MLOps",Machine Learning Engineer
"Python, PyTorch, Git, MLOps, TensorFlow, AWS SageMaker",Machine Learning Engineer
"Python, Git, Scikit-learn, Docker, C++",Machine Learning Engineer
"Agile, Process Modeling, Visio, Jira",Business Analyst
"R, Data Visualization, A/B Testing, Excel, Tableau, Statistics",Data Analyst
"ETL, BigQuery, dbt",Analytics Engineer
"Power BI, Looker, ETL, Tableau, Excel, Dashboarding",BI Analyst
"SQL, Snowflake, Data Pipeline, Airflow, Git, Python",Analytics Engineer
"Excel, SQL, Data Visualization, Power BI, A/B Testing",Data Analyst
"Power BI, Excel, Tableau, DAX, Looker",BI Analyst
"Power BI, Requirement Gathering, Excel, Agile",Business Analyst
"Excel, Tableau, Looker, DAX, Power BI",BI Analyst
"Machine Learning, Computer Vision, TensorFlow, NLP",Data Scientist
"GCP, Python, Databricks",Data Engineer
"DAX, Tableau, QlikSense, SQL",BI Analyst
"Git, Snowflake, Airflow, Python, ETL",Analytics Engineer
"PyTorch, Scikit-learn, CI/CD, Git",Machine Learning Engineer
"PyTorch, Deep Learning, R, Machine Learning",Data Scientist
"CI/CD, Python, Git, PyTorch",Machine Learning Engineer
"Excel, QlikSense, Dashboarding, Power BI, ETL",BI Analyst
"Tableau, Google Analytics, SQL",Data Analyst
"Statistics, Power BI, Data Visualization",Data Analyst
"Data Modeling, Git, dbt, SQL, Python, BigQuery",Analytics Engineer
"Databricks, NoSQL, Azure, SQL, AWS, GCP",Data Engineer
"PyTorch, NLP, Deep Learning",Data Scientist
"Git, Data Pipeline, Airflow, Data Modeling",Analytics Engineer
"R, Computer Vision, Python, Mathematics, PyTorch, Deep Learning",Data Scientist
"Requirement Gathering, Visio, Agile",Business Analyst
"Power BI, Tableau, Excel",Business Analyst
"Hadoop, Kafka, Databricks, Airflow",Data Engineer
"R, Computer Vision, SQL",Data Scientist
"MLOps, Docker, AWS SageMaker, Git",Machine Learning Engineer
"Google Analytics, R, Tableau",Data Analyst
"Google Analytics, Data Visualization, A/B Testing, SQL, Tableau, Excel",Data Analyst
"PyTorch, NLP, Deep Learning",Data Scientist
"NoSQL, Spark, AWS, ETL, Kafka, Airflow",Data Engineer
"Excel, A/B Testing, R, Google Analytics",Data Analyst
"A/B Testing, Data Visualization, SQL, Excel, Tableau, Power BI",Data Analyst
"ETL, Python, dbt, Data Pipeline, Snowflake",Analytics Engineer
"Data Visualization, Excel, Tableau, Power BI, A/B Testing, Statistics",Data Analyst
"Process Modeling, Requirement Gathering, Tableau, Power BI, Agile",Business Analyst
"Pandas, Mathematics, Deep Learning",Data Scientist
"Visio, Process Modeling, Power BI, Requirement Gathering, Excel, Agile",Business Analyst
"Python, Data Visualization, Statistics",Data Analyst
"Power BI, Data Warehousing, Tableau, DAX, Looker, ETL",BI Analyst
"Agile, Stakeholder Management, Tableau, Excel",Business Analyst
"Requirement Gathering, Agile, Tableau, Power BI, Jira, Stakeholder Management",Business Analyst
"Agile, Stakeholder Management, Jira",Business Analyst
"Machine Learning, Mathematics, PyTorch, SQL, Python, TensorFlow",Data Scientist
"CI/CD, Scikit-learn, Python, Docker, MLOps, C++",Machine Learning Engineer
"Python, BigQuery, Airflow, Data Modeling",Analytics Engineer
"Kubernetes, MLOps, AWS SageMaker, PyTorch",Machine Learning Engineer
"Data Warehousing, DAX, Excel",BI Analyst
"ETL, SQL, Airflow, Python, dbt, Data Modeling",Analytics Engineer
"Data Modeling, Snowflake, ETL, Airflow",Analytics Engineer
"Scikit-learn, Deep Learning, Machine Learning, NLP, TensorFlow, Mathematics",Data Scientist
"Python, SQL, Hadoop",Data Engineer
"Python, PyTorch, TensorFlow",Data Scientist
"SQL, Looker, DAX, ETL, Data Warehousing",BI Analyst
"GCP, AWS, Python",Data Engineer
"Statistics, A/B Testing, Excel, Tableau, Google Analytics, Python",Data Analyst
"CI/CD, MLOps, C++",Machine Learning Engineer
"Dashboarding, Looker, QlikSense, DAX, Tableau",BI Analyst
"SQL, Power BI, QlikSense, Dashboarding, Tableau, ETL",BI Analyst
"Scikit-learn, NLP, Computer Vision, PyTorch, Pandas, Deep Learning",Data Scientist
"Azure, SQL, Kafka, Hadoop",Data Engineer
"Statistics, SQL, Data Visualization, Excel, Power BI",Data Analyst
"Google Analytics, Python, R",Data Analyst
"Data Pipeline, Python, ETL, Git, BigQuery, Snowflake",Analytics Engineer
"Scikit-learn, Python, Git, TensorFlow",Machine Learning Engineer
"Data Visualization, Power BI, SQL",Data Analyst
"Process Modeling, Visio, Stakeholder Management, SQL, Tableau, Power BI",Business Analyst
"SQL, Tableau, Agile, Visio, Power BI, Jira",Business Analyst
"Data Visualization, Statistics, R, Power BI, Python, A/B Testing",Data Analyst
"Airflow, ETL, dbt, Snowflake, BigQuery",Analytics Engineer
"Hadoop, NoSQL, AWS, SQL, Spark, Airflow",Data Engineer
"SQL, GCP, ETL, Spark",Data Engineer
"Python, ETL, dbt, Git",Analytics Engineer
"Tableau, Dashboarding, DAX, Power BI",BI Analyst
"Agile, Visio, Tableau, Stakeholder Management, Excel, Requirement Gathering",Business Analyst
"Git, ETL, Data Pipeline",Analytics Engineer
"Data Pipeline, Data Modeling, Git, ETL, Python",Analytics Engineer
"Tableau, Jira, Stakeholder Management, Process Modeling",Business Analyst
"AWS SageMaker, CI/CD, Scikit-learn, Git, PyTorch, TensorFlow",Machine Learning Engineer
"Python, PyTorch, MLOps, Git, C++",Machine Learning Engineer
"Machine Learning, Python, Mathematics",Data Scientist
"Process Modeling, Requirement Gathering, Tableau, Excel",Business Analyst
"Python, SQL, Statistics, Tableau, A/B Testing, Power BI",Data Analyst
"Python, AWS SageMaker, TensorFlow, MLOps, C++, Docker",Machine Learning Engineer
"Agile, Tableau, Power BI, Jira, Stakeholder Management",Business Analyst
"Computer Vision, Deep Learning, TensorFlow",Data Scientist
"Data Pipeline, Airflow, ETL, SQL, Data Modeling, Python",Analytics Engineer
"Stakeholder Management, Agile, Requirement Gathering, Excel",Business Analyst
"Requirement Gathering, Power BI, Process Modeling",Business Analyst
"Google Analytics, Data Visualization, A/B Testing, Python, SQL",Data Analyst
"Kubernetes, Python, PyTorch",Machine Learning Engineer
"Tableau, Data Warehousing, Excel, SQL",BI Analyst
"Azure, Airflow, ETL, Python, Snowflake",Data Engineer
"ETL, DAX, Power BI",BI Analyst
"dbt, Python, SQL, Git, Airflow",Analytics Engineer
"Databricks, Python, SQL, Spark, AWS",Data Engineer
"Deep Learning, R, Mathematics, Python, TensorFlow",Data Scientist
"Azure, Hadoop, Snowflake, NoSQL, Spark, Python",Data Engineer
"Stakeholder Management, Visio, SQL",Business Analyst
"Requirement Gathering, Tableau, Power BI, SQL, Process Modeling, Visio",Business Analyst
"Pandas, PyTorch, Computer Vision, Machine Learning, R, Mathematics",Data Scientist
"Kubernetes, Docker, CI/CD, Git",Machine Learning Engineer
"dbt, BigQuery, Git, Data Modeling, ETL",Analytics Engineer
"A/B Testing, Python, Data Visualization, Statistics, Google Analytics, R",Data Analyst
"PyTorch, Scikit-learn, AWS SageMaker",Machine Learning Engineer
"GCP, Airflow, Kafka, Databricks",Data Engineer
"Python, Scikit-learn, C++",Machine Learning Engineer
"Azure, Kafka, Airflow, Snowflake",Data Engineer
"TensorFlow, CI/CD, Docker, C++, Git",Machine Learning Engineer
"Power BI, Statistics, Excel, Python",Data Analyst
"Google Analytics, SQL, R, Python",Data Analyst
"CI/CD, TensorFlow, PyTorch",Machine Learning Engineer
"ETL, Data Warehousing, Excel, Tableau",BI Analyst
"Scikit-learn, AWS SageMaker, MLOps, Python, TensorFlow",Machine Learning Engineer
"SQL, Airflow, BigQuery, Git",Analytics Engineer
"Kubernetes, Scikit-learn, C++, TensorFlow, Python, AWS SageMaker",Machine Learning Engineer
"Power BI, R, Statistics",Data Analyst
"ETL, SQL, Python, Hadoop, Azure, Spark",Data Engineer
"Spark, Kafka, AWS, ETL, NoSQL",Data Engineer
"SQL, Excel, Power BI, Data Visualization",Data Analyst
"BigQuery, dbt, Airflow, SQL, ETL",Analytics Engineer
"Scikit-learn, Computer Vision, Deep Learning, Python, Mathematics",Data Scientist
"Process Modeling, Power BI, Jira",Business Analyst
"Agile, Power BI, Jira, Tableau, Stakeholder Management",Business Analyst
"Agile, Power BI, Tableau, Jira",Business Analyst
"MLOps, Python, C++, CI/CD",Machine Learning Engineer
"Agile, Excel, Power BI, SQL",Business Analyst
"Tableau, Google Analytics, Data Visualization",Data Analyst
"Visio, SQL, Requirement Gathering",Business Analyst
"Looker, QlikSense, SQL, Dashboarding, Data Warehousing",BI Analyst
"AWS, Databricks, ETL, Python, Azure",Data Engineer
"Python, ETL, Kafka, NoSQL, AWS, Spark",Data Engineer
"QlikSense, DAX, ETL, Looker, Power BI, Excel",BI Analyst
"Scikit-learn, Python, SQL, Computer Vision, Deep Learning, PyTorch",Data Scientist
"Process Modeling, Stakeholder Management, Excel, Power BI",Business Analyst
"Jira, Agile, Process Modeling, Visio, Requirement Gathering",Business Analyst
"Airflow, SQL, Git, ETL, BigQuery, Data Pipeline",Analytics Engineer
"Looker, SQL, Data Warehousing, ETL, Power BI",BI Analyst
"PyTorch, Scikit-learn, Git, TensorFlow, Docker, AWS SageMaker",Machine Learning Engineer
"Tableau, Excel, Python",Data Analyst
"Data Modeling, Airflow, dbt, SQL, Snowflake",Analytics Engineer
"Git, Data Pipeline, ETL, SQL, dbt, Data Modeling",Analytics Engineer
"Machine Learning, Computer Vision, Scikit-learn, PyTorch",Data Scientist
"Excel, Tableau, Process Modeling, Jira",Business Analyst
"Hadoop, Snowflake, Kafka, Airflow, AWS, Python",Data Engineer
"Data Warehousing, QlikSense, Dashboarding",BI Analyst
"MLOps, CI/CD, Kubernetes, Docker, TensorFlow, PyTorch",Machine Learning Engineer
"BigQuery, SQL, Python, Data Pipeline, Snowflake",Analytics Engineer
"R, Mathematics, TensorFlow, Deep Learning",Data Scientist
"Excel, Tableau, Data Visualization, SQL, A/B Testing, R",Data Analyst
"Python, BigQuery, Git, Airflow, ETL",Analytics Engineer
"Scikit-learn, Git, PyTorch",Machine Learning Engineer
"C++, Scikit-learn, Docker, PyTorch",Machine Learning Engineer
"ETL, Tableau, DAX, Excel, Power BI, Dashboarding",BI Analyst
"ETL, SQL, Airflow, Data Pipeline, Git, Python",Analytics Engineer
"TensorFlow, Machine Learning, SQL, R",Data Scientist
"Kafka, Spark, Python",Data Engineer
"MLOps, C++, TensorFlow, AWS SageMaker, Kubernetes, Git",Machine Learning Engineer
"Python, Google Analytics, A/B Testing, SQL, Data Visualization",Data Analyst
"Azure, AWS, Python, GCP, Kafka, Airflow",Data Engineer
"Mathematics, Scikit-learn, TensorFlow, Deep Learning, R",Data Scientist
"Kubernetes, MLOps, Git, CI/CD, Python, C++",Machine Learning Engineer
"GCP, Azure, Kafka, ETL, AWS",Data Engineer
"DAX, QlikSense, SQL, Excel",BI Analyst
"Google Analytics, Data Visualization, Statistics, Power BI, Excel, R",Data Analyst
"Computer Vision, SQL, Python, Pandas",Data Scientist
"Airflow, Python, SQL",Analytics Engineer
"Stakeholder Management, Agile, Visio, Requirement Gathering",Business Analyst
"Airflow, Hadoop, AWS",Data Engineer
"Data Warehousing, QlikSense, Dashboarding, Looker",BI Analyst
"Excel, R, A/B Testing, Power BI",Data Analyst
"Stakeholder Management, Excel, Jira, Power BI, Process Modeling",Business Analyst
"Excel, Python, Power BI, A/B Testing, SQL",Data Analyst
"Looker, ETL, QlikSense, DAX, Data Warehousing",BI Analyst
"Python, Machine Learning, Deep Learning, Pandas, Computer Vision, Scikit-learn",Data Scientist
"PyTorch, MLOps, Kubernetes, TensorFlow, AWS SageMaker, Python",Machine Learning Engineer
"PyTorch, Deep Learning, Pandas, Mathematics",Data Scientist
"Python, Statistics, Power BI, R",Data Analyst
"Tableau, Process Modeling, Excel",Business Analyst
"Deep Learning, Scikit-learn, Python, TensorFlow, NLP, Machine Learning",Data Scientist
"Kubernetes, C++, Git",Machine Learning Engineer
"TensorFlow, CI/CD, Kubernetes",Machine Learning Engineer
"Google Analytics, Excel, Power BI, Statistics, R, SQL",Data Analyst
"Excel, Data Visualization, Google Analytics, Power BI, SQL, R",Data Analyst
"R, NLP, Pandas",Data Scientist
"Docker, TensorFlow, CI/CD",Machine Learning Engineer
"Power BI, A/B Testing, Python, Google Analytics",Data Analyst
"Excel, Statistics, Google Analytics",Data Analyst
"Kafka, Airflow, AWS",Data Engineer
"SQL, ETL, QlikSense, Power BI",BI Analyst
"Google Analytics, Data Visualization, Python, R, SQL, Statistics",Data Analyst
"ETL, BigQuery, Data Modeling, SQL, dbt, Git",Analytics Engineer
"C++, Python, TensorFlow",Machine Learning Engineer
"SQL, A/B Testing, Power BI, R, Tableau, Excel",Data Analyst
"Hadoop, Azure, Airflow, Kafka, Python",Data Engineer
"BigQuery, Git, Data Pipeline, SQL",Analytics Engineer
"CI/CD, Kubernetes, MLOps, C++",Machine Learning Engineer
"SQL, R, Tableau, Statistics, Data Visualization",Data Analyst
"MLOps, CI/CD, TensorFlow, AWS SageMaker, Kubernetes",Machine Learning Engineer
"Mathematics, NLP, R, TensorFlow",Data Scientist
"Python, SQL, R, Tableau",Data Analyst
"NoSQL, Kafka, Spark, GCP, Azure, AWS",Data Engineer
"ETL, Tableau, Looker, Power BI, DAX, Dashboarding",BI Analyst
"Visio, Excel, Jira, Power BI, Requirement Gathering, Process Modeling",Business Analyst
"Power BI, SQL, DAX, Looker, QlikSense",BI Analyst
"Data Warehousing, Looker, Tableau, DAX, SQL",BI Analyst
"Excel, R, Google Analytics, Tableau",Data Analyst
"Power BI, Data Warehousing, Excel, Dashboarding",BI Analyst
"Data Visualization, R, SQL, Power BI",Data Analyst
"Power BI, Tableau, SQL, Statistics, A/B Testing",Data Analyst
"R, Data Visualization, A/B Testing, Google Analytics",Data Analyst
"SQL, Python, Data Pipeline, Data Modeling, ETL, Git",Analytics Engineer
"Excel, Looker, DAX, Dashboarding, Tableau",BI Analyst
"Google Analytics, Statistics, Python, Excel, Tableau, SQL",Data Analyst
"Python, AWS, ETL, Azure",Data Engineer
"Data Warehousing, QlikSense, DAX, SQL, Tableau",BI Analyst
"Tableau, ETL, Looker, QlikSense, Dashboarding, Power BI",BI Analyst
"Process Modeling, SQL, Visio",Business Analyst
"Python, Airflow, Git",Analytics Engineer
"Dashboarding, DAX, ETL, Excel, Looker",BI Analyst
"Tableau, Looker, DAX, QlikSense, Power BI, SQL",BI Analyst
"Airflow, Python, Data Pipeline, Git",Analytics Engineer
"Tableau, Stakeholder Management, Power BI, Process Modeling, Excel, SQL",Business Analyst
"Agile, Tableau, Stakeholder Management, Jira, Requirement Gathering, Power BI",Business Analyst
"Statistics, A/B Testing, SQL, Excel, R, Google Analytics",Data Analyst
"Visio, Agile, Tableau, Jira, Process Modeling",Business Analyst
"Kubernetes, PyTorch, CI/CD",Machine Learning Engineer
"ETL, Dashboarding, Power BI, DAX, SQL",BI Analyst
"Spark, SQL, Kafka, Airflow, Snowflake, AWS",Data Engineer
"C++, PyTorch, Scikit-learn, AWS SageMaker, Docker",Machine Learning Engineer
"QlikSense, SQL, ETL, Data Warehousing",BI Analyst
"Excel, Tableau, Looker, QlikSense, Dashboarding, Power BI",BI Analyst
"Tableau, Dashboarding, QlikSense, SQL, Data Warehousing, Looker",BI Analyst
"MLOps, Python, TensorFlow",Machine Learning Engineer
"Scikit-learn, Deep Learning, TensorFlow, NLP",Data Scientist
"Spark, Hadoop, ETL, GCP, SQL",Data Engineer
"Computer Vision, Python, TensorFlow",Data Scientist
"PyTorch, NLP, R, Scikit-learn, Machine Learning, SQL",Data Scientist
"R, Excel, Statistics, Tableau, Python",Data Analyst
"SQL, Pandas, Python, R",Data Scientist
"Visio, Excel, SQL, Stakeholder Management, Process Modeling, Power BI",Business Analyst
"Databricks, NoSQL, Python, Kafka, SQL, AWS",Data Engineer
"Data Visualization, Google Analytics, SQL, Power BI, Statistics",Data Analyst
"Scikit-learn, R, SQL",Data Scientist
"Statistics, Data Visualization, Google Analytics, A/B Testing",Data Analyst
"Tableau, Jira, Requirement Gathering",Business Analyst
"GCP, Airflow, Snowflake, Hadoop, SQL",Data Engineer
"Power BI, A/B Testing, SQL, R",Data Analyst
"dbt, Python, BigQuery",Analytics Engineer
"SQL, Python, Scikit-learn",Data Scientist
"Visio, Excel, Process Modeling, Jira, Stakeholder Management",Business Analyst
"MLOps, AWS SageMaker, Kubernetes, Python, Docker, C++",Machine Learning Engineer
"Excel, Tableau, Requirement Gathering, SQL, Visio",Business Analyst
"Azure, Spark, Snowflake, SQL, NoSQL, AWS",Data Engineer
"Data Modeling, ETL, Snowflake, Data Pipeline, Python, dbt",Analytics Engineer
"Statistics, SQL, R",Data Analyst
"SQL, NoSQL, AWS",Data Engineer
"A/B Testing, Data Visualization, Excel, Statistics, Google Analytics, Python",Data Analyst
"Hadoop, GCP, AWS, Databricks",Data Engineer
"SQL, ETL, QlikSense, DAX",BI Analyst
"C++, CI/CD, Git, Kubernetes, MLOps, TensorFlow",Machine Learning Engineer
"SQL, Data Modeling, dbt",Analytics Engineer
"Data Pipeline, ETL, Snowflake",Analytics Engineer
"Python, Google Analytics, Excel, Data Visualization, Statistics, R",Data Analyst
"Kubernetes, CI/CD, PyTorch",Machine Learning Engineer
"DAX, SQL, QlikSense, Excel",BI Analyst
"Stakeholder Management, Visio, Agile, SQL, Tableau",Business Analyst
"Google Analytics, Data Visualization, SQL, R, Statistics, Power BI",Data Analyst
"Snowflake, Python, AWS, Airflow, Spark",Data Engineer
"Excel, Data Visualization, Statistics",Data Analyst
"QlikSense, Excel, Dashboarding",BI Analyst
"Data Visualization, Excel, Python",Data Analyst
"Python, Airflow, SQL, ETL",Analytics Engineer
"Kafka, Spark, Python",Data Engineer
"Snowflake, GCP, NoSQL, Databricks, ETL",Data Engineer
"A/B Testing, Python, Tableau",Data Analyst
"Data Warehousing, Excel, Looker, ETL, Dashboarding, DAX",BI Analyst
"MLOps, Kubernetes, TensorFlow, Git, CI/CD",Machine Learning Engineer
"NLP, Pandas, Python",Data Scientist
"Databricks, NoSQL, ETL, AWS, Kafka, Snowflake",Data Engineer
"Tableau, Dashboarding, QlikSense, Looker, ETL, DAX",BI Analyst
"SQL, Dashboarding, Looker, DAX, Power BI",BI Analyst
"Airflow, Git, Python, Data Modeling",Analytics Engineer
"Power BI, Stakeholder Management, Process Modeling, Jira",Business Analyst
"Data Pipeline, Git, dbt, SQL, Snowflake, Airflow",Analytics Engineer
"Statistics, Tableau, A/B Testing, Excel, Python, Data Visualization",Data Analyst
"TensorFlow, AWS SageMaker, MLOps, Docker, Scikit-learn",Machine Learning Engineer
"Git, Python, C++, Kubernetes",Machine Learning Engineer
"Jira, Visio, Tableau",Business Analyst
"TensorFlow, PyTorch, Docker, CI/CD",Machine Learning Engineer
"TensorFlow, CI/CD, Scikit-learn, Git",Machine Learning Engineer
"Data Pipeline, Snowflake, Git, Python",Analytics Engineer
"QlikSense, ETL, Dashboarding, Excel",BI Analyst
"Process Modeling, Excel, SQL, Agile, Power BI",Business Analyst
"BigQuery, Data Modeling, ETL, Git, SQL",Analytics Engineer
"DAX, Tableau, Excel, Data Warehousing, Dashboarding",BI Analyst
"TensorFlow, Computer Vision, Python, Machine Learning, Scikit-learn",Data Scientist
"SQL, Agile, Visio, Excel, Jira",Business Analyst
"ETL, SQL, Dashboarding, Data Warehousing",BI Analyst
"Power BI, A/B Testing, Tableau, Python",Data Analyst
"AWS, Azure, Hadoop, SQL",Data Engineer
"Tableau, Power BI, R",Data Analyst
"Statistics, Data Visualization, Google Analytics",Data Analyst
"Machine Learning, Mathematics, R, PyTorch, TensorFlow",Data Scientist
"Azure, Airflow, SQL",Data Engineer
"Spark, AWS, SQL",Data Engineer
"Snowflake, Airflow, AWS, ETL, GCP, Python",Data Engineer
"SQL, Power BI, Agile, Requirement Gathering, Stakeholder Management, Process Modeling",Business Analyst
"Spark, Hadoop, Databricks, Kafka",Data Engineer
"TensorFlow, Computer Vision, NLP, SQL, Pandas",Data Scientist
"Power BI, Tableau, Requirement Gathering, Agile, Visio",Business Analyst
"Stakeholder Management, Excel, Power BI, Requirement Gathering, Jira, Tableau",Business Analyst
"AWS SageMaker, Git, Python, TensorFlow",Machine Learning Engineer
"CI/CD, Python, Docker",Machine Learning Engineer
"Pandas, Computer Vision, TensorFlow, PyTorch",Data Scientist
"PyTorch, Pandas, R, Mathematics",Data Scientist
"Git, Data Pipeline, dbt, Data Modeling, BigQuery, SQL",Analytics Engineer
"Data Visualization, A/B Testing, Power BI, Google Analytics, R",Data Analyst
"Jira, Process Modeling, SQL",Business Analyst
"Azure, ETL, AWS, Kafka, Hadoop, Snowflake",Data Engineer
"Python, Spark, Databricks, Snowflake, GCP, Azure",Data Engineer
"Spark, Azure, Python, Airflow, Snowflake, AWS",Data Engineer
"Spark, GCP, Python, NoSQL, Airflow, Snowflake",Data Engineer
"TensorFlow, Python, AWS SageMaker, C++, CI/CD",Machine Learning Engineer
"R, Machine Learning, Computer Vision, TensorFlow, Mathematics, Pandas",Data Scientist
"PyTorch, SQL, Computer Vision, Deep Learning",Data Scientist
"Airflow, Hadoop, GCP, NoSQL, Azure, Python",Data Engineer
"Statistics, Data Visualization, Excel, Python, R, A/B Testing",Data Analyst
"Power BI, Data Warehousing, DAX, QlikSense, Tableau",BI Analyst
"Snowflake, BigQuery, Data Modeling, Data Pipeline",Analytics Engineer
"MLOps, Kubernetes, C++, Docker, PyTorch",Machine Learning Engineer
"SQL, R, TensorFlow",Data Scientist
"Data Modeling, dbt, ETL, Python, Airflow, Data Pipeline",Analytics Engineer
"SQL, A/B Testing, R, Python, Statistics, Tableau",Data Analyst
"ETL, Hadoop, Kafka, AWS",Data Engineer
"Snowflake, BigQuery, Data Modeling, dbt",Analytics Engineer
"Google Analytics, Tableau, Power BI, Excel, Python",Data Analyst
"Excel, SQL, DAX, Dashboarding, ETL, Power BI",BI Analyst
"SQL, Visio, Tableau, Process Modeling",Business Analyst
"Google Analytics, Statistics, A/B Testing",Data Analyst
"PyTorch, Python, Docker, MLOps, Kubernetes, Scikit-learn",Machine Learning Engineer
"Computer Vision, R, NLP, Pandas, TensorFlow, Mathematics",Data Scientist
"Kafka, ETL, SQL",Data Engineer
"Airflow, SQL, Kafka",Data Engineer
"Excel, Data Warehousing, SQL, DAX, Power BI, Tableau",BI Analyst
"GCP, Databricks, Snowflake, Spark, Azure",Data Engineer
"Python, TensorFlow, Computer Vision, Pandas, R, PyTorch",Data Scientist
"Python, C++, TensorFlow, Scikit-learn, CI/CD, Git",Machine Learning Engineer
"Data Pipeline, Snowflake, ETL, Data Modeling",Analytics Engineer
"Agile, SQL, Jira",Business Analyst
"Power BI, Excel, Tableau",Business Analyst
"ETL, Power BI, QlikSense, Data Warehousing, SQL, Dashboarding",BI Analyst
"Requirement Gathering, SQL, Power BI, Tableau",Business Analyst
"Python, NLP, Mathematics",Data Scientist
"Deep Learning, Scikit-learn, Mathematics, Computer Vision, NLP",Data Scientist
"TensorFlow, Scikit-learn, Python, NLP, Pandas",Data Scientist
"MLOps, PyTorch, Git, C++, Scikit-learn, Python",Machine Learning Engineer
"GCP, Databricks, Hadoop",Data Engineer
"Statistics, Power BI, Excel",Data Analyst
"Requirement Gathering, Excel, Tableau, SQL, Stakeholder Management, Process Modeling",Business Analyst
"Jira, Visio, Process Modeling",Business Analyst
"Jira, Excel, Tableau, Visio",Business Analyst
"NLP, TensorFlow, Python, PyTorch, SQL, Scikit-learn",Data Scientist
"Scikit-learn, Git, PyTorch, Docker",Machine Learning Engineer
"Python, Excel, A/B Testing, Data Visualization, Tableau",Data Analyst
"Power BI, Tableau, Agile, SQL, Jira, Visio",Business Analyst
"Excel, R, A/B Testing, Google Analytics, Data Visualization",Data Analyst
"Data Modeling, Data Pipeline, BigQuery",Analytics Engineer
"AWS, Airflow, Hadoop, Snowflake, NoSQL, Python",Data Engineer
"Mathematics, R, Computer Vision, Pandas, Python",Data Scientist
"SQL, Data Modeling, Snowflake, Python",Analytics Engineer
"Airflow, Snowflake, Data Modeling",Analytics Engineer
"NLP, Mathematics, PyTorch, TensorFlow, SQL",Data Scientist
"dbt, Git, Snowflake",Analytics Engineer
"Excel, Google Analytics, Python, Data Visualization, Tableau",Data Analyst
"Computer Vision, Python, NLP, Mathematics",Data Scientist
"NoSQL, Spark, Airflow, ETL, Kafka, Python",Data Engineer
"Kubernetes, C++, MLOps, Docker",Machine Learning Engineer
"Google Analytics, A/B Testing, Power BI, Tableau, R",Data Analyst
"QlikSense, Looker, SQL, Power BI",BI Analyst
"Tableau, Power BI, Google Analytics",Data Analyst
"R, Scikit-learn, Mathematics, SQL, Deep Learning",Data Scientist
"R, NLP, Pandas, Machine Learning",Data Scientist
"AWS SageMaker, PyTorch, Kubernetes, CI/CD",Machine Learning Engineer
"DAX, Data Warehousing, Tableau, QlikSense, ETL",BI Analyst
"Computer Vision, Deep Learning, TensorFlow, PyTorch",Data Scientist
"C++, PyTorch, MLOps",Machine Learning Engineer
"Git, AWS SageMaker, PyTorch, TensorFlow, CI/CD",Machine Learning Engineer
"QlikSense, Data Warehousing, SQL",BI Analyst
"Data Pipeline, Data Modeling, Airflow, ETL, BigQuery, Snowflake",Analytics Engineer
"Snowflake, GCP, NoSQL, ETL, Airflow, Spark",Data Engineer
"Pandas, R, SQL, Machine Learning, PyTorch, Scikit-learn",Data Scientist
"Google Analytics, R, Data Visualization, Python",Data Analyst
"Data Pipeline, ETL, Data Modeling",Analytics Engineer
"Excel, SQL, Process Modeling",Business Analyst
"C++, Python, Docker",Machine Learning Engineer
"Power BI, A/B Testing, Python",Data Analyst
"Visio, Excel, Agile, Jira, SQL, Tableau",Business Analyst
"SQL, Power BI, QlikSense, ETL",BI Analyst
"Snowflake, Databricks, NoSQL, SQL, Airflow, Hadoop",Data Engineer
"Azure, Kafka, GCP, ETL, SQL, Hadoop",Data Engineer
"Snowflake, Airflow, dbt, Data Pipeline",Analytics Engineer
"AWS SageMaker, Scikit-learn, TensorFlow",Machine Learning Engineer
"Python, NLP, TensorFlow",Data Scientist
"Scikit-learn, Deep Learning, SQL, Pandas, TensorFlow, Computer Vision",Data Scientist
"PyTorch, TensorFlow, Scikit-learn, CI/CD, Python",Machine Learning Engineer
"Power BI, R, SQL, Google Analytics",Data Analyst
"SQL, Process Modeling, Power BI, Agile",Business Analyst
"Process Modeling, Tableau, Excel",Business Analyst
"Excel, A/B Testing, Power BI",Data Analyst
"NLP, Pandas, Deep Learning, PyTorch, R, Mathematics",Data Scientist
"Spark, Azure, SQL, AWS, GCP, Snowflake",Data Engineer
"Excel, ETL, Looker, QlikSense, SQL, DAX",BI Analyst
"Excel, Google Analytics, Power BI, Python",Data Analyst
"Python, R, SQL, NLP, Mathematics, Pandas",Data Scientist
"Airflow, Git, SQL, Data Pipeline, Python",Analytics Engineer
"AWS SageMaker, Git, C++, TensorFlow, Python, Docker",Machine Learning Engineer
"Python, Excel, R, Tableau, SQL, Data Visualization",Data Analyst
"AWS SageMaker, Docker, Git, CI/CD, MLOps",Machine Learning Engineer
"Excel, Visio, Stakeholder Management, Power BI, Process Modeling",Business Analyst
"Kubernetes, PyTorch, Scikit-learn, MLOps",Machine Learning Engineer
"Mathematics, Pandas, Deep Learning, Machine Learning",Data Scientist
"AWS, Databricks, Azure",Data Engineer
"Docker, C++, AWS SageMaker, Kubernetes, CI/CD, PyTorch",Machine Learning Engineer
"Tableau, Power BI, QlikSense, Excel",BI Analyst
"ETL, AWS, Azure, NoSQL",Data Engineer
"Power BI, Data Visualization, Statistics, A/B Testing",Data Analyst
"PyTorch, Python, SQL, Mathematics",Data Scientist
"A/B Testing, Excel, Statistics, Google Analytics, R, Tableau",Data Analyst
"ETL, BigQuery, SQL, Airflow, dbt",Analytics Engineer
"Snowflake, Airflow, Data Pipeline, ETL",Analytics Engineer
"BigQuery, dbt, Python",Analytics Engineer
"QlikSense, Data Warehousing, SQL",BI Analyst
"Machine Learning, Scikit-learn, Pandas",Data Scientist
"Excel, Jira, Tableau, Power BI, Requirement Gathering",Business Analyst
"R, Tableau, Statistics, Google Analytics",Data Analyst
"SQL, Git, Data Pipeline, ETL, dbt",Analytics Engineer
"Python, R, SQL, Excel",Data Analyst
"dbt, Git, Data Pipeline",Analytics Engineer
"Agile, Requirement Gathering, Tableau, Stakeholder Management, Power BI",Business Analyst
"Power BI, Stakeholder Management, Process Modeling, Tableau, Jira, Visio",Business Analyst
"SQL, Power BI, DAX, Tableau",BI Analyst
"Python, ETL, Snowflake, Hadoop",Data Engineer
"Tableau, Requirement Gathering, Stakeholder Management",Business Analyst
"Excel, Agile, Visio, Tableau, Process Modeling, Stakeholder Management",Business Analyst
"QlikSense, SQL, Excel, Dashboarding, ETL",BI Analyst
"AWS, Python, SQL, Databricks, NoSQL, Spark",Data Engineer
"BigQuery, dbt, ETL, SQL",Analytics Engineer
"Stakeholder Management, Requirement Gathering, Power BI, Excel, Agile",Business Analyst
"PyTorch, Pandas, Deep Learning",Data Scientist
"TensorFlow, AWS SageMaker, C++, Kubernetes, Docker, CI/CD",Machine Learning Engineer
"SQL, Data Warehousing, QlikSense, Power BI, Excel, ETL",BI Analyst
"Data Modeling, dbt, Python",Analytics Engineer
"Requirement Gathering, Tableau, Jira, Power BI, SQL",Business Analyst
"SQL, Tableau, QlikSense, DAX, Looker, Excel",BI Analyst
"QlikSense, SQL, Dashboarding, Power BI, Tableau, Data Warehousing",BI Analyst
"Stakeholder Management, Agile, Requirement Gathering, Visio, Jira",Business Analyst
"PyTorch, Computer Vision, Mathematics, Scikit-learn, TensorFlow",Data Scientist
"R, Google Analytics, Data Visualization, A/B Testing",Data Analyst
"Power BI, Data Warehousing, Excel",BI Analyst
"Pandas, R, TensorFlow, SQL, PyTorch, Deep Learning",Data Scientist
"Airflow, ETL, Data Pipeline, SQL",Analytics Engineer
"Process Modeling, Visio, SQL",Business Analyst
"R, Power BI, Statistics, Excel, A/B Testing",Data Analyst
"SQL, Process Modeling, Visio, Power BI, Agile",Business Analyst
"SQL, Dashboarding, Looker, ETL",BI Analyst
"Tableau, Agile, Excel",Business Analyst
"SQL, NLP, Python, TensorFlow, Mathematics",Data Scientist
"Kafka, SQL, Databricks, GCP, AWS, Azure",Data Engineer
"TensorFlow, Scikit-learn, CI/CD, Kubernetes, Docker, Python",Machine Learning Engineer
"TensorFlow, Machine Learning, Deep Learning",Data Scientist
"GCP, Airflow, Azure",Data Engineer
"PyTorch, SQL, Pandas, Mathematics, Computer Vision",Data Scientist
"Tableau, Power BI, SQL",BI Analyst
"Power BI, Excel, Google Analytics, A/B Testing, Python, Statistics",Data Analyst
"SQL, R, Data Visualization, A/B Testing",Data Analyst
"DAX, ETL, QlikSense, Looker, Data Warehousing, Tableau",BI Analyst
"Power BI, Excel, QlikSense, Dashboarding, Tableau, ETL",BI Analyst
"SQL, Data Modeling, Python, ETL",Analytics Engineer
"SQL, Agile, Excel",Business Analyst
"Python, Airflow, ETL, dbt, SQL",Analytics Engineer
"Agile, Tableau, Jira, Excel",Business Analyst
"Python, Git, Airflow, SQL",Analytics Engineer
"Looker, QlikSense, Excel, Dashboarding, Data Warehousing, ETL",BI Analyst
"QlikSense, Tableau, ETL, DAX, SQL",BI Analyst
"DAX, SQL, Power BI",BI Analyst
"C++, PyTorch, Git, CI/CD, Kubernetes",Machine Learning Engineer
"Airflow, Python, Data Pipeline, dbt",Analytics Engineer
"Tableau, Google Analytics, R, Power BI, A/B Testing, Statistics",Data Analyst
"A/B Testing, R, Python, Data Visualization",Data Analyst
"Data Warehousing, Power BI, DAX, Tableau, ETL, QlikSense",BI Analyst
"dbt, Git, Python, Airflow, Data Modeling, Data Pipeline",Analytics Engineer
"BigQuery, Data Pipeline, ETL",Analytics Engineer
"SQL, Google Analytics, Statistics, Tableau, Data Visualization",Data Analyst
"Airflow, Data Pipeline, dbt, ETL, Snowflake",Analytics Engineer
"Jira, SQL, Stakeholder Management, Visio",Business Analyst
"Statistics, Data Visualization, Google Analytics, R, Excel",Data Analyst
"Spark, ETL, GCP, Azure",Data Engineer
"Computer Vision, Pandas, Deep Learning",Data Scientist
"CI/CD, Python, AWS SageMaker, PyTorch, Scikit-learn",Machine Learning Engineer
"Data Visualization, R, A/B Testing, Statistics",Data Analyst
"CI/CD, AWS SageMaker, Scikit-learn, PyTorch, Docker, MLOps",Machine Learning Engineer
"Google Analytics, Statistics, Excel, Data Visualization",Data Analyst
"Data Visualization, Google Analytics, SQL, Statistics, A/B Testing, Power BI",Data Analyst
"Python, Databricks, Spark, Airflow, Hadoop, ETL",Data Engineer
"SQL, Hadoop, Spark, Kafka, GCP",Data Engineer
"SQL, Kafka, ETL, NoSQL",Data Engineer
"Excel, Power BI, Google Analytics, Tableau, Statistics, Python",Data Analyst
"Tableau, Excel, Visio, SQL",Business Analyst
"NoSQL, Airflow, ETL, Databricks",Data Engineer
"Docker, Kubernetes, Python, CI/CD, Git, AWS SageMaker",Machine Learning Engineer
"Databricks, Airflow, GCP, Snowflake",Data Engineer
"SQL, Mathematics, TensorFlow, Pandas, PyTorch",Data Scientist
"Mathematics, Machine Learning, PyTorch",Data Scientist
"Process Modeling, Stakeholder Management, SQL, Tableau, Visio, Power BI",Business Analyst
"SQL, Data Modeling, ETL, Git",Analytics Engineer
"Data Modeling, Python, Data Pipeline, ETL, SQL",Analytics Engineer
"GCP, Snowflake, Hadoop",Data Engineer
"Kafka, Azure, GCP, Hadoop, Databricks",Data Engineer
"Airflow, Hadoop, NoSQL",Data Engineer
"SQL, BigQuery, Airflow, Data Pipeline, ETL",Analytics Engineer
"DAX, Tableau, Excel, SQL, ETL",BI Analyst
"Tableau, Dashboarding, SQL, Power BI, QlikSense",BI Analyst
"BigQuery, Git, Data Pipeline, dbt, Snowflake",Analytics Engineer
"Scikit-learn, Python, Git, C++, CI/CD",Machine Learning Engineer
"Python, C++, AWS SageMaker, Git, MLOps",Machine Learning Engineer
"Git, Python, Data Pipeline",Analytics Engineer
"DAX, Excel, Power BI, Tableau, ETL, SQL",BI Analyst
"Data Warehousing, ETL, SQL, Dashboarding, DAX",BI Analyst
"Databricks, Python, Kafka, ETL, Spark, Snowflake",Data Engineer
"Agile, Jira, Process Modeling, Excel",Business Analyst
"A/B Testing, Python, Excel, Google Analytics, SQL, Tableau",Data Analyst
"ETL, Azure, Kafka, Airflow",Data Engineer
"Excel, Data Warehousing, Power BI, Tableau, Looker",BI Analyst
"Statistics, Python, Power BI, Google Analytics",Data Analyst
"Airflow, Spark, Databricks, NoSQL, Python, Snowflake",Data Engineer
"Azure, Spark, Kafka, GCP, Airflow, SQL",Data Engineer
"Pandas, TensorFlow, Mathematics, Scikit-learn",Data Scientist
"Git, TensorFlow, AWS SageMaker, Docker",Machine Learning Engineer
"Spark, Databricks, Snowflake, GCP, NoSQL",Data Engineer
"Snowflake, Python, BigQuery, Airflow",Analytics Engineer
"Excel, Power BI, Tableau",Business Analyst
"SQL, Process Modeling, Visio",Business Analyst
"DAX, ETL, QlikSense, Tableau",BI Analyst
"Databricks, Airflow, Hadoop, Spark",Data Engineer
"Tableau, QlikSense, Dashboarding, Power BI, DAX, Data Warehousing",BI Analyst
"A/B Testing, Python, SQL, Excel, Statistics, R",Data Analyst
"SQL, Agile, Jira, Excel, Visio",Business Analyst
"Spark, Python, Hadoop, Databricks",Data Engineer
"Excel, Data Warehousing, DAX, Looker, Power BI, SQL",BI Analyst
"Python, SQL, NLP, Scikit-learn, R",Data Scientist
"Power BI, Excel, SQL, Tableau, QlikSense",BI Analyst
"Git, C++, Python, Docker",Machine Learning Engineer
"SQL, QlikSense, Power BI",BI Analyst
"R, Power BI, SQL, Python, Tableau",Data Analyst
"Hadoop, ETL, Azure, Spark, Databricks, Python",Data Engineer
"Tableau, R, Python, Excel, Data Visualization",Data Analyst
"Statistics, Python, Power BI, R, A/B Testing",Data Analyst
"GCP, ETL, Python",Data Engineer
"Databricks, GCP, ETL",Data Engineer
"DAX, Power BI, QlikSense, Dashboarding, Data Warehousing",BI Analyst
"Stakeholder Management, Excel, Power BI, Agile, Tableau, Process Modeling",Business Analyst
"Agile, Excel, Tableau, Process Modeling, SQL",Business Analyst
"Machine Learning, Pandas, NLP",Data Scientist
"Databricks, Airflow, SQL, NoSQL, Snowflake, Azure",Data Engineer
"Power BI, Jira, Stakeholder Management, Tableau, Excel",Business Analyst
"Deep Learning, Python, Pandas, Mathematics, TensorFlow",Data Scientist
"C++, PyTorch, Docker, CI/CD",Machine Learning Engineer
"Airflow, SQL, Data Modeling",Analytics Engineer
"BigQuery, Snowflake, Python",Analytics Engineer
"Python, SQL, GCP, Airflow, Spark, AWS",Data Engineer
"Agile, Tableau, Process Modeling",Business Analyst
"Power BI, DAX, Dashboarding, SQL, QlikSense, Excel",BI Analyst
"SQL, Process Modeling, Visio, Jira, Power BI",Business Analyst
"Visio, Stakeholder Management, Requirement Gathering, Process Modeling, Agile",Business Analyst
"R, Pandas, TensorFlow, Computer Vision",Data Scientist
"Python, Kubernetes, Git, Docker, AWS SageMaker",Machine Learning Engineer
"MLOps, Scikit-learn, CI/CD, Docker",Machine Learning Engineer
"Databricks, Kafka, GCP",Data Engineer
"R, Power BI, Excel, Google Analytics, SQL",Data Analyst
"Docker, TensorFlow, Python, PyTorch, Git, AWS SageMaker",Machine Learning Engineer
"Tableau, SQL, Looker, ETL, QlikSense, Excel",BI Analyst
"Git, BigQuery, ETL, Data Pipeline, Airflow, Python",Analytics Engineer
"Hadoop, GCP, Snowflake",Data Engineer
"Scikit-learn, MLOps, C++, Python, Docker",Machine Learning Engineer
"Scikit-learn, PyTorch, Pandas, Mathematics, Deep Learning, TensorFlow",Data Scientist
"AWS SageMaker, Python, PyTorch, Git, Scikit-learn, Docker",Machine Learning Engineer
"Docker, Git, C++, MLOps, Scikit-learn, TensorFlow",Machine Learning Engineer
"ETL, dbt, Data Pipeline, Snowflake",Analytics Engineer
"Stakeholder Management, Power BI, Agile, Excel, Requirement Gathering",Business Analyst
"SQL, AWS, GCP",Data Engineer
"AWS, Spark, Snowflake, GCP, Databricks, Python",Data Engineer
"Agile, SQL, Stakeholder Management",Business Analyst
"PyTorch, Pandas, Scikit-learn, SQL",Data Scientist
"Machine Learning, NLP, Computer Vision, Python",Data Scientist
"Excel, R, Statistics, Data Visualization, Tableau, Python",Data Analyst
"Power BI, Looker, QlikSense",BI Analyst
"dbt, ETL, Snowflake",Analytics Engineer
"SQL, Excel, Tableau, QlikSense, DAX, Data Warehousing",BI Analyst
"Python, Power BI, Tableau, Statistics",Data Analyst
"MLOps, Python, Git, Scikit-learn, Kubernetes",Machine Learning Engineer
"ETL, Data Warehousing, QlikSense, DAX, Dashboarding, Power BI",BI Analyst
"Snowflake, Data Modeling, Data Pipeline, ETL",Analytics Engineer
"dbt, SQL, Python, ETL, Data Pipeline",Analytics Engineer
"Excel, Power BI, SQL, Data Warehousing",BI Analyst
"Visio, Jira, Power BI, SQL",Business Analyst
"Airflow, Spark, NoSQL",Data Engineer
"Python, Hadoop, ETL, AWS",Data Engineer
"Data Warehousing, Tableau, Looker, ETL, DAX, QlikSense",BI Analyst
"Python, SQL, Pandas, Scikit-learn",Data Scientist
"dbt, Data Pipeline, Airflow, Data Modeling, Git, SQL",Analytics Engineer
"Data Pipeline, Git, Snowflake, SQL, dbt",Analytics Engineer
"Computer Vision, PyTorch, Scikit-learn, Deep Learning, Pandas",Data Scientist
"Excel, Statistics, R",Data Analyst
"Docker, AWS SageMaker, TensorFlow",Machine Learning Engineer
"Mathematics, Machine Learning, NLP, Deep Learning, R",Data Scientist
"Snowflake, Data Modeling, Data Pipeline",Analytics Engineer
"R, Google Analytics, Statistics, Python, Tableau",Data Analyst
"Docker, Kubernetes, C++, TensorFlow, MLOps, AWS SageMaker",Machine Learning Engineer
"Data Pipeline, SQL, Git",Analytics Engineer
"Snowflake, Data Pipeline, SQL",Analytics Engineer
"MLOps, C++, PyTorch",Machine Learning Engineer
"Excel, Data Visualization, Statistics, R, A/B Testing, Tableau",Data Analyst
"AWS SageMaker, TensorFlow, Scikit-learn, C++, Docker, Kubernetes",Machine Learning Engineer
"MLOps, PyTorch, CI/CD, Docker, C++",Machine Learning Engineer
"ETL, DAX, Data Warehousing, Looker",BI Analyst
"Snowflake, Python, Git, dbt, BigQuery, SQL",Analytics Engineer
"Databricks, AWS, ETL, Python",Data Engineer
"Git, BigQuery, Data Pipeline, Airflow, ETL",Analytics Engineer
"Stakeholder Management, Tableau, Visio, Jira, Agile",Business Analyst
"Scikit-learn, R, TensorFlow",Data Scientist
"Statistics, Tableau, SQL",Data Analyst
"Data Modeling, dbt, ETL, SQL, Snowflake, Python",Analytics Engineer
"ETL, Power BI, QlikSense, Tableau, Excel",BI Analyst
"Looker, Data Warehousing, Tableau, ETL",BI Analyst
"SQL, Agile, Requirement Gathering, Stakeholder Management",Business Analyst
"Tableau, Looker, Dashboarding",BI Analyst
"Python, Scikit-learn, PyTorch, AWS SageMaker",Machine Learning Engineer
"QlikSense, SQL, ETL, Data Warehousing",BI Analyst
"Tableau, Python, Statistics, Google Analytics, A/B Testing, Excel",Data Analyst
"A/B Testing, Statistics, Power BI, Excel",Data Analyst
"Data Modeling, Python, Git, dbt",Analytics Engineer
"Data Modeling, Git, Airflow, Data Pipeline, BigQuery, Snowflake",Analytics Engineer
"PyTorch, R, Pandas, Deep Learning, Machine Learning, SQL",Data Scientist
"PyTorch, Pandas, Computer Vision",Data Scientist
"Azure, AWS, Kafka, Snowflake, Hadoop, Spark",Data Engineer
"Airflow, Snowflake, ETL, Python, BigQuery, Data Modeling",Analytics Engineer
"SQL, Data Modeling, BigQuery, Data Pipeline",Analytics Engineer
"ETL, Power BI, Tableau, Excel",BI Analyst
"Deep Learning, Scikit-learn, TensorFlow",Data Scientist
"MLOps, Python, TensorFlow",Machine Learning Engineer
"QlikSense, Excel, DAX, Dashboarding",BI Analyst
"Tableau, Python, A/B Testing, SQL, Excel, Statistics",Data Analyst
"Tableau, Agile, Visio",Business Analyst
"Agile, Jira, Power BI",Business Analyst
"Data Warehousing, Dashboarding, Tableau, Looker, ETL",BI Analyst
"Data Visualization, Excel, R, SQL, A/B Testing, Statistics",Data Analyst
"Tableau, Excel, Agile, Requirement Gathering",Business Analyst
"QlikSense, Looker, Excel, SQL, Tableau, Dashboarding",BI Analyst
"AWS SageMaker, MLOps, C++, Scikit-learn",Machine Learning Engineer
"Mathematics, SQL, Machine Learning, Deep Learning, PyTorch, Pandas",Data Scientist
"Azure, Kafka, Spark",Data Engineer
"Excel, Python, Tableau",Data Analyst
"Statistics, Excel, Power BI",Data Analyst
"Kafka, Airflow, SQL",Data Engineer
"Jira, SQL, Visio",Business Analyst
"Machine Learning, PyTorch, Scikit-learn, Python",Data Scientist
"DAX, Looker, Dashboarding, QlikSense, Data Warehousing",BI Analyst
"SQL, Statistics, R, Tableau, Google Analytics, Data Visualization",Data Analyst
"Scikit-learn, Pandas, Computer Vision",Data Scientist
"Google Analytics, Statistics, A/B Testing, Tableau, R, Python",Data Analyst
"R, Deep Learning, TensorFlow, NLP, Mathematics",Data Scientist
"SQL, Data Pipeline, dbt",Analytics Engineer
"DAX, Looker, Tableau, Excel",BI Analyst
"Power BI, SQL, Process Modeling, Jira",Business Analyst
"Data Pipeline, Snowflake, Git, Data Modeling, Airflow, BigQuery",Analytics Engineer
"SQL, PyTorch, Mathematics, Python",Data Scientist
"SQL, Stakeholder Management, Power BI",Business Analyst
"Databricks, Python, AWS",Data Engineer
"NLP, Machine Learning, TensorFlow, Python, R",Data Scientist
"MLOps, AWS SageMaker, Python, Docker, Scikit-learn",Machine Learning Engineer
"Process Modeling, Visio, Excel",Business Analyst
"Airflow, ETL, SQL",Data Engineer
"Azure, NoSQL, ETL, Kafka",Data Engineer
"Scikit-learn, CI/CD, Docker, Git, PyTorch",Machine Learning Engineer
"TensorFlow, NLP, Pandas, Computer Vision, Mathematics, PyTorch",Data Scientist
"Stakeholder Management, Tableau, Excel, Agile, Power BI, SQL",Business Analyst
"Data Pipeline, Git, dbt, Airflow",Analytics Engineer
"Dashboarding, Power BI, Data Warehousing",BI Analyst
"Python, Data Pipeline, Git, Airflow",Analytics Engineer
"Snowflake, Git, Data Pipeline, ETL",Analytics Engineer
"Process Modeling, Jira, Visio, Excel",Business Analyst
"TensorFlow, Scikit-learn, Git",Machine Learning Engineer
"Computer Vision, R, Python",Data Scientist
"Machine Learning, NLP, SQL",Data Scientist
"SQL, Machine Learning, Deep Learning, TensorFlow, Scikit-learn, Pandas",Data Scientist
"SQL, Machine Learning, Pandas, Computer Vision",Data Scientist
"R, Google Analytics, Python, Power BI, Data Visualization",Data Analyst
"Scikit-learn, Git, Python, Docker, Kubernetes, CI/CD",Machine Learning Engineer
"Data Warehousing, QlikSense, Power BI, Tableau, Looker",BI Analyst
"Pandas, Python, Mathematics, NLP, PyTorch",Data Scientist
"Looker, ETL, Excel, SQL",BI Analyst
"PyTorch, Mathematics, Deep Learning, Pandas, Scikit-learn",Data Scientist
"Azure, Databricks, Snowflake, ETL, AWS, Airflow",Data Engineer
"Power BI, DAX, QlikSense, Excel, SQL, Dashboarding",BI Analyst
"Excel, Looker, SQL, Data Warehousing",BI Analyst
"TensorFlow, PyTorch, SQL",Data Scientist
"Snowflake, Python, BigQuery, dbt, Data Modeling",Analytics Engineer
"Excel, Requirement Gathering, Tableau, Agile, SQL, Power BI",Business Analyst
"Hadoop, Spark, Kafka, Databricks, Airflow, Azure",Data Engineer
"PyTorch, MLOps, Kubernetes, Git",Machine Learning Engineer
"Excel, Statistics, Tableau",Data Analyst
"TensorFlow, PyTorch, Mathematics, NLP",Data Scientist
"C++, MLOps, Python, AWS SageMaker, Scikit-learn, TensorFlow",Machine Learning Engineer
"MLOps, CI/CD, PyTorch, C++",Machine Learning Engineer
"Dashboarding, Tableau, Power BI, Excel, ETL",BI Analyst
"Agile, Excel, Jira, Requirement Gathering",Business Analyst
"SQL, ETL, Snowflake, Python, NoSQL",Data Engineer
"Docker, Python, CI/CD, PyTorch, Scikit-learn",Machine Learning Engineer
"DAX, Tableau, Data Warehousing, Power BI, Looker, SQL",BI Analyst
"Airflow, Data Pipeline, SQL, BigQuery, Snowflake, dbt",Analytics Engineer
"Excel, Stakeholder Management, Agile",Business Analyst
"Jira, Tableau, Requirement Gathering, Stakeholder Management, Process Modeling, Agile",Business Analyst
"Kubernetes, Scikit-learn, CI/CD",Machine Learning Engineer
"SQL, Machine Learning, R, Python",Data Scientist
"Python, Snowflake, BigQuery, dbt, Airflow",Analytics Engineer
"BigQuery, SQL, dbt, Git",Analytics Engineer
"Agile, Requirement Gathering, Visio, Power BI, Jira, SQL",Business Analyst
"Jira, Process Modeling, Requirement Gathering, Power BI",Business Analyst
"SQL, TensorFlow, Machine Learning, NLP, Deep Learning, Scikit-learn",Data Scientist
"Pandas, Deep Learning, Machine Learning, Python, R, TensorFlow",Data Scientist
"Stakeholder Management, SQL, Requirement Gathering, Tableau",Business Analyst
"Pandas, Deep Learning, Computer Vision",Data Scientist
"Jira, Agile, Visio, Requirement Gathering",Business Analyst
"Kafka, Airflow, ETL, GCP",Data Engineer
"Python, Data Visualization, Google Analytics, Power BI, Tableau, A/B Testing",Data Analyst
"PyTorch, C++, AWS SageMaker, Git, CI/CD",Machine Learning Engineer
"Azure, AWS, SQL, Kafka, NoSQL, ETL",Data Engineer
"Machine Learning, Deep Learning, Pandas, NLP, TensorFlow, SQL",Data Scientist
"Databricks, Hadoop, Spark",Data Engineer
"Requirement Gathering, Stakeholder Management, Tableau",Business Analyst
"Data Modeling, dbt, Airflow, Git, BigQuery, Snowflake",Analytics Engineer
"Deep Learning, Python, Mathematics, NLP, Pandas, Machine Learning",Data Scientist
"R, Tableau, A/B Testing, Data Visualization, SQL",Data Analyst
"Process Modeling, Visio, Stakeholder Management",Business Analyst
"Jira, Agile, Process Modeling, Excel, SQL",Business Analyst
"SQL, Deep Learning, Computer Vision",Data Scientist
"Python, Azure, Kafka",Data Engineer
"Python, Machine Learning, R",Data Scientist
"Scikit-learn, TensorFlow, Machine Learning",Data Scientist
"Stakeholder Management, SQL, Power BI, Tableau, Visio",Business Analyst
"Statistics, Excel, R",Data Analyst
"Machine Learning, Deep Learning, Python, PyTorch, Computer Vision, R",Data Scientist
"Process Modeling, Excel, Stakeholder Management, Power BI, Agile",Business Analyst
"Data Modeling, Airflow, dbt",Analytics Engineer
"Visio, Process Modeling, Requirement Gathering, Power BI, Tableau, SQL",Business Analyst
"Scikit-learn, Git, AWS SageMaker, Kubernetes, Python, TensorFlow",Machine Learning Engineer
"Stakeholder Management, Excel, Visio",Business Analyst
"Excel, Tableau, Agile",Business Analyst
"Visio, SQL, Process Modeling, Agile, Requirement Gathering",Business Analyst
"Power BI, Data Warehousing, Excel, ETL, DAX",BI Analyst
"Python, AWS, GCP, ETL",Data Engineer
"SQL, A/B Testing, Statistics, R, Tableau, Power BI",Data Analyst
"CI/CD, Kubernetes, PyTorch, C++, Scikit-learn, MLOps",Machine Learning Engineer
"SQL, Data Warehousing, QlikSense, Looker, ETL",BI Analyst
"Power BI, SQL, DAX, Data Warehousing, QlikSense, Excel",BI Analyst
"Requirement Gathering, Agile, Jira, Process Modeling",Business Analyst
"Power BI, SQL, Requirement Gathering",Business Analyst
"BigQuery, Git, SQL, Data Modeling, Data Pipeline, Airflow",Analytics Engineer
"ETL, Python, BigQuery, Airflow, Snowflake",Analytics Engineer
"C++, TensorFlow, MLOps",Machine Learning Engineer
"Google Analytics, Statistics, SQL, A/B Testing",Data Analyst
"R, A/B Testing, Excel, SQL, Statistics, Data Visualization",Data Analyst
"Agile, Stakeholder Management, Power BI",Business Analyst
"Mathematics, NLP, Python, PyTorch, SQL",Data Scientist
"R, Scikit-learn, TensorFlow, Deep Learning, NLP, Machine Learning",Data Scientist
"Data Visualization, Excel, SQL, Python",Data Analyst
"Data Visualization, Power BI, Statistics, SQL, Google Analytics",Data Analyst
"SQL, QlikSense, Excel",BI Analyst
"NLP, Machine Learning, Mathematics, SQL, Python, Deep Learning",Data Scientist
"PyTorch, SQL, Machine Learning, Scikit-learn",Data Scientist
"R, Statistics, A/B Testing, Excel",Data Analyst
"AWS SageMaker, PyTorch, MLOps, Python, C++",Machine Learning Engineer
"Requirement Gathering, Stakeholder Management, SQL, Visio",Business Analyst
"Hadoop, Spark, GCP, Airflow",Data Engineer
"QlikSense, Power BI, Looker",BI Analyst
"Python, Scikit-learn, Machine Learning",Data Scientist
"SQL, Data Warehousing, Dashboarding, Excel, DAX, Looker",BI Analyst
"Docker, Kubernetes, Python",Machine Learning Engineer
"NoSQL, Azure, Python, Kafka",Data Engineer
"SQL, Excel, Statistics, Data Visualization",Data Analyst
"Data Visualization, Power BI, A/B Testing, Python, R, SQL",Data Analyst
"Scikit-learn, C++, Python, TensorFlow, Docker, AWS SageMaker",Machine Learning Engineer
"ETL, Data Warehousing, Power BI, Looker, DAX",BI Analyst
"R, SQL, Excel, A/B Testing",Data Analyst
"R, Data Visualization, Statistics, A/B Testing, Python, SQL",Data Analyst
"Python, SQL, Excel, Data Visualization, R, Statistics",Data Analyst
"DAX, Power BI, Data Warehousing, Looker, SQL",BI Analyst
"SQL, Looker, DAX",BI Analyst
"DAX, Data Warehousing, Looker",BI Analyst
"TensorFlow, Scikit-learn, CI/CD, Python, Git",Machine Learning Engineer
"AWS, SQL, Python, NoSQL",Data Engineer
"ETL, Data Modeling, BigQuery, Git",Analytics Engineer
"Deep Learning, NLP, Computer Vision, Pandas",Data Scientist
"Python, Tableau, Google Analytics, A/B Testing, R, Data Visualization",Data Analyst
"Git, PyTorch, Docker",Machine Learning Engineer
"Google Analytics, Python, Power BI, A/B Testing, Excel",Data Analyst
"SQL, Python, BigQuery, Data Modeling, Airflow, Git",Analytics Engineer
"C++, Scikit-learn, PyTorch, Git",Machine Learning Engineer
"Snowflake, Airflow, Data Pipeline, BigQuery",Analytics Engineer
"SQL, Python, ETL, Snowflake, dbt, BigQuery",Analytics Engineer
"Visio, Process Modeling, Excel, Jira, Requirement Gathering, Tableau",Business Analyst
"R, Power BI, Python",Data Analyst
"R, Scikit-learn, Mathematics, NLP, Python, Deep Learning",Data Scientist
"MLOps, CI/CD, Python, TensorFlow, PyTorch",Machine Learning Engineer
"R, Tableau, A/B Testing",Data Analyst
"Pandas, PyTorch, Scikit-learn",Data Scientist
"Tableau, Python, R, Data Visualization",Data Analyst
"GCP, Airflow, Python, NoSQL",Data Engineer
"Excel, Tableau, SQL",Business Analyst
"Git, Kubernetes, CI/CD, TensorFlow",Machine Learning Engineer
"Excel, Data Warehousing, Looker, Dashboarding, ETL",BI Analyst
"Excel, R, SQL",Data Analyst
"Deep Learning, NLP, TensorFlow, PyTorch",Data Scientist
"Tableau, Python, Excel, Statistics, SQL, R",Data Analyst
"AWS SageMaker, Python, PyTorch",Machine Learning Engineer
"Machine Learning, Pandas, NLP, SQL, Deep Learning, TensorFlow",Data Scientist
"TensorFlow, Scikit-learn, Mathematics, Python, SQL",Data Scientist
"Kubernetes, Docker, Git, TensorFlow, CI/CD, AWS SageMaker",Machine Learning Engineer
"Google Analytics, Excel, Python, SQL",Data Analyst
"Git, MLOps, TensorFlow, Kubernetes, AWS SageMaker, Python",Machine Learning Engineer
"Tableau, Power BI, DAX, QlikSense, Data Warehousing",BI Analyst
"Python, Snowflake, dbt",Analytics Engineer
"Git, TensorFlow, Scikit-learn, AWS SageMaker, Kubernetes",Machine Learning Engineer
"Looker, Tableau, ETL, Dashboarding, Power BI, SQL",BI Analyst
"Git, SQL, Snowflake, BigQuery",Analytics Engineer
"CI/CD, MLOps, TensorFlow, C++, Scikit-learn, Python",Machine Learning Engineer
"Tableau, A/B Testing, Google Analytics, Power BI, SQL, R",Data Analyst
"Airflow, Snowflake, NoSQL, AWS",Data Engineer
"Computer Vision, Pandas, Machine Learning, Deep Learning, Python",Data Scientist
"Airflow, dbt, ETL, Python",Analytics Engineer
"Agile, Stakeholder Management, Tableau",Business Analyst
"Power BI, A/B Testing, SQL, R, Excel, Tableau",Data Analyst
"Power BI, SQL, Python, Google Analytics, R",Data Analyst
"R, Excel, Google Analytics, SQL",Data Analyst
"Statistics, Power BI, Excel, Data Visualization, Python, Tableau",Data Analyst
"Python, R, Tableau, SQL, Statistics",Data Analyst
"GCP, Hadoop, SQL, Azure",Data Engineer
"Power BI, Jira, Excel, Stakeholder Management, Agile",Business Analyst
"NLP, Machine Learning, Computer Vision, Deep Learning, TensorFlow, Python",Data Scientist
"Python, C++, AWS SageMaker",Machine Learning Engineer
"Stakeholder Management, Visio, Power BI",Business Analyst
"Deep Learning, PyTorch, Python, Mathematics, Machine Learning, Scikit-learn",Data Scientist
"Hadoop, Spark, Airflow, SQL, AWS",Data Engineer
"Power BI, Stakeholder Management, Requirement Gathering, SQL, Visio, Jira",Business Analyst
"Snowflake, Spark, SQL, Azure, Hadoop, NoSQL",Data Engineer
"Python, TensorFlow, PyTorch, Scikit-learn, Git, AWS SageMaker",Machine Learning Engineer
"NoSQL, ETL, Databricks",Data Engineer
"Python, Git, Docker, TensorFlow, MLOps",Machine Learning Engineer
"Computer Vision, TensorFlow, Pandas, Mathematics",Data Scientist
"Pandas, SQL, Computer Vision, NLP, Scikit-learn, Mathematics",Data Scientist
"Pandas, SQL, NLP, Deep Learning",Data Scientist
"ETL, Power BI, SQL, DAX, Dashboarding, Tableau",BI Analyst
"Data Pipeline, Snowflake, BigQuery, Git",Analytics Engineer
"Python, Kafka, ETL, Databricks, SQL",Data Engineer
"ETL, Power BI, Excel, Looker",BI Analyst
"Python, Snowflake, SQL",Data Engineer
"SQL, Scikit-learn, NLP, Python",Data Scientist
"SQL, Data Warehousing, Power BI, DAX, QlikSense, Looker",BI Analyst
"Python, Snowflake, Data Pipeline, dbt",Analytics Engineer
"Statistics, Data Visualization, Google Analytics, Excel, A/B Testing, R",Data Analyst
"ETL, Looker, QlikSense",BI Analyst
"ETL, Power BI, DAX, QlikSense, Dashboarding",BI Analyst
"SQL, Airflow, dbt, Python, Git, Data Pipeline",Analytics Engineer
"R, PyTorch, Machine Learning, Scikit-learn, Pandas, SQL",Data Scientist
"Machine Learning, Python, Mathematics",Data Scientist
"Python, Docker, CI/CD, Kubernetes, PyTorch",Machine Learning Engineer
"Data Pipeline, dbt, Git, SQL, BigQuery, ETL",Analytics Engineer
"Python, SQL, ETL, Airflow",Analytics Engineer
"Agile, Power BI, Stakeholder Management, Requirement Gathering, Excel",Business Analyst
"Pandas, Python, Mathematics, Deep Learning",Data Scientist
"Power BI, Jira, Tableau, Process Modeling",Business Analyst
"Spark, GCP, Hadoop",Data Engineer
"Statistics, Excel, Data Visualization, Tableau, A/B Testing",Data Analyst
"Data Warehousing, Looker, ETL, SQL",BI Analyst
"Excel, Visio, Process Modeling, Agile, SQL",Business Analyst
"Requirement Gathering, Excel, SQL",Business Analyst
"SQL, R, Python, Excel",Data Analyst
"Visio, SQL, Tableau, Requirement Gathering, Agile",Business Analyst
"AWS, Python, Databricks, SQL, Azure",Data Engineer
"BigQuery, SQL, Airflow",Analytics Engineer
"NLP, TensorFlow, R, Scikit-learn, SQL, Deep Learning",Data Scientist
"Azure, GCP, Spark",Data Engineer
"Visio, Stakeholder Management, Jira, Power BI",Business Analyst
"Requirement Gathering, Excel, SQL, Stakeholder Management, Power BI",Business Analyst
"Airflow, Hadoop, GCP, ETL, Spark",Data Engineer
"Kafka, Spark, Hadoop, Airflow, Databricks",Data Engineer
"ETL, Power BI, Excel, Looker, QlikSense, Dashboarding",BI Analyst
"Pandas, Machine Learning, Mathematics, TensorFlow, SQL",Data Scientist
"Data Pipeline, Git, Data Modeling",Analytics Engineer
"Databricks, SQL, Spark, Hadoop, Snowflake, NoSQL",Data Engineer
"Data Warehousing, DAX, Tableau, Excel",BI Analyst
"Process Modeling, Stakeholder Management, Requirement Gathering, Jira",Business Analyst
"Power BI, Excel, SQL",Business Analyst
"Visio, Power BI, Process Modeling, Agile, Excel",Business Analyst
"PyTorch, CI/CD, AWS SageMaker",Machine Learning Engineer
"SQL, BigQuery, Airflow, dbt, Snowflake, Data Pipeline",Analytics Engineer
"QlikSense, Excel, Tableau",BI Analyst
"SQL, DAX, QlikSense, Excel, Power BI",BI Analyst
"Agile, Requirement Gathering, SQL",Business Analyst
"Jira, Power BI, Agile",Business Analyst
"SQL, Tableau, QlikSense, Dashboarding",BI Analyst
"AWS, Azure, Spark, Airflow, GCP, SQL",Data Engineer
"SQL, Agile, Requirement Gathering",Business Analyst
"Python, Computer Vision, Deep Learning, SQL",Data Scientist
"Hadoop, NoSQL, Azure, SQL, Snowflake, Python",Data Engineer
"NLP, Mathematics, SQL, Python",Data Scientist
"Tableau, Visio, Process Modeling, SQL",Business Analyst
"SQL, Python, Computer Vision, R, Pandas",Data Scientist
"ETL, Data Warehousing, Looker, DAX",BI Analyst
"Power BI, Excel, Looker, Tableau, Data Warehousing",BI Analyst
"SQL, Snowflake, Databricks, GCP",Data Engineer
"Machine Learning, TensorFlow, PyTorch",Data Scientist
"Statistics, Python, Data Visualization, A/B Testing",Data Analyst
"Git, CI/CD, C++, Python",Machine Learning Engineer
"Python, Data Visualization, Statistics, R, Tableau",Data Analyst
"Python, CI/CD, PyTorch",Machine Learning Engineer
"dbt, Airflow, Git, Python, ETL, Data Pipeline",Analytics Engineer
"Databricks, Spark, Kafka, AWS, SQL, Hadoop",Data Engineer
"AWS SageMaker, C++, Git",Machine Learning Engineer
"NoSQL, Spark, GCP, Snowflake",Data Engineer
"SQL, Data Modeling, Git, Snowflake",Analytics Engineer
"Tableau, Excel, Stakeholder Management, SQL, Agile",Business Analyst
"Jira, Excel, Power BI",Business Analyst
"GCP, Snowflake, Azure, Databricks, Airflow",Data Engineer
"Jira, Excel, Tableau, Visio, Stakeholder Management, Requirement Gathering",Business Analyst
"ETL, dbt, Git, Airflow, Data Modeling",Analytics Engineer
"TensorFlow, Python, MLOps",Machine Learning Engineer
"Databricks, Python, Hadoop, AWS",Data Engineer
"SQL, ETL, Excel, Power BI, Data Warehousing",BI Analyst
"BigQuery, Data Modeling, Python",Analytics Engineer
"BigQuery, ETL, Git",Analytics Engineer
"Excel, Agile, SQL, Tableau, Power BI",Business Analyst
"C++, Kubernetes, AWS SageMaker, Scikit-learn",Machine Learning Engineer
"Agile, Process Modeling, Tableau, Jira, Excel",Business Analyst
"SQL, GCP, AWS, Kafka, Hadoop, ETL",Data Engineer
"Power BI, QlikSense, SQL, Excel",BI Analyst
"Python, Data Visualization, Tableau, R, Excel",Data Analyst
"Machine Learning, Deep Learning, Pandas, Scikit-learn, TensorFlow",Data Scientist
"Power BI, Visio, Tableau, Agile, Stakeholder Management",Business Analyst
"AWS, Azure, Snowflake, ETL, Airflow, Databricks",Data Engineer
"Python, ETL, BigQuery, Data Modeling",Analytics Engineer
"A/B Testing, Tableau, Power BI",Data Analyst
"Excel, Requirement Gathering, Stakeholder Management, Power BI, Jira",Business Analyst
"Statistics, R, Tableau, Power BI, Data Visualization, Python",Data Analyst
"Git, TensorFlow, MLOps, PyTorch",Machine Learning Engineer
"SQL, Snowflake, BigQuery, dbt",Analytics Engineer
"Jira, Excel, Requirement Gathering, Power BI",Business Analyst
"Excel, Stakeholder Management, Requirement Gathering, Jira, Tableau, Power BI",Business Analyst
"SQL, Visio, Requirement Gathering, Jira, Excel",Business Analyst
"R, Deep Learning, Python",Data Scientist
"Azure, NoSQL, Hadoop, Python, SQL",Data Engineer
"R, Python, Data Visualization",Data Analyst
"Airflow, Data Modeling, dbt",Analytics Engineer
"Power BI, Python, R, Statistics",Data Analyst
"Process Modeling, Agile, Excel, SQL",Business Analyst
"NoSQL, Snowflake, ETL",Data Engineer
"NLP, Computer Vision, Scikit-learn",Data Scientist
"AWS, Databricks, Snowflake, Azure, GCP",Data Engineer
"ETL, BigQuery, Git, Snowflake, Data Pipeline, Python",Analytics Engineer
"Scikit-learn, Docker, Git, C++",Machine Learning Engineer
"Google Analytics, A/B Testing, Power BI, R, Excel, Python",Data Analyst
"Python, Tableau, Data Visualization, SQL",Data Analyst
"TensorFlow, R, Pandas, Python, Computer Vision",Data Scientist
"Python, Data Visualization, Power BI, Google Analytics, Tableau, Excel",Data Analyst
"TensorFlow, Python, C++, Git, CI/CD, PyTorch",Machine Learning Engineer
"Python, Statistics, Excel, R, Google Analytics",Data Analyst
"Snowflake, Data Modeling, BigQuery, Data Pipeline, Airflow, ETL",Analytics Engineer
"dbt, SQL, Data Pipeline, ETL, Python",Analytics Engineer
"Scikit-learn, R, Deep Learning, TensorFlow, NLP",Data Scientist
"Airflow, AWS, GCP, Azure",Data Engineer
"AWS SageMaker, C++, TensorFlow",Machine Learning Engineer
"Databricks, GCP, Python, NoSQL",Data Engineer
"Power BI, Looker, SQL, Excel, Dashboarding, Tableau",BI Analyst
"Dashboarding, Data Warehousing, Tableau, Excel, DAX",BI Analyst
"R, NLP, SQL, Computer Vision, Python",Data Scientist
"AWS SageMaker, Scikit-learn, TensorFlow",Machine Learning Engineer
"Tableau, Python, A/B Testing, Excel, SQL, Statistics",Data Analyst
"R, Tableau, Google Analytics, SQL",Data Analyst
"Pandas, Scikit-learn, PyTorch, SQL, R",Data Scientist
"Scikit-learn, PyTorch, TensorFlow, Docker",Machine Learning Engineer
"Scikit-learn, Git, C++, Python, MLOps",Machine Learning Engineer
"Visio, Requirement Gathering, Power BI, Excel, Stakeholder Management, Agile",Business Analyst
"Stakeholder Management, Requirement Gathering, Power BI, Visio, Jira, Process Modeling",Business Analyst
"Git, dbt, SQL, Airflow",Analytics Engineer
"Excel, Process Modeling, Stakeholder Management, Agile, SQL, Visio",Business Analyst
"Kubernetes, Git, AWS SageMaker",Machine Learning Engineer
"Tableau, R, Excel, Statistics, Power BI",Data Analyst
"QlikSense, DAX, Tableau, Data Warehousing, Dashboarding, ETL",BI Analyst
"Docker, PyTorch, Git, CI/CD, AWS SageMaker, MLOps",Machine Learning Engineer
"ETL, SQL, Data Modeling, Data Pipeline, dbt, BigQuery",Analytics Engineer
"SQL, Power BI, R, Excel, Google Analytics",Data Analyst
"PyTorch, Scikit-learn, TensorFlow, R, Computer Vision",Data Scientist
"dbt, SQL, Snowflake, Data Pipeline",Analytics Engineer
"Power BI, Data Warehousing, Tableau",BI Analyst
"Google Analytics, R, Excel, Tableau",Data Analyst
"Agile, Tableau, Stakeholder Management, Power BI, Jira",Business Analyst
"Excel, Agile, Requirement Gathering, Power BI, Jira",Business Analyst
"Python, Scikit-learn, Kubernetes, Docker, MLOps, TensorFlow",Machine Learning Engineer
"Pandas, NLP, Machine Learning",Data Scientist
"Machine Learning, SQL, Mathematics, Scikit-learn, R",Data Scientist
"Hadoop, Python, Snowflake, Azure",Data Engineer
"Data Pipeline, BigQuery, Airflow, Snowflake, dbt",Analytics Engineer
"Process Modeling, Tableau, Excel, Agile, SQL, Jira",Business Analyst
"Data Modeling, Data Pipeline, BigQuery, Git, Airflow, SQL",Analytics Engineer
"Docker, Kubernetes, PyTorch",Machine Learning Engineer
"Hadoop, SQL, Airflow, NoSQL",Data Engineer
"PyTorch, Docker, Scikit-learn, CI/CD, TensorFlow, C++",Machine Learning Engineer
"TensorFlow, Kubernetes, Git, Scikit-learn, Docker, C++",Machine Learning Engineer
"Visio, Jira, Tableau, Power BI, Excel",Business Analyst
"Statistics, R, A/B Testing, Google Analytics",Data Analyst
"SQL, Visio, Power BI, Stakeholder Management, Excel, Requirement Gathering",Business Analyst
"Jira, Process Modeling, Agile, Requirement Gathering, Excel, Visio",Business Analyst
"Pandas, Machine Learning, SQL, R",Data Scientist
"Power BI, Excel, Stakeholder Management, Visio",Business Analyst
"Git, CI/CD, C++, Docker, Python",Machine Learning Engineer
"TensorFlow, Pandas, R, Deep Learning",Data Scientist
"Data Modeling, BigQuery, Data Pipeline",Analytics Engineer
"Power BI, QlikSense, Looker",BI Analyst
"Excel, Jira, Stakeholder Management, SQL, Process Modeling, Tableau",Business Analyst
"Mathematics, R, PyTorch, Deep Learning, Scikit-learn, Computer Vision",Data Scientist
"Stakeholder Management, Process Modeling, Requirement Gathering, SQL",Business Analyst
"Requirement Gathering, Agile, Excel, Jira, Stakeholder Management, Visio",Business Analyst
"Stakeholder Management, Tableau, SQL, Requirement Gathering, Visio",Business Analyst
"NoSQL, Airflow, AWS",Data Engineer
"PyTorch, Pandas, Scikit-learn, SQL",Data Scientist
"Data Pipeline, Python, dbt, Data Modeling, BigQuery, Snowflake",Analytics Engineer
"Looker, Dashboarding, QlikSense, ETL, Tableau",BI Analyst
"ETL, Python, Data Modeling, Snowflake, Airflow, BigQuery",Analytics Engineer
"Stakeholder Management, SQL, Requirement Gathering, Visio",Business Analyst
"Kafka, NoSQL, Azure, Databricks, Airflow",Data Engineer
"Mathematics, PyTorch, Machine Learning",Data Scientist
"Power BI, Tableau, ETL",BI Analyst
"Airflow, SQL, Python, ETL, Git, Data Modeling",Analytics Engineer
"Pandas, Computer Vision, Deep Learning, PyTorch, NLP, SQL",Data Scientist
"Databricks, SQL, Python, Hadoop, AWS, Snowflake",Data Engineer
"Process Modeling, Jira, Stakeholder Management, Agile",Business Analyst
"TensorFlow, Kubernetes, AWS SageMaker",Machine Learning Engineer
"R, Google Analytics, Tableau",Data Analyst
"ETL, dbt, Data Pipeline, BigQuery, Airflow",Analytics Engineer
"Process Modeling, Requirement Gathering, Power BI",Business Analyst
"ETL, QlikSense, Excel, Data Warehousing",BI Analyst
"ETL, SQL, AWS",Data Engineer
"AWS SageMaker, MLOps, C++, PyTorch, Docker, TensorFlow",Machine Learning Engineer
"dbt, Data Modeling, BigQuery",Analytics Engineer
"Excel, Data Warehousing, SQL",BI Analyst
"Git, C++, TensorFlow, AWS SageMaker, PyTorch",Machine Learning Engineer
"Data Modeling, dbt, BigQuery, ETL, Snowflake",Analytics Engineer
"Python, Statistics, R, Power BI",Data Analyst
"Hadoop, Airflow, NoSQL, GCP, SQL, Snowflake",Data Engineer
"Data Warehousing, QlikSense, SQL, Excel",BI Analyst
"Data Visualization, Statistics, A/B Testing",Data Analyst
"Dashboarding, Data Warehousing, Looker, DAX, Power BI",BI Analyst
"Python, BigQuery, SQL, Git, dbt, Data Pipeline",Analytics Engineer
"TensorFlow, MLOps, Docker, Git, CI/CD, Kubernetes",Machine Learning Engineer
"Python, R, Scikit-learn, Pandas, SQL",Data Scientist
"Git, MLOps, Scikit-learn, C++, AWS SageMaker",Machine Learning Engineer
"ETL, GCP, Spark",Data Engineer
"Python, ETL, dbt",Analytics Engineer
"SQL, Requirement Gathering, Agile, Stakeholder Management",Business Analyst
"SQL, Power BI, Tableau, Python, Data Visualization",Data Analyst
"C++, Python, MLOps, Git",Machine Learning Engineer
"Excel, SQL, Process Modeling",Business Analyst
"Jira, Process Modeling, Visio, Tableau",Business Analyst
"Tableau, Power BI, SQL, Requirement Gathering, Visio",Business Analyst
"Excel, SQL, R, Power BI, Python, Statistics",Data Analyst
"NLP, Scikit-learn, Computer Vision, Mathematics, Python, PyTorch",Data Scientist
"Scikit-learn, Git, Python, CI/CD, MLOps",Machine Learning Engineer
"CI/CD, Python, Docker, PyTorch, MLOps, Kubernetes",Machine Learning Engineer
"Jira, Process Modeling, Agile",Business Analyst
"Dashboarding, ETL, SQL, Looker",BI Analyst
"Agile, Tableau, Excel, Process Modeling, Jira",Business Analyst
"Mathematics, Scikit-learn, R, Computer Vision, Python",Data Scientist
"Data Pipeline, dbt, Snowflake, Data Modeling",Analytics Engineer
"QlikSense, Power BI, Dashboarding, Tableau, ETL, SQL",BI Analyst
"dbt, Airflow, BigQuery, SQL",Analytics Engineer
"CI/CD, Scikit-learn, AWS SageMaker, C++",Machine Learning Engineer
"Requirement Gathering, Stakeholder Management, Power BI",Business Analyst
"Stakeholder Management, SQL, Power BI, Visio",Business Analyst
"Python, ETL, Data Modeling, dbt, BigQuery",Analytics Engineer
"Process Modeling, Jira, SQL, Power BI, Stakeholder Management, Visio",Business Analyst
"MLOps, Git, Docker, Scikit-learn, PyTorch, AWS SageMaker",Machine Learning Engineer
"R, Python, Data Visualization, Statistics, Tableau, A/B Testing",Data Analyst
"SQL, A/B Testing, R, Excel, Power BI",Data Analyst
"DAX, Excel, Data Warehousing",BI Analyst
"Kubernetes, Python, C++, Docker",Machine Learning Engineer
"Stakeholder Management, Power BI, Visio, Requirement Gathering",Business Analyst
"Machine Learning, Python, Pandas, Deep Learning, R",Data Scientist
"Power BI, ETL, Looker, DAX",BI Analyst
"SQL, ETL, Power BI, Looker, Data Warehousing",BI Analyst
"ETL, Snowflake, Python, BigQuery, SQL, Data Pipeline",Analytics Engineer
"Kafka, NoSQL, Databricks",Data Engineer
"R, Deep Learning, TensorFlow, NLP, PyTorch",Data Scientist
"R, Tableau, Google Analytics, A/B Testing",Data Analyst
"Spark, ETL, Databricks, GCP, AWS, Snowflake",Data Engineer
"Jira, Excel, Agile, Process Modeling, Power BI, Requirement Gathering",Business Analyst
"AWS SageMaker, Kubernetes, C++, MLOps",Machine Learning Engineer
"ETL, SQL, Excel",BI Analyst
"NoSQL, ETL, AWS, GCP, Python",Data Engineer
"Power BI, QlikSense, Looker",BI Analyst
"BigQuery, Python, Data Pipeline, Data Modeling",Analytics Engineer
"Databricks, Hadoop, Azure",Data Engineer
"Visio, Stakeholder Management, Agile, Excel, Process Modeling, Tableau",Business Analyst
"Python, R, PyTorch, Machine Learning, Deep Learning, Mathematics",Data Scientist
"Hadoop, GCP, ETL",Data Engineer
"Git, Python, TensorFlow, Scikit-learn, Docker",Machine Learning Engineer
"QlikSense, ETL, SQL, Power BI",BI Analyst
"Tableau, Power BI, Process Modeling, Excel, Jira",Business Analyst
"Spark, Snowflake, AWS, Kafka, Python",Data Engineer
"NoSQL, Python, Airflow",Data Engineer
"Data Warehousing, QlikSense, Tableau, Power BI, SQL, ETL",BI Analyst
"Power BI, Statistics, Tableau, A/B Testing",Data Analyst
"Data Warehousing, Power BI, QlikSense, Excel, ETL, Looker",BI Analyst
"PyTorch, Python, Deep Learning, TensorFlow, R, NLP",Data Scientist
"Kubernetes, Python, Docker, PyTorch, C++, CI/CD",Machine Learning Engineer
"SQL, Spark, Python, Hadoop, Snowflake",Data Engineer
"Visio, Process Modeling, Stakeholder Management, SQL, Jira, Tableau",Business Analyst
"Data Modeling, Python, Snowflake, Data Pipeline, Git",Analytics Engineer
"Power BI, QlikSense, Dashboarding, Excel",BI Analyst
"R, Statistics, SQL",Data Analyst
"Snowflake, Git, Data Modeling, dbt, ETL",Analytics Engineer
"AWS, Azure, SQL, ETL, Airflow, Kafka",Data Engineer
"Azure, Python, Hadoop, SQL, Airflow, Spark",Data Engineer
"Scikit-learn, Machine Learning, TensorFlow, SQL, Python",Data Scientist
"Data Modeling, BigQuery, Snowflake",Analytics Engineer
"Visio, Excel, Process Modeling, SQL, Agile, Tableau",Business Analyst
"Google Analytics, SQL, Python, Excel, R",Data Analyst
"Power BI, Agile, Excel, SQL",Business Analyst
"CI/CD, AWS SageMaker, Python, Git, TensorFlow, Scikit-learn",Machine Learning Engineer
"Hadoop, Airflow, GCP, Spark, Snowflake",Data Engineer
"Tableau, R, Python, Statistics, Power BI",Data Analyst
"Data Pipeline, Snowflake, Data Modeling, SQL, Python, Airflow",Analytics Engineer
"Statistics, Tableau, A/B Testing",Data Analyst
"QlikSense, Power BI, Dashboarding, Excel, Looker, SQL",BI Analyst
"QlikSense, ETL, Power BI, Data Warehousing",BI Analyst
"SQL, Looker, Excel",BI Analyst
"Python, PyTorch, NLP",Data Scientist
"Git, Docker, MLOps, C++",Machine Learning Engineer
"Mathematics, Deep Learning, Computer Vision, Python, Machine Learning",Data Scientist
"Data Modeling, Git, Snowflake",Analytics Engineer
"ETL, Azure, Databricks, NoSQL, Python",Data Engineer
"Hadoop, Airflow, GCP, ETL",Data Engineer
"Excel, SQL, Looker",BI Analyst
"Power BI, DAX, Dashboarding, Excel",BI Analyst
"NLP, PyTorch, Pandas, Python",Data Scientist
"ETL, GCP, Azure, Hadoop, Databricks",Data Engineer
"Computer Vision, Python, SQL, Scikit-learn",Data Scientist
"Looker, QlikSense, DAX, Data Warehousing, ETL",BI Analyst
"SQL, Python, Excel, R",Data Analyst
"Snowflake, Kafka, Azure, Hadoop, SQL, Airflow",Data Engineer
"ETL, Kafka, Spark",Data Engineer
"Power BI, R, SQL",Data Analyst
"ETL, QlikSense, Tableau",BI Analyst
"Snowflake, dbt, ETL, Python",Analytics Engineer
"Python, Snowflake, Airflow, Data Pipeline, BigQuery",Analytics Engineer
"Data Pipeline, BigQuery, dbt, ETL, Data Modeling",Analytics Engineer
"Azure, NoSQL, ETL, Kafka",Data Engineer
"SQL, Power BI, Excel, Tableau, Process Modeling, Requirement Gathering",Business Analyst
"ETL, Data Pipeline, BigQuery, dbt, Git, Python",Analytics Engineer
"Dashboarding, QlikSense, Looker, ETL, SQL",BI Analyst
"NLP, TensorFlow, Scikit-learn, Python, Computer Vision",Data Scientist
"Computer Vision, Deep Learning, Scikit-learn, Python, NLP",Data Scientist
"Azure, Kafka, Python, Hadoop",Data Engineer
"Google Analytics, Tableau, A/B Testing, Python, SQL",Data Analyst
"Mathematics, Machine Learning, NLP",Data Scientist
"Jira, Requirement Gathering, Tableau, Power BI, Visio, Excel",Business Analyst
"SQL, NoSQL, Airflow, Azure, Databricks",Data Engineer
"Scikit-learn, PyTorch, Python, Kubernetes, Docker",Machine Learning Engineer
"Power BI, A/B Testing, Data Visualization",Data Analyst
"Stakeholder Management, Excel, Agile",Business Analyst
"dbt, Snowflake, BigQuery",Analytics Engineer
"Tableau, Looker, Power BI, Dashboarding, ETL",BI Analyst
"Mathematics, Computer Vision, Deep Learning, PyTorch, R, Pandas",Data Scientist
"A/B Testing, Python, Tableau, SQL, Google Analytics",Data Analyst
"Kubernetes, TensorFlow, C++, CI/CD, Git, AWS SageMaker",Machine Learning Engineer
"AWS SageMaker, Scikit-learn, CI/CD",Machine Learning Engineer
"Agile, Stakeholder Management, Requirement Gathering",Business Analyst
"Scikit-learn, Pandas, R, Python, Mathematics, Computer Vision",Data Scientist
"Kafka, Airflow, Snowflake",Data Engineer
"Docker, Git, TensorFlow, MLOps, PyTorch",Machine Learning Engineer
"ETL, Hadoop, Spark, NoSQL",Data Engineer
"SQL, Pandas, R, Deep Learning, Mathematics, PyTorch",Data Scientist
"NoSQL, Python, Azure, Spark, Hadoop",Data Engineer
"SQL, Kafka, Spark, Snowflake, ETL, Python",Data Engineer
"Process Modeling, Tableau, Power BI, Requirement Gathering, Jira",Business Analyst
"Hadoop, GCP, AWS, SQL, ETL",Data Engineer
"ETL, SQL, Dashboarding, Excel, Tableau",BI Analyst
"Python, Tableau, Statistics",Data Analyst
"Data Warehousing, QlikSense, SQL, Dashboarding, DAX, Looker",BI Analyst
"Snowflake, Python, Git, dbt",Analytics Engineer
"Snowflake, Data Modeling, Airflow, SQL",Analytics Engineer
"SQL, Power BI, Visio",Business Analyst
"Requirement Gathering, Tableau, Power BI, Agile",Business Analyst
"Computer Vision, Machine Learning, Python, Mathematics, NLP",Data Scientist
"R, SQL, Machine Learning, NLP",Data Scientist
"SQL, Kafka, NoSQL, Azure, Airflow, Hadoop",Data Engineer
"NoSQL, Spark, Snowflake, Airflow, AWS",Data Engineer
"C++, TensorFlow, CI/CD, Git, AWS SageMaker, PyTorch",Machine Learning Engineer
"Looker, SQL, Data Warehousing, DAX",BI Analyst
"R, Deep Learning, Pandas, SQL, NLP",Data Scientist
"SQL, R, NLP",Data Scientist
"Kubernetes, Git, TensorFlow, MLOps",Machine Learning Engineer
"Tableau, QlikSense, ETL",BI Analyst
"Databricks, Airflow, Kafka",Data Engineer
"Tableau, Data Warehousing, Looker",BI Analyst
"Visio, Jira, Agile",Business Analyst
"Looker, Tableau, DAX",BI Analyst
"Data Modeling, Snowflake, Data Pipeline, ETL",Analytics Engineer
"Process Modeling, Jira, Agile",Business Analyst
"TensorFlow, Git, Kubernetes",Machine Learning Engineer
"Excel, Tableau, SQL, Looker, Dashboarding, QlikSense",BI Analyst
"Python, Tableau, Excel, Google Analytics",Data Analyst
"C++, TensorFlow, MLOps, AWS SageMaker",Machine Learning Engineer
"Azure, Python, GCP, Airflow, Databricks, Hadoop",Data Engineer
"R, Statistics, A/B Testing, Power BI, Google Analytics, Tableau",Data Analyst
"Excel, Power BI, SQL, Data Visualization, A/B Testing, R",Data Analyst
"Databricks, NoSQL, Python, Kafka, GCP",Data Engineer
"Git, MLOps, Python, CI/CD",Machine Learning Engineer
"Tableau, Excel, QlikSense, Dashboarding, ETL",BI Analyst
"C++, TensorFlow, Git, Kubernetes, CI/CD",Machine Learning Engineer
"MLOps, Git, PyTorch",Machine Learning Engineer
"SQL, Agile, Stakeholder Management, Excel, Power BI",Business Analyst
"NLP, R, PyTorch, Computer Vision",Data Scientist
"SQL, DAX, Power BI, Excel, Tableau, Data Warehousing",BI Analyst
"Spark, ETL, Azure",Data Engineer
"Data Visualization, SQL, Excel, R, A/B Testing, Power BI",Data Analyst
"Power BI, Data Warehousing, SQL, Looker",BI Analyst
"Scikit-learn, SQL, Python, PyTorch",Data Scientist
"Tableau, Process Modeling, Power BI, Agile, Excel",Business Analyst
"Excel, SQL, DAX",BI Analyst
"Azure, GCP, Airflow, Snowflake, AWS",Data Engineer
"Stakeholder Management, Requirement Gathering, Visio, Agile, Excel",Business Analyst
"Excel, R, Statistics, Power BI, Python",Data Analyst
"Deep Learning, PyTorch, Machine Learning, NLP, SQL, Mathematics",Data Scientist
"R, Power BI, Google Analytics, SQL",Data Analyst
"Requirement Gathering, Process Modeling, Jira, SQL, Power BI",Business Analyst
"SQL, R, PyTorch, Machine Learning",Data Scientist
"Kafka, AWS, Python, Spark",Data Engineer
"Agile, Power BI, Jira",Business Analyst
"R, Excel, Google Analytics",Data Analyst
"ETL, SQL, Kafka, Hadoop, Azure, AWS",Data Engineer
"Requirement Gathering, SQL, Jira, Process Modeling, Tableau",Business Analyst
"Tableau, SQL, Jira, Excel, Agile, Requirement Gathering",Business Analyst
"Python, Data Visualization, Excel, Google Analytics, R, Tableau",Data Analyst
"MLOps, Docker, Kubernetes, PyTorch, Scikit-learn",Machine Learning Engineer
"Git, Scikit-learn, Kubernetes, MLOps, AWS SageMaker",Machine Learning Engineer
"Looker, Data Warehousing, Power BI, Dashboarding, QlikSense",BI Analyst
"AWS, ETL, SQL, Snowflake, Databricks",Data Engineer
"MLOps, Scikit-learn, Kubernetes, PyTorch, AWS SageMaker, Docker",Machine Learning Engineer
"Data Pipeline, Python, SQL, BigQuery",Analytics Engineer
"Scikit-learn, PyTorch, C++",Machine Learning Engineer
"Jira, Power BI, Agile, Requirement Gathering, Process Modeling",Business Analyst
"MLOps, C++, Docker",Machine Learning Engineer
"Docker, TensorFlow, MLOps",Machine Learning Engineer
"Data Warehousing, Dashboarding, Power BI, SQL",BI Analyst
"Looker, Power BI, QlikSense, Data Warehousing, Dashboarding, ETL",BI Analyst
"Scikit-learn, C++, CI/CD",Machine Learning Engineer
"MLOps, Docker, Scikit-learn",Machine Learning Engineer
"Data Visualization, Google Analytics, R, Excel, A/B Testing",Data Analyst
"NLP, Deep Learning, Machine Learning, Computer Vision, Python, R",Data Scientist
"Excel, Tableau, Process Modeling, Stakeholder Management",Business Analyst
"Pandas, Scikit-learn, TensorFlow, Python",Data Scientist
"BigQuery, Airflow, dbt, SQL, Data Modeling",Analytics Engineer
"TensorFlow, Machine Learning, Mathematics, Computer Vision, Python",Data Scientist
"ETL, Airflow, Snowflake",Analytics Engineer
"Mathematics, R, Scikit-learn, Computer Vision, Python",Data Scientist
"Mathematics, Deep Learning, Python, Pandas, R",Data Scientist
"SQL, Azure, Hadoop, ETL, Kafka, NoSQL",Data Engineer
"Data Modeling, Snowflake, BigQuery, Git, dbt",Analytics Engineer
"C++, Docker, Kubernetes, PyTorch",Machine Learning Engineer
"SQL, DAX, Excel, Looker, Power BI",BI Analyst
"SQL, A/B Testing, Statistics, R, Power BI",Data Analyst
"DAX, Dashboarding, ETL, Excel",BI Analyst
"R, Data Visualization, Excel, Statistics",Data Analyst
"Google Analytics, Python, Data Visualization, Power BI",Data Analyst
"AWS SageMaker, Python, MLOps, Docker, Kubernetes, Git",Machine Learning Engineer
"Python, Kubernetes, C++, Git, PyTorch",Machine Learning Engineer
"Data Modeling, Data Pipeline, SQL",Analytics Engineer
"Data Visualization, SQL, Statistics",Data Analyst
"Process Modeling, Power BI, Stakeholder Management",Business Analyst
"Excel, DAX, Looker, SQL, Tableau",BI Analyst
"ETL, BigQuery, Git",Analytics Engineer
"Data Modeling, Snowflake, Data Pipeline, SQL, BigQuery",Analytics Engineer
"Tableau, Looker, Data Warehousing",BI Analyst
"Power BI, Jira, Stakeholder Management",Business Analyst
"dbt, BigQuery, SQL",Analytics Engineer
"Kubernetes, CI/CD, Docker",Machine Learning Engineer
"Excel, Statistics, Google Analytics, R, Tableau, SQL",Data Analyst
"Python, MLOps, Git, PyTorch, Kubernetes, Docker",Machine Learning Engineer
"PyTorch, Scikit-learn, Git",Machine Learning Engineer
"Looker, Data Warehousing, ETL, DAX, Dashboarding",BI Analyst
"Jira, SQL, Power BI",Business Analyst
"Tableau, Excel, Process Modeling, SQL, Stakeholder Management, Power BI",Business Analyst
"R, Deep Learning, Computer Vision, SQL, Mathematics, Pandas",Data Scientist
"ETL, Python, GCP",Data Engineer
"Jira, Agile, Process Modeling, Power BI",Business Analyst
"Snowflake, Airflow, Data Modeling, SQL",Analytics Engineer
"Computer Vision, Deep Learning, PyTorch, NLP, Mathematics, TensorFlow",Data Scientist
"TensorFlow, Python, NLP, Scikit-learn, Computer Vision",Data Scientist
"Excel, Statistics, SQL",Data Analyst
"Jira, Power BI, Tableau, Requirement Gathering",Business Analyst
"BigQuery, Data Modeling, SQL, Snowflake, ETL",Analytics Engineer
"Airflow, Spark, Snowflake",Data Engineer
"Excel, Tableau, Jira, Stakeholder Management, Power BI, Requirement Gathering",Business Analyst
"AWS, Kafka, GCP, ETL, SQL",Data Engineer
"Agile, SQL, Power BI, Excel, Requirement Gathering, Tableau",Business Analyst
"Statistics, A/B Testing, Data Visualization",Data Analyst
"Airflow, BigQuery, Python, Git, Snowflake, dbt",Analytics Engineer
"Stakeholder Management, Tableau, Visio, Jira, Power BI",Business Analyst
"NLP, Deep Learning, TensorFlow",Data Scientist
"Tableau, Looker, Data Warehousing, ETL",BI Analyst
"Deep Learning, SQL, R, Machine Learning",Data Scientist
"ETL, dbt, Data Modeling, Git, SQL, Snowflake",Analytics Engineer
"Data Warehousing, QlikSense, Tableau, Dashboarding",BI Analyst
"DAX, ETL, SQL",BI Analyst
"SQL, QlikSense, Power BI",BI Analyst
"dbt, Snowflake, ETL",Analytics Engineer
"Spark, Hadoop, NoSQL, Databricks, SQL",Data Engineer
"Azure, Hadoop, AWS, Python",Data Engineer
"Statistics, Python, R",Data Analyst
"Excel, Power BI, Agile, Stakeholder Management",Business Analyst
"Airflow, ETL, Kafka, NoSQL, SQL, Databricks",Data Engineer
"Agile, Process Modeling, Excel, Jira, Power BI, Stakeholder Management",Business Analyst
"NoSQL, Python, Airflow, ETL",Data Engineer
"Dashboarding, Tableau, ETL",BI Analyst
"Databricks, SQL, Snowflake",Data Engineer
"Agile, Power BI, Process Modeling, Visio, Tableau, Excel",Business Analyst
"PyTorch, Scikit-learn, AWS SageMaker, Kubernetes, MLOps",Machine Learning Engineer
"SQL, Git, BigQuery, Data Modeling, Airflow",Analytics Engineer
"Excel, Tableau, Agile, Visio",Business Analyst
"Python, GCP, Databricks, SQL",Data Engineer
"A/B Testing, Statistics, Python",Data Analyst
"R, Tableau, SQL, Excel",Data Analyst
"R, Mathematics, SQL, Python, PyTorch",Data Scientist
"PyTorch, Scikit-learn, Kubernetes, C++",Machine Learning Engineer
"Looker, Power BI, Tableau, Data Warehousing",BI Analyst
"Snowflake, Hadoop, Airflow, Azure",Data Engineer
"Python, AWS SageMaker, Git, Scikit-learn",Machine Learning Engineer
"SQL, A/B Testing, Google Analytics, Statistics, Python, Power BI",Data Analyst
"Deep Learning, Python, R, PyTorch, Pandas, Machine Learning",Data Scientist
"Computer Vision, Pandas, NLP",Data Scientist
"R, Deep Learning, Machine Learning, TensorFlow, Scikit-learn, Computer Vision",Data Scientist
"Azure, NoSQL, Databricks, Kafka, GCP, Spark",Data Engineer
"Excel, Process Modeling, SQL, Agile, Visio, Stakeholder Management",Business Analyst
"Docker, CI/CD, AWS SageMaker",Machine Learning Engineer
"Python, Hadoop, ETL, GCP",Data Engineer
"Computer Vision, NLP, Machine Learning, Python, Mathematics",Data Scientist
"Git, dbt, BigQuery, Data Pipeline, ETL, Python",Analytics Engineer
"A/B Testing, Google Analytics, Tableau, R, Python",Data Analyst
"Spark, AWS, GCP, Databricks",Data Engineer
"Python, AWS, Spark",Data Engineer
"NLP, Machine Learning, Mathematics, R",Data Scientist
"Power BI, SQL, Agile, Visio, Tableau",Business Analyst
"Python, Excel, Google Analytics, Power BI, Data Visualization",Data Analyst
"Machine Learning, Pandas, PyTorch, R",Data Scientist
"Docker, PyTorch, TensorFlow, MLOps, Scikit-learn",Machine Learning Engineer
"Scikit-learn, PyTorch, Kubernetes, AWS SageMaker",Machine Learning Engineer
"SQL, Tableau, Power BI, Data Warehousing, Excel, ETL",BI Analyst
"R, SQL, Excel",Data Analyst
"TensorFlow, Scikit-learn, NLP, Machine Learning, Pandas",Data Scientist
"Python, ETL, GCP, NoSQL",Data Engineer
"NLP, Mathematics, Scikit-learn, Computer Vision",Data Scientist
"ETL, SQL, Power BI",BI Analyst
"Data Visualization, SQL, A/B Testing, R, Google Analytics",Data Analyst
"Power BI, Excel, R, Python",Data Analyst
"Kubernetes, Docker, TensorFlow, PyTorch, Git, AWS SageMaker",Machine Learning Engineer
"Tableau, Excel, Process Modeling",Business Analyst
"Tableau, A/B Testing, R, Data Visualization, SQL",Data Analyst
"Python, dbt, Git, BigQuery",Analytics Engineer
"Airflow, ETL, BigQuery, Python",Analytics Engineer
"ETL, QlikSense, Excel, Tableau",BI Analyst
"Python, Google Analytics, SQL, A/B Testing",Data Analyst
"Airflow, Azure, AWS, Snowflake, NoSQL, GCP",Data Engineer
"TensorFlow, Scikit-learn, PyTorch, Docker",Machine Learning Engineer
"Requirement Gathering, SQL, Visio, Tableau, Stakeholder Management",Business Analyst
"Mathematics, PyTorch, Pandas, R, NLP",Data Scientist
"Data Visualization, SQL, Power BI, R, Google Analytics",Data Analyst
"Airflow, Snowflake, Git, ETL, Data Modeling",Analytics Engineer
"Airflow, ETL, Snowflake, Python, SQL, dbt",Analytics Engineer
"Visio, Process Modeling, Tableau, SQL, Requirement Gathering",Business Analyst
"Power BI, Data Warehousing, Looker",BI Analyst
"AWS, Azure, Databricks, SQL, Hadoop",Data Engineer
"Power BI, Process Modeling, Jira, Tableau",Business Analyst
"Python, R, Power BI, Data Visualization, Google Analytics, A/B Testing",Data Analyst
"Power BI, Dashboarding, Tableau",BI Analyst
"AWS, Databricks, SQL, Airflow, NoSQL",Data Engineer
"Databricks, NoSQL, Hadoop",Data Engineer
"Machine Learning, PyTorch, Pandas, SQL, Python",Data Scientist
"dbt, BigQuery, SQL, Python",Analytics Engineer
"Tableau, Requirement Gathering, SQL",Business Analyst
"SQL, AWS, NoSQL",Data Engineer
"Computer Vision, R, TensorFlow, PyTorch",Data Scientist
"Data Pipeline, BigQuery, SQL",Analytics Engineer
"Kafka, Spark, Databricks, Airflow",Data Engineer
"Statistics, Python, Excel",Data Analyst
"BigQuery, Python, SQL, ETL, Snowflake",Analytics Engineer
"Scikit-learn, MLOps, C++, TensorFlow, AWS SageMaker, Docker",Machine Learning Engineer
"Tableau, Data Visualization, Statistics, Power BI, Google Analytics",Data Analyst
"Pandas, TensorFlow, Machine Learning, Deep Learning, SQL, Scikit-learn",Data Scientist
"Statistics, Google Analytics, Excel, Python",Data Analyst
"Requirement Gathering, Tableau, SQL, Jira, Visio",Business Analyst
"Excel, Google Analytics, SQL, Python, Statistics, Data Visualization",Data Analyst
"Git, SQL, Data Modeling, Python, Airflow, Data Pipeline",Analytics Engineer
"Spark, Azure, ETL, AWS, GCP",Data Engineer
"DAX, ETL, Tableau, Dashboarding",BI Analyst
"NLP, PyTorch, Pandas, Computer Vision, SQL, Mathematics",Data Scientist
"MLOps, TensorFlow, Kubernetes",Machine Learning Engineer
"Data Visualization, Python, Statistics, SQL",Data Analyst
"Jira, Excel, Requirement Gathering, SQL",Business Analyst
"Kubernetes, C++, PyTorch",Machine Learning Engineer
"Dashboarding, SQL, DAX",BI Analyst
"Excel, Power BI, Tableau, Stakeholder Management, Requirement Gathering, Visio",Business Analyst
"CI/CD, AWS SageMaker, Scikit-learn",Machine Learning Engineer
"Data Visualization, Excel, Google Analytics, R, A/B Testing, Statistics",Data Analyst
"ETL, Data Modeling, Git, dbt, Snowflake, Data Pipeline",Analytics Engineer
"Git, Data Pipeline, Airflow, Python, dbt, BigQuery",Analytics Engineer
"CI/CD, MLOps, Python, C++",Machine Learning Engineer
"NoSQL, SQL, Airflow, ETL",Data Engineer
"Power BI, Requirement Gathering, Excel, Process Modeling, SQL",Business Analyst
"Excel, ETL, DAX, Looker, Tableau, Dashboarding",BI Analyst
"Machine Learning, Computer Vision, PyTorch, Pandas, R",Data Scientist
"NLP, R, Scikit-learn, Deep Learning, SQL, Computer Vision",Data Scientist
"TensorFlow, Machine Learning, Pandas, PyTorch",Data Scientist
"Google Analytics, Tableau, SQL, R",Data Analyst
"Excel, Data Visualization, SQL, Power BI, Statistics",Data Analyst
"ETL, Power BI, SQL, DAX",BI Analyst
"Python, BigQuery, ETL, Data Pipeline, dbt",Analytics Engineer
"R, Google Analytics, Excel, Statistics",Data Analyst
"Airflow, Data Pipeline, BigQuery",Analytics Engineer
"Stakeholder Management, Excel, SQL, Visio, Process Modeling",Business Analyst
"ETL, SQL, Snowflake",Analytics Engineer
"Python, Scikit-learn, PyTorch, TensorFlow, Deep Learning, R",Data Scientist
"Databricks, Python, GCP, Spark, ETL",Data Engineer
"A/B Testing, R, Statistics, Data Visualization, Power BI, Tableau",Data Analyst
"DAX, Excel, SQL",BI Analyst
"Pandas, SQL, Scikit-learn, NLP, Machine Learning",Data Scientist
"PyTorch, Computer Vision, SQL, Scikit-learn, Deep Learning",Data Scientist
"Excel, Power BI, Jira, Agile",Business Analyst
"QlikSense, SQL, Dashboarding, Tableau, ETL, Looker",BI Analyst
"Docker, Scikit-learn, Python, Git",Machine Learning Engineer
"Docker, MLOps, Kubernetes",Machine Learning Engineer
"PyTorch, Python, Scikit-learn, SQL, TensorFlow",Data Scientist
