skills,target_role
"mlops,api development,python,deep learning,tensorflow,model deployment,machine learning,kubernetes,pytorch,docker",Machine Learning Engineer
"communication,stakeholder management,tableau,critical thinking,data visualization,requirements gathering,power bi,excel,reporting",Business Analyst
"leadership,business analysis,tableau,excel,power bi,communication,requirements gathering",Business Analyst
"python,tensorflow,model deployment,mlops,kubernetes,docker,machine learning,pytorch,problem solving,api development,deep learning,communication",Machine Learning Engineer
"pandas,sql,statistics,reporting,python,power bi,excel,tableau",Data Analyst
"communication,reporting,excel,business analysis,requirements gathering,power bi,tableau,stakeholder management,leadership,data visualization,sql",Business Analyst
"pytorch,docker,deep learning,model deployment,kubernetes,python,tensorflow,mlops,api development",Machine Learning Engineer
"problem solving,model deployment,deep learning,python,tensorflow,mlops,machine learning,kubernetes,pytorch,critical thinking,api development",Machine Learning Engineer
"python,sql,hadoop,spark,airflow,azure,data warehouse,etl",Data Engineer
"statistics,pandas,data visualization,python,excel,power bi,tableau,reporting,dashboarding,sql",Data Analyst
"mlops,pytorch,kubernetes,teamwork,api development,python,deep learning",Machine Learning Engineer
"excel,business intelligence,power bi,dashboarding,reporting,sql,data visualization,tableau,kpi analysis,data modeling",BI Analyst
"data warehouse,bigquery,etl,python,analytics engineering,snowflake,dbt,sql,data modeling,problem solving,airflow",Analytics Engineer
"model deployment,time management,problem solving,deep learning,scikit-learn,machine learning,python,numpy,feature engineering",Data Scientist
"python,statistics,data visualization,model deployment,feature engineering,scikit-learn,numpy,time management,machine learning,deep learning,pandas",Data Scientist
"machine learning,leadership,deep learning,data visualization,numpy,pandas,time management,scikit-learn",Data Scientist
"scikit-learn,problem solving,data visualization,numpy,feature engineering,statistics,machine learning,pandas,deep learning",Data Scientist
"sql,data warehouse,teamwork,hadoop,airflow,spark,aws,etl",Data Engineer
"airflow,data warehouse,data modeling,leadership,dbt,critical thinking,sql,python,analytics engineering",Analytics Engineer
"reporting,tableau,data visualization,kpi analysis,power bi,data modeling,excel",BI Analyst
"tableau,pandas,power bi,reporting,data visualization,presentation,time management,sql,statistics,python,dashboarding",Data Analyst
"kubernetes,machine learning,time management,teamwork,deep learning,python,mlops,docker,pytorch",Machine Learning Engineer
"statistics,sql,power bi,excel,tableau,pandas,presentation,python,reporting,data visualization,dashboarding",Data Analyst
"tensorflow,python,pytorch,time management,model deployment,kubernetes,deep learning",Machine Learning Engineer
"hadoop,aws,spark,database design,airflow,etl",Data Engineer
"python,airflow,data warehouse,database design,hadoop,aws,spark",Data Engineer
"teamwork,presentation,machine learning,model deployment,numpy,data visualization,statistics,feature engineering,deep learning,pandas,python",Data Scientist
"reporting,dashboarding,power bi,excel,pandas,python,statistics,sql,data visualization,tableau",Data Analyst
"mlops,machine learning,tensorflow,kubernetes,model deployment,docker,python",Machine Learning Engineer
"analytics engineering,python,snowflake,dbt,airflow,data warehouse,bigquery",Analytics Engineer
"sql,python,dbt,snowflake,bigquery,time management,airflow",Analytics Engineer
"model deployment,communication,api development,problem solving,machine learning,python,docker,pytorch",Machine Learning Engineer
"teamwork,communication,sql,reporting,data visualization,power bi,stakeholder management,communication,business analysis",Business Analyst
"deep learning,feature engineering,communication,machine learning,scikit-learn,data visualization,python,numpy,leadership,statistics",Data Scientist
"python,bigquery,airflow,snowflake,dbt,sql,analytics engineering,data modeling,etl",Analytics Engineer
"bigquery,sql,snowflake,etl,data warehouse,analytics engineering,teamwork,data modeling,problem solving,airflow,dbt,python",Analytics Engineer
"reporting,excel,python,dashboarding,time management,tableau,problem solving,statistics,data visualization,sql",Data Analyst
"python,pandas,critical thinking,statistics,tableau,teamwork,sql,dashboarding,excel",Data Analyst
"python,machine learning,teamwork,statistics,feature engineering,model deployment,pandas,problem solving,data visualization",Data Scientist
"reporting,business analysis,communication,data visualization,stakeholder management,sql,requirements gathering,problem solving",Business Analyst
"kubernetes,tensorflow,critical thinking,docker,deep learning,pytorch,api development,mlops,machine learning,model deployment",Machine Learning Engineer
"analytics engineering,sql,dbt,python,etl,bigquery,data warehouse,data modeling,problem solving,airflow,snowflake",Analytics Engineer
"data visualization,pandas,machine learning,model deployment,python,feature engineering,numpy,scikit-learn,statistics",Data Scientist
"reporting,tableau,data visualization,communication,stakeholder management,requirements gathering,sql",Business Analyst
"requirements gathering,tableau,excel,communication,stakeholder management,power bi,business analysis,reporting,data visualization",Business Analyst
"statistics,reporting,excel,dashboarding,pandas,tableau,presentation,power bi,python,data visualization,communication",Data Analyst
"mlops,pytorch,deep learning,python,problem solving,machine learning,communication,model deployment",Machine Learning Engineer
"mlops,model deployment,api development,pytorch,machine learning,python,deep learning,tensorflow",Machine Learning Engineer
"machine learning,deep learning,feature engineering,statistics,python,data visualization,model deployment,scikit-learn",Data Scientist
"pandas,statistics,python,dashboarding,tableau,data visualization,presentation,power bi,excel",Data Analyst
"sql,dashboarding,excel,reporting,power bi,statistics,pandas,data visualization",Data Analyst
"excel,tableau,communication,python,reporting,sql,power bi,time management,pandas,statistics",Data Analyst
"business intelligence,excel,communication,data modeling,power bi,data visualization,dashboarding,tableau",BI Analyst
"python,bigquery,sql,data modeling,etl,snowflake",Analytics Engineer
"spark,hadoop,etl,time management,sql,database design,airflow,python",Data Engineer
"python,pandas,dashboarding,reporting,power bi,sql,data visualization,communication",Data Analyst
"data warehouse,airflow,spark,aws,database design,azure,presentation,etl,python,sql,hadoop",Data Engineer
"sql,pandas,statistics,data visualization,leadership,excel,tableau,dashboarding",Data Analyst
"tableau,problem solving,power bi,data visualization,stakeholder management,reporting,communication,excel,sql,requirements gathering,business analysis",Business Analyst
"tensorflow,mlops,python,machine learning,time management,pytorch,docker,api development,deep learning,model deployment",Machine Learning Engineer
"etl,bigquery,dbt,python,time management,problem solving,snowflake,analytics engineering,sql,data modeling,data warehouse",Analytics Engineer
"data warehouse,etl,sql,hadoop,database design,python,aws",Data Engineer
"scikit-learn,python,statistics,feature engineering,model deployment,pandas",Data Scientist
"statistics,reporting,sql,communication,tableau,data visualization,pandas,excel,power bi,python,dashboarding",Data Analyst
"model deployment,python,deep learning,docker,tensorflow,machine learning,problem solving,kubernetes,mlops",Machine Learning Engineer
"sql,data modeling,analytics engineering,python,snowflake,dbt,presentation,data warehouse",Analytics Engineer
"excel,pandas,data visualization,statistics,dashboarding,python,reporting,tableau,sql,power bi",Data Analyst
"python,pytorch,deep learning,api development,mlops,kubernetes,tensorflow,critical thinking,machine learning,model deployment,docker",Machine Learning Engineer
"model deployment,leadership,scikit-learn,pandas,python,deep learning,feature engineering,statistics",Data Scientist
"time management,dashboarding,kpi analysis,data visualization,tableau,power bi,reporting,data modeling,sql,excel",BI Analyst
"data visualization,excel,kpi analysis,power bi,tableau,sql,business intelligence,teamwork,data modeling,reporting,dashboarding,critical thinking",BI Analyst
"model deployment,machine learning,python,pandas,deep learning,data visualization,statistics,communication",Data Scientist
"tableau,statistics,power bi,excel,dashboarding,pandas,data visualization,python,time management,sql",Data Analyst
"data warehouse,airflow,aws,spark,etl,azure,sql,python,database design,hadoop",Data Engineer
"problem solving,model deployment,statistics,data visualization,numpy,leadership,python,scikit-learn",Data Scientist
"reporting,power bi,excel,business analysis,tableau,stakeholder management,communication,leadership,data visualization",Business Analyst
"analytics engineering,etl,sql,airflow,python,snowflake,critical thinking,dbt,data warehouse",Analytics Engineer
"excel,reporting,power bi,data visualization,business intelligence,sql,tableau",BI Analyst
"dbt,airflow,data warehouse,critical thinking,time management,python,bigquery,data modeling,sql",Analytics Engineer
"machine learning,api development,pytorch,deep learning,docker,tensorflow,model deployment,python",Machine Learning Engineer
"airflow,data warehouse,dbt,python,analytics engineering,sql,bigquery",Analytics Engineer
"airflow,etl,time management,communication,data warehouse,sql,analytics engineering,snowflake,python,data modeling,bigquery",Analytics Engineer
"bigquery,sql,airflow,etl,analytics engineering,snowflake,python,data warehouse,data modeling",Analytics Engineer
"etl,communication,airflow,dbt,data modeling,data warehouse,bigquery,snowflake",Analytics Engineer
"excel,data visualization,reporting,communication,business intelligence,problem solving,data modeling,dashboarding,sql,power bi,tableau",BI Analyst
"leadership,dashboarding,sql,kpi analysis,excel,reporting,time management,power bi,business intelligence",BI Analyst
"airflow,aws,azure,sql,database design,etl,hadoop,data warehouse",Data Engineer
"presentation,business intelligence,dashboarding,tableau,data visualization,kpi analysis,data modeling",BI Analyst
"pandas,power bi,tableau,sql,excel,statistics,python,critical thinking,time management,reporting,data visualization",Data Analyst
"statistics,reporting,tableau,leadership,time management,dashboarding,power bi,excel,sql",Data Analyst
"communication,tableau,sql,stakeholder management,power bi,reporting,requirements gathering,business analysis",Business Analyst
"data warehouse,dbt,communication,etl,teamwork,data modeling,sql,bigquery,python,analytics engineering",Analytics Engineer
"feature engineering,model deployment,problem solving,python,data visualization,pandas,communication,deep learning",Data Scientist
"leadership,excel,kpi analysis,business intelligence,tableau,data visualization,data modeling",BI Analyst
"dbt,snowflake,bigquery,sql,etl,data modeling,data warehouse",Analytics Engineer
"kpi analysis,excel,sql,business intelligence,tableau,reporting,problem solving,power bi,leadership,data modeling,dashboarding,data visualization",BI Analyst
"teamwork,statistics,reporting,power bi,communication,pandas,data visualization,sql,dashboarding",Data Analyst
"spark,database design,data warehouse,python,etl,aws,airflow,azure,sql,hadoop",Data Engineer
"mlops,communication,python,pytorch,model deployment,deep learning,api development",Machine Learning Engineer
"model deployment,scikit-learn,statistics,numpy,deep learning,python",Data Scientist
"statistics,python,data visualization,sql,power bi,excel,dashboarding,reporting",Data Analyst
"data visualization,business analysis,stakeholder management,power bi,teamwork,requirements gathering,communication",Business Analyst
"spark,critical thinking,teamwork,aws,data warehouse,python,airflow,hadoop,etl,azure,sql,database design",Data Engineer
"azure,hadoop,database design,aws,spark,sql,python",Data Engineer
"reporting,python,power bi,sql,dashboarding,excel,tableau,problem solving,communication,data visualization,statistics",Data Analyst
"python,dashboarding,tableau,reporting,sql,data visualization",Data Analyst
"python,airflow,data warehouse,bigquery,data modeling,snowflake,sql,etl,dbt",Analytics Engineer
"dbt,airflow,python,etl,bigquery,data modeling,sql,analytics engineering,data warehouse,snowflake",Analytics Engineer
"scikit-learn,numpy,machine learning,pandas,python,statistics,model deployment",Data Scientist
"communication,excel,leadership,pandas,reporting,power bi,tableau,python,statistics,dashboarding",Data Analyst
"leadership,excel,statistics,python,tableau,reporting,sql,pandas,problem solving",Data Analyst
"pandas,model deployment,deep learning,numpy,problem solving,statistics,feature engineering,python",Data Scientist
"aws,azure,spark,airflow,leadership,python,teamwork,sql",Data Engineer
"machine learning,feature engineering,python,numpy,model deployment,pandas,scikit-learn,deep learning",Data Scientist
"excel,reporting,requirements gathering,communication,power bi,communication,sql,business analysis,teamwork",Business Analyst
"pandas,machine learning,model deployment,numpy,deep learning,critical thinking,feature engineering,scikit-learn",Data Scientist
"sql,etl,airflow,data warehouse,analytics engineering,python,snowflake,bigquery",Analytics Engineer
"scikit-learn,python,deep learning,numpy,statistics,leadership,feature engineering,machine learning,pandas,data visualization",Data Scientist
"business intelligence,dashboarding,reporting,time management,kpi analysis,data visualization,power bi",BI Analyst
"machine learning,deep learning,model deployment,mlops,api development,docker,python,tensorflow,kubernetes",Machine Learning Engineer
"machine learning,statistics,deep learning,scikit-learn,feature engineering,data visualization,numpy",Data Scientist
"tableau,business intelligence,dashboarding,sql,kpi analysis,data modeling,data visualization,reporting",BI Analyst
"dbt,analytics engineering,data modeling,sql,etl,data warehouse,snowflake,bigquery",Analytics Engineer
"sql,aws,etl,spark,problem solving,data warehouse,python,airflow,teamwork,azure,database design,hadoop",Data Engineer
"model deployment,scikit-learn,deep learning,data visualization,feature engineering,machine learning,leadership,critical thinking",Data Scientist
"scikit-learn,python,statistics,feature engineering,model deployment,time management,pandas,deep learning,data visualization,numpy",Data Scientist
"stakeholder management,business analysis,power bi,time management,communication,sql,reporting,requirements gathering,data visualization",Business Analyst
"kubernetes,pytorch,api development,python,machine learning,tensorflow,deep learning",Machine Learning Engineer
"numpy,deep learning,pandas,data visualization,statistics,scikit-learn",Data Scientist
"excel,tableau,sql,reporting,pandas,data visualization,problem solving,python",Data Analyst
"model deployment,machine learning,mlops,tensorflow,pytorch,python,docker,time management,deep learning,kubernetes,api development",Machine Learning Engineer
"teamwork,power bi,excel,data visualization,reporting,sql,leadership,tableau",Data Analyst
"python,tableau,reporting,statistics,excel,dashboarding,pandas,power bi,sql,data visualization",Data Analyst
"data modeling,snowflake,etl,data warehouse,airflow,bigquery,python,dbt,presentation",Analytics Engineer
"time management,data visualization,communication,requirements gathering,reporting,stakeholder management,excel,power bi,tableau",Business Analyst
"power bi,reporting,tableau,stakeholder management,excel,requirements gathering,communication,data visualization,business analysis",Business Analyst
"data modeling,python,data warehouse,snowflake,sql,dbt,analytics engineering,bigquery,airflow",Analytics Engineer
"data modeling,python,dbt,sql,leadership,etl,analytics engineering",Analytics Engineer
"data visualization,model deployment,numpy,deep learning,python,machine learning,feature engineering,pandas,statistics,scikit-learn",Data Scientist
"python,power bi,pandas,sql,tableau,reporting,excel,dashboarding,data visualization,statistics",Data Analyst
"communication,hadoop,sql,azure,problem solving,etl,python,spark",Data Engineer
"snowflake,bigquery,data modeling,data warehouse,airflow,analytics engineering,sql",Analytics Engineer
"leadership,communication,data visualization,excel,sql,stakeholder management,reporting,time management,tableau,power bi",Business Analyst
"deep learning,mlops,communication,model deployment,tensorflow,pytorch,teamwork,kubernetes,api development,docker,python,machine learning",Machine Learning Engineer
"excel,tableau,data visualization,reporting,kpi analysis,sql,business intelligence,dashboarding,power bi",BI Analyst
"business intelligence,reporting,excel,data visualization,sql,kpi analysis,power bi,dashboarding",BI Analyst
"power bi,tableau,data visualization,problem solving,presentation,sql,communication,business analysis,requirements gathering,reporting,stakeholder management",Business Analyst
"deep learning,model deployment,python,feature engineering,presentation,data visualization,machine learning,leadership",Data Scientist
"communication,problem solving,hadoop,aws,database design,etl,azure,python,spark",Data Engineer
"dashboarding,sql,pandas,leadership,excel,statistics,power bi,python,reporting",Data Analyst
"sql,reporting,excel,tableau,power bi,pandas,dashboarding,python,data visualization",Data Analyst
"business analysis,requirements gathering,reporting,data visualization,power bi,tableau,stakeholder management,leadership,sql,communication,excel",Business Analyst
"requirements gathering,business analysis,reporting,teamwork,sql,critical thinking,data visualization,excel",Business Analyst
"deep learning,pandas,presentation,numpy,data visualization,leadership,statistics,feature engineering",Data Scientist
"problem solving,kpi analysis,presentation,reporting,power bi,dashboarding,tableau,data visualization,business intelligence,data modeling",BI Analyst
"etl,airflow,hadoop,azure,aws,data warehouse",Data Engineer
"reporting,excel,power bi,statistics,sql,python,tableau,pandas",Data Analyst
"mlops,deep learning,presentation,pytorch,docker,tensorflow,machine learning,api development,critical thinking,python",Machine Learning Engineer
"dashboarding,excel,statistics,python,power bi,pandas,sql",Data Analyst
"machine learning,kubernetes,python,pytorch,tensorflow,deep learning,model deployment,docker,api development",Machine Learning Engineer
"kpi analysis,dashboarding,reporting,data modeling,time management,power bi,business intelligence,excel",BI Analyst
"reporting,data visualization,kpi analysis,critical thinking,power bi,data modeling,tableau",BI Analyst
"statistics,power bi,tableau,sql,python,pandas,data visualization,time management",Data Analyst
"kpi analysis,sql,business intelligence,dashboarding,tableau,excel,data modeling,power bi",BI Analyst
"hadoop,etl,azure,time management,teamwork,airflow,database design,data warehouse,aws,python",Data Engineer
"pandas,python,feature engineering,deep learning,machine learning,scikit-learn,numpy",Data Scientist
"spark,problem solving,aws,data warehouse,azure,airflow,database design,presentation",Data Engineer
"reporting,requirements gathering,tableau,business analysis,stakeholder management,power bi,data visualization,communication,excel",Business Analyst
"requirements gathering,reporting,communication,tableau,problem solving,sql,business analysis,teamwork",Business Analyst
"docker,model deployment,communication,pytorch,machine learning,mlops,tensorflow",Machine Learning Engineer
"deep learning,problem solving,kubernetes,docker,tensorflow,pytorch,python,presentation,mlops,model deployment,machine learning,api development",Machine Learning Engineer
"python,feature engineering,machine learning,data visualization,statistics,numpy",Data Scientist
"sql,pandas,dashboarding,tableau,data visualization,python,reporting,excel",Data Analyst
"sql,database design,spark,python,etl,airflow,data warehouse,hadoop,azure,aws",Data Engineer
"mlops,model deployment,docker,machine learning,python,api development,tensorflow",Machine Learning Engineer
"snowflake,time management,bigquery,sql,airflow,python,etl,dbt,data warehouse,analytics engineering,data modeling",Analytics Engineer
"statistics,numpy,model deployment,critical thinking,machine learning,python,pandas,deep learning,scikit-learn,data visualization,feature engineering",Data Scientist
"leadership,reporting,business intelligence,data modeling,power bi,excel,dashboarding,data visualization,sql,time management",BI Analyst
"model deployment,machine learning,pandas,numpy,statistics,python",Data Scientist
"sql,etl,snowflake,data modeling,presentation,dbt,communication,data warehouse",Analytics Engineer
"data modeling,dbt,analytics engineering,snowflake,etl,bigquery,python,airflow,data warehouse",Analytics Engineer
"data warehouse,airflow,database design,aws,python,spark,azure,etl,sql,hadoop",Data Engineer
"reporting,statistics,pandas,dashboarding,power bi,tableau,python,excel",Data Analyst
"communication,statistics,time management,power bi,tableau,sql,data visualization,excel,dashboarding,reporting,python",Data Analyst
"python,data warehouse,airflow,database design,hadoop,sql,etl,aws,spark",Data Engineer
"numpy,machine learning,scikit-learn,feature engineering,statistics,python,pandas",Data Scientist
"critical thinking,python,azure,leadership,spark,etl,airflow,hadoop,sql",Data Engineer
"communication,docker,kubernetes,api development,python,pytorch,deep learning,mlops,tensorflow,model deployment,presentation,machine learning",Machine Learning Engineer
"tensorflow,kubernetes,deep learning,python,mlops,pytorch",Machine Learning Engineer
"power bi,reporting,teamwork,tableau,excel,leadership,dashboarding,data visualization",BI Analyst
"business analysis,requirements gathering,data visualization,excel,stakeholder management,sql,communication",Business Analyst
"data visualization,tableau,dashboarding,excel,data modeling,reporting,power bi,business intelligence,kpi analysis,sql",BI Analyst
"sql,snowflake,data modeling,analytics engineering,python,data warehouse,time management,teamwork,airflow,dbt,etl,bigquery",Analytics Engineer
"aws,airflow,spark,sql,etl,python,data warehouse",Data Engineer
"reporting,excel,communication,problem solving,requirements gathering,business analysis,stakeholder management,tableau,power bi,sql,data visualization,communication",Business Analyst
"dbt,data modeling,analytics engineering,data warehouse,communication,bigquery,etl,sql,snowflake,python",Analytics Engineer
"sql,business analysis,leadership,teamwork,power bi,communication,tableau,stakeholder management,excel,requirements gathering,reporting",Business Analyst
"teamwork,kubernetes,leadership,mlops,tensorflow,machine learning,docker,deep learning,api development,model deployment,pytorch",Machine Learning Engineer
"database design,python,hadoop,communication,data warehouse,teamwork,azure,sql,etl",Data Engineer
"airflow,hadoop,database design,data warehouse,azure,leadership,aws,presentation,etl",Data Engineer
"database design,python,aws,sql,airflow,azure,hadoop",Data Engineer
"dashboarding,pandas,sql,power bi,problem solving,reporting,data visualization,python,excel,statistics",Data Analyst
"api development,deep learning,presentation,model deployment,docker,python,pytorch,kubernetes,machine learning,mlops,tensorflow,teamwork",Machine Learning Engineer
"airflow,presentation,database design,data warehouse,python,etl,aws,azure,spark,hadoop,sql",Data Engineer
"python,excel,reporting,sql,statistics,pandas,data visualization",Data Analyst
"power bi,presentation,dashboarding,kpi analysis,tableau,critical thinking,reporting,data modeling,sql,data visualization,excel,business intelligence",BI Analyst
"reporting,dashboarding,kpi analysis,data visualization,sql,excel,teamwork,power bi,tableau,data modeling",BI Analyst
"dbt,etl,airflow,analytics engineering,bigquery,data warehouse,snowflake,python,leadership,sql",Analytics Engineer
"data warehouse,snowflake,analytics engineering,data modeling,python,bigquery,etl,communication,airflow,sql",Analytics Engineer
"problem solving,stakeholder management,critical thinking,reporting,requirements gathering,data visualization,business analysis,tableau,power bi,sql",Business Analyst
"reporting,power bi,communication,requirements gathering,business analysis,excel",Business Analyst
"reporting,statistics,tableau,presentation,python,pandas,data visualization",Data Analyst
"leadership,analytics engineering,data warehouse,etl,snowflake,data modeling,sql",Analytics Engineer
"snowflake,analytics engineering,data warehouse,etl,dbt,python,sql,airflow",Analytics Engineer
"sql,snowflake,data modeling,analytics engineering,data warehouse,dbt,critical thinking,etl,airflow,python,bigquery",Analytics Engineer
"python,etl,snowflake,airflow,communication,dbt,sql,data modeling,data warehouse,critical thinking,bigquery",Analytics Engineer
"communication,database design,python,airflow,aws,hadoop,presentation,sql,spark,etl,azure,data warehouse",Data Engineer
"kpi analysis,data visualization,excel,critical thinking,power bi,business intelligence,sql,dashboarding,reporting",BI Analyst
"sql,time management,tableau,data visualization,kpi analysis,presentation,dashboarding,business intelligence,data modeling,power bi",BI Analyst
"reporting,teamwork,data modeling,dashboarding,tableau,kpi analysis,excel,critical thinking,business intelligence",BI Analyst
"database design,problem solving,data warehouse,etl,aws,python,communication,azure,airflow,sql,hadoop",Data Engineer
"data visualization,model deployment,pandas,python,time management,statistics,communication,scikit-learn,numpy",Data Scientist
"statistics,data visualization,python,power bi,reporting,excel,pandas,sql,dashboarding",Data Analyst
"teamwork,statistics,pandas,model deployment,data visualization,python,numpy,scikit-learn,machine learning,time management",Data Scientist
"power bi,sql,business intelligence,tableau,excel,dashboarding,reporting,data visualization",BI Analyst
"deep learning,time management,pytorch,tensorflow,python,model deployment,docker,kubernetes,machine learning,api development,mlops",Machine Learning Engineer
"sql,analytics engineering,python,snowflake,leadership,data warehouse,critical thinking,bigquery,dbt,airflow,etl",Analytics Engineer
"hadoop,data warehouse,presentation,spark,azure,etl,database design,aws,python,sql,airflow",Data Engineer
"python,api development,mlops,docker,deep learning,pytorch",Machine Learning Engineer
"mlops,docker,tensorflow,api development,communication,deep learning,model deployment,pytorch,machine learning,kubernetes,leadership",Machine Learning Engineer
"excel,communication,tableau,data visualization,communication,power bi,reporting,sql,business analysis",Business Analyst
"docker,deep learning,critical thinking,python,kubernetes,api development,tensorflow,model deployment,machine learning,mlops,pytorch",Machine Learning Engineer
"feature engineering,problem solving,pandas,scikit-learn,machine learning,time management,model deployment,deep learning,data visualization,python",Data Scientist
"bigquery,presentation,snowflake,communication,analytics engineering,dbt,python,data warehouse,etl,sql,data modeling",Analytics Engineer
"communication,pandas,data visualization,python,numpy,deep learning,scikit-learn,leadership,statistics",Data Scientist
"kubernetes,machine learning,communication,model deployment,mlops,deep learning,pytorch,python,tensorflow,docker,api development",Machine Learning Engineer
"aws,database design,etl,time management,data warehouse,spark,hadoop,azure,python,airflow",Data Engineer
"api development,python,pytorch,model deployment,teamwork,mlops,kubernetes,time management,machine learning,tensorflow,docker,deep learning",Machine Learning Engineer
"reporting,excel,tableau,dashboarding,teamwork,python,pandas,statistics,communication,data visualization",Data Analyst
"model deployment,data visualization,deep learning,scikit-learn,python,machine learning,pandas,statistics,numpy,feature engineering",Data Scientist
"model deployment,critical thinking,data visualization,deep learning,machine learning,statistics,numpy,problem solving,pandas",Data Scientist
"python,tableau,power bi,reporting,excel,data visualization",Data Analyst
"deep learning,statistics,numpy,pandas,leadership,data visualization,feature engineering,python,scikit-learn,machine learning,model deployment",Data Scientist
"data modeling,tableau,kpi analysis,power bi,reporting,sql,dashboarding,business intelligence,excel,leadership,communication",BI Analyst
"kubernetes,tensorflow,docker,problem solving,teamwork,python,pytorch,machine learning,mlops,deep learning",Machine Learning Engineer
"tensorflow,deep learning,python,api development,model deployment,pytorch,docker",Machine Learning Engineer
"stakeholder management,power bi,sql,excel,data visualization,tableau,business analysis,reporting,requirements gathering",Business Analyst
"python,model deployment,leadership,deep learning,pandas,problem solving,scikit-learn,machine learning,statistics,numpy",Data Scientist
"python,sql,data modeling,critical thinking,airflow,dbt,snowflake",Analytics Engineer
"pytorch,model deployment,deep learning,machine learning,mlops,kubernetes,python",Machine Learning Engineer
"data warehouse,etl,python,problem solving,time management,database design,hadoop,airflow",Data Engineer
"python,snowflake,dbt,sql,data warehouse,analytics engineering,etl,airflow,data modeling,bigquery,teamwork,time management",Analytics Engineer
"kubernetes,model deployment,python,time management,mlops,machine learning,pytorch,docker,tensorflow",Machine Learning Engineer
"power bi,excel,tableau,pandas,python,statistics,dashboarding,reporting,data visualization,presentation,sql,teamwork",Data Analyst
"numpy,deep learning,data visualization,python,statistics,feature engineering,scikit-learn,leadership,pandas,machine learning,model deployment",Data Scientist
"deep learning,presentation,tensorflow,python,docker,pytorch,kubernetes,model deployment,api development,machine learning,mlops",Machine Learning Engineer
"sql,reporting,excel,data visualization,kpi analysis,dashboarding,power bi,business intelligence,data modeling",BI Analyst
"aws,database design,problem solving,etl,airflow,python,presentation,data warehouse,hadoop,spark,azure,sql",Data Engineer
"statistics,presentation,python,scikit-learn,feature engineering,numpy,pandas",Data Scientist
"api development,mlops,deep learning,machine learning,tensorflow,kubernetes,docker,pytorch,model deployment,python,critical thinking",Machine Learning Engineer
"presentation,airflow,hadoop,etl,sql,database design,aws",Data Engineer
"power bi,python,statistics,data visualization,excel,sql,teamwork,reporting,dashboarding",Data Analyst
"power bi,sql,problem solving,pandas,tableau,leadership,reporting,data visualization,excel,python",Data Analyst
"tableau,power bi,excel,kpi analysis,reporting,data visualization,sql,data modeling",BI Analyst
"sql,etl,data modeling,data warehouse,snowflake,analytics engineering,python,dbt,bigquery",Analytics Engineer
"power bi,excel,data visualization,leadership,communication,stakeholder management,tableau,critical thinking",Business Analyst
"feature engineering,problem solving,machine learning,pandas,data visualization,scikit-learn,python,time management,deep learning,model deployment,numpy,statistics",Data Scientist
"power bi,communication,requirements gathering,business analysis,sql,tableau,data visualization,excel",Business Analyst
"communication,reporting,dashboarding,power bi,tableau,sql,pandas,excel,statistics,leadership",Data Analyst
"statistics,data visualization,sql,dashboarding,tableau,time management,pandas,power bi,excel,reporting,python",Data Analyst
"airflow,problem solving,data warehouse,snowflake,etl,analytics engineering,python,time management",Analytics Engineer
"feature engineering,deep learning,numpy,critical thinking,python,machine learning,statistics,pandas,model deployment,data visualization",Data Scientist
"tableau,power bi,data visualization,python,pandas,reporting,statistics,sql,excel,leadership,dashboarding",Data Analyst
"pandas,presentation,deep learning,data visualization,scikit-learn,machine learning,numpy,statistics,python,feature engineering,model deployment",Data Scientist
"sql,dashboarding,power bi,excel,reporting,leadership,data visualization,python,pandas,statistics",Data Analyst
"dashboarding,data visualization,reporting,tableau,power bi,excel",Data Analyst
"python,statistics,reporting,sql,power bi,tableau,pandas,data visualization",Data Analyst
"etl,airflow,analytics engineering,data modeling,sql,python,bigquery,dbt,snowflake",Analytics Engineer
"data visualization,presentation,tableau,dashboarding,business intelligence,excel,time management,power bi,reporting,sql",BI Analyst
"tensorflow,communication,python,mlops,machine learning,problem solving,deep learning,model deployment",Machine Learning Engineer
"spark,database design,sql,time management,hadoop,communication,etl,airflow",Data Engineer
"pytorch,machine learning,model deployment,python,mlops,docker,api development,tensorflow,kubernetes,deep learning",Machine Learning Engineer
"reporting,excel,sql,power bi,teamwork,python,pandas,presentation,dashboarding",Data Analyst
"bigquery,airflow,analytics engineering,dbt,data warehouse,python,sql,data modeling",Analytics Engineer
"sql,pandas,critical thinking,python,power bi,data visualization,statistics,reporting",Data Analyst
"model deployment,critical thinking,feature engineering,statistics,python,pandas,scikit-learn,communication,numpy,deep learning,machine learning",Data Scientist
"reporting,power bi,python,excel,sql,tableau,data visualization,statistics,dashboarding,pandas",Data Analyst
"business analysis,excel,requirements gathering,communication,sql,stakeholder management",Business Analyst
"machine learning,python,model deployment,pandas,critical thinking,scikit-learn,teamwork,data visualization,statistics,deep learning,numpy,feature engineering",Data Scientist
"sql,analytics engineering,snowflake,airflow,bigquery,data warehouse,dbt,teamwork,python,data modeling",Analytics Engineer
"reporting,presentation,data modeling,data visualization,excel,sql,critical thinking,power bi,kpi analysis,business intelligence",BI Analyst
"statistics,model deployment,feature engineering,python,numpy,deep learning,data visualization",Data Scientist
"excel,power bi,pandas,data visualization,dashboarding,sql,statistics",Data Analyst
"power bi,tableau,sql,teamwork,reporting,dashboarding,pandas,statistics,python,excel,data visualization",Data Analyst
"communication,presentation,stakeholder management,reporting,requirements gathering,tableau,excel,sql,data visualization",Business Analyst
"data visualization,kpi analysis,tableau,business intelligence,reporting,dashboarding",BI Analyst
"data visualization,tableau,kpi analysis,dashboarding,data modeling,power bi,critical thinking,presentation",BI Analyst
"model deployment,python,feature engineering,machine learning,scikit-learn,pandas,numpy",Data Scientist
"python,statistics,power bi,leadership,sql,pandas,tableau,dashboarding,excel,reporting,data visualization",Data Analyst
"pytorch,python,deep learning,communication,mlops,critical thinking,api development,docker,tensorflow,machine learning,kubernetes,model deployment",Machine Learning Engineer
"statistics,data visualization,reporting,python,sql,tableau,excel,pandas",Data Analyst
"tableau,leadership,excel,reporting,power bi,dashboarding,statistics,data visualization,pandas,sql,problem solving,python",Data Analyst
"model deployment,machine learning,deep learning,feature engineering,numpy,scikit-learn,python,pandas,statistics",Data Scientist
"analytics engineering,data warehouse,airflow,presentation,sql,python,snowflake,etl,data modeling,bigquery,dbt",Analytics Engineer
"etl,aws,hadoop,python,sql,airflow,database design,azure,data warehouse,problem solving,spark",Data Engineer
"machine learning,data visualization,statistics,scikit-learn,python,numpy,feature engineering",Data Scientist
"data visualization,dashboarding,critical thinking,problem solving,sql,data modeling,excel,reporting",BI Analyst
"deep learning,python,tensorflow,problem solving,docker,model deployment,mlops,kubernetes,presentation,machine learning,pytorch",Machine Learning Engineer
"critical thinking,feature engineering,machine learning,presentation,scikit-learn,data visualization,statistics,deep learning",Data Scientist
"kpi analysis,power bi,data modeling,excel,reporting,time management,presentation,sql",BI Analyst
"snowflake,dbt,python,sql,airflow,bigquery,data warehouse,etl,analytics engineering,data modeling",Analytics Engineer
"etl,analytics engineering,data warehouse,critical thinking,dbt,sql,python,airflow,presentation,bigquery,data modeling,snowflake",Analytics Engineer
"pandas,python,data visualization,feature engineering,model deployment,numpy,teamwork,machine learning,critical thinking,scikit-learn,statistics",Data Scientist
"power bi,excel,data visualization,kpi analysis,data modeling,business intelligence",BI Analyst
"leadership,pandas,deep learning,teamwork,model deployment,feature engineering,statistics,machine learning,python",Data Scientist
"airflow,bigquery,etl,python,sql,time management,snowflake,data modeling",Analytics Engineer
"tableau,communication,sql,data visualization,requirements gathering,power bi,excel,reporting,business analysis,stakeholder management",Business Analyst
"statistics,scikit-learn,pandas,feature engineering,data visualization,deep learning,machine learning,model deployment,time management,leadership,python,numpy",Data Scientist
"azure,etl,sql,hadoop,aws,airflow,data warehouse,leadership,spark,teamwork",Data Engineer
"reporting,tableau,sql,python,pandas,data visualization,dashboarding,power bi,statistics",Data Analyst
"data visualization,tableau,time management,sql,data modeling,kpi analysis,power bi,excel,reporting,business intelligence,dashboarding",BI Analyst
"dbt,bigquery,snowflake,sql,time management,data warehouse,python,airflow",Analytics Engineer
"hadoop,communication,spark,teamwork,aws,python,azure,database design,airflow,data warehouse,etl",Data Engineer
"reporting,sql,requirements gathering,communication,business analysis,power bi,stakeholder management,data visualization,excel,tableau",Business Analyst
"python,data warehouse,presentation,critical thinking,etl,database design,sql,airflow,hadoop,aws",Data Engineer
"reporting,dashboarding,pandas,statistics,sql,python,excel,data visualization,power bi",Data Analyst
"excel,teamwork,tableau,sql,python,time management,statistics,data visualization",Data Analyst
"leadership,deep learning,tensorflow,api development,presentation,docker,machine learning,pytorch,python,model deployment,mlops",Machine Learning Engineer
"data visualization,feature engineering,machine learning,critical thinking,scikit-learn,python,model deployment,numpy,deep learning,pandas",Data Scientist
"scikit-learn,machine learning,numpy,pandas,python,model deployment",Data Scientist
"spark,etl,azure,critical thinking,aws,problem solving,data warehouse,python,sql,airflow,database design",Data Engineer
"machine learning,data visualization,feature engineering,numpy,deep learning,statistics,model deployment,scikit-learn,pandas",Data Scientist
"python,etl,bigquery,data warehouse,analytics engineering,dbt,snowflake,data modeling",Analytics Engineer
"excel,power bi,stakeholder management,communication,reporting,requirements gathering,tableau,sql",Business Analyst
"stakeholder management,requirements gathering,sql,excel,communication,business analysis,critical thinking",Business Analyst
"scikit-learn,machine learning,feature engineering,teamwork,python,data visualization,statistics,numpy,pandas",Data Scientist
"data visualization,excel,dashboarding,pandas,tableau,reporting,statistics",Data Analyst
"python,etl,hadoop,azure,data warehouse,spark,aws,database design,leadership,sql",Data Engineer
"data warehouse,database design,critical thinking,spark,presentation,sql,python,etl,azure,hadoop,aws",Data Engineer
"hadoop,data warehouse,database design,aws,etl,python,azure,airflow,spark",Data Engineer
"tensorflow,kubernetes,time management,model deployment,machine learning,api development,mlops",Machine Learning Engineer
"pandas,python,power bi,teamwork,tableau,dashboarding,data visualization,sql",Data Analyst
"tensorflow,kubernetes,critical thinking,machine learning,api development,docker,pytorch,deep learning,mlops,model deployment",Machine Learning Engineer
"data visualization,excel,business intelligence,power bi,data modeling,tableau,sql",BI Analyst
"excel,stakeholder management,data visualization,reporting,critical thinking,communication,business analysis,power bi,tableau,sql,requirements gathering",Business Analyst
"tableau,sql,data visualization,reporting,pandas,statistics,power bi,python,dashboarding,excel",Data Analyst
"stakeholder management,sql,requirements gathering,data visualization,power bi,reporting,business analysis,critical thinking,tableau",Business Analyst
"python,docker,pytorch,model deployment,deep learning,mlops,teamwork,tensorflow,api development,kubernetes",Machine Learning Engineer
"reporting,sql,stakeholder management,communication,power bi,requirements gathering,teamwork,excel,business analysis",Business Analyst
"data warehouse,hadoop,etl,python,aws,airflow",Data Engineer
"machine learning,pytorch,tensorflow,model deployment,kubernetes,python,mlops",Machine Learning Engineer
"data modeling,airflow,sql,bigquery,data warehouse,dbt,analytics engineering,python,etl,snowflake",Analytics Engineer
"reporting,tableau,statistics,excel,python,problem solving,dashboarding,pandas",Data Analyst
"communication,model deployment,deep learning,mlops,python,api development,docker,kubernetes,leadership,tensorflow",Machine Learning Engineer
"sql,data modeling,data warehouse,dbt,airflow,bigquery,analytics engineering,python,time management,snowflake",Analytics Engineer
"stakeholder management,excel,requirements gathering,power bi,tableau,communication,reporting,sql",Business Analyst
"docker,tensorflow,model deployment,pytorch,problem solving,mlops,python,kubernetes,time management",Machine Learning Engineer
"reporting,dashboarding,kpi analysis,excel,business intelligence,data modeling,power bi,tableau,sql,presentation",BI Analyst
"communication,spark,database design,airflow,presentation,aws,sql,etl",Data Engineer
"model deployment,api development,deep learning,pytorch,mlops,critical thinking,kubernetes,tensorflow,teamwork,docker,machine learning",Machine Learning Engineer
"api development,tensorflow,time management,deep learning,critical thinking,python,docker,kubernetes,machine learning,pytorch",Machine Learning Engineer
"numpy,pandas,statistics,model deployment,python,data visualization,machine learning",Data Scientist
"hadoop,data warehouse,etl,aws,database design,sql,spark,time management,python,airflow",Data Engineer
"excel,tableau,pandas,dashboarding,statistics,data visualization,reporting",Data Analyst
"sql,excel,data visualization,tableau,power bi,statistics,dashboarding,python,reporting",Data Analyst
"dbt,analytics engineering,bigquery,python,airflow,sql,etl",Analytics Engineer
"sql,data visualization,excel,pandas,power bi,problem solving,dashboarding,reporting,python,leadership,tableau,statistics",Data Analyst
"feature engineering,scikit-learn,pandas,python,data visualization,model deployment,numpy,machine learning,deep learning",Data Scientist
"statistics,dashboarding,time management,power bi,tableau,reporting,python",Data Analyst
"data warehouse,python,database design,azure,airflow,hadoop,spark,sql,aws",Data Engineer
"excel,stakeholder management,communication,data visualization,reporting,requirements gathering,teamwork,presentation,sql",Business Analyst
"dbt,data warehouse,bigquery,airflow,snowflake,sql",Analytics Engineer
"hadoop,data warehouse,azure,sql,database design,etl,spark,airflow",Data Engineer
"model deployment,machine learning,docker,deep learning,python,tensorflow,api development",Machine Learning Engineer
"pandas,reporting,data visualization,power bi,tableau,dashboarding,sql,python,statistics",Data Analyst
"sql,excel,requirements gathering,data visualization,communication,stakeholder management,leadership",Business Analyst
"data visualization,statistics,sql,tableau,pandas,dashboarding,teamwork",Data Analyst
"aws,database design,etl,spark,azure,python,problem solving",Data Engineer
"dashboarding,business intelligence,excel,communication,data visualization,kpi analysis,power bi,reporting,sql,tableau",BI Analyst
"python,machine learning,model deployment,pytorch,leadership,kubernetes,api development",Machine Learning Engineer
"spark,azure,airflow,database design,aws,data warehouse,python,sql,hadoop",Data Engineer
"statistics,python,sql,communication,tableau,reporting,excel,power bi,pandas,dashboarding,data visualization",Data Analyst
"data visualization,python,pandas,time management,numpy,statistics,problem solving,feature engineering,machine learning,deep learning",Data Scientist
"kubernetes,api development,model deployment,teamwork,tensorflow,mlops,machine learning,python,deep learning,docker",Machine Learning Engineer
"stakeholder management,leadership,tableau,excel,communication,power bi,business analysis,sql,requirements gathering",Business Analyst
"power bi,pandas,reporting,communication,excel,sql,statistics,presentation,dashboarding,tableau,data visualization,python",Data Analyst
"data visualization,reporting,tableau,pandas,statistics,dashboarding,power bi,sql,python,critical thinking",Data Analyst
"sql,stakeholder management,presentation,power bi,business analysis,excel,requirements gathering,communication,tableau,data visualization,reporting",Business Analyst
"requirements gathering,reporting,communication,tableau,business analysis,excel,sql,stakeholder management",Business Analyst
"sql,data visualization,python,dashboarding,tableau,reporting,power bi,problem solving,pandas,statistics,excel",Data Analyst
"dashboarding,statistics,tableau,data visualization,excel,pandas",Data Analyst
"tableau,python,pandas,sql,reporting,statistics",Data Analyst
"sql,tableau,data visualization,problem solving,excel,power bi,requirements gathering,business analysis",Business Analyst
"stakeholder management,business analysis,data visualization,tableau,power bi,problem solving,sql,requirements gathering,teamwork,reporting",Business Analyst
"communication,pandas,python,data visualization,sql,excel,reporting,problem solving",Data Analyst
"stakeholder management,communication,data visualization,requirements gathering,sql,tableau,power bi,business analysis,excel",Business Analyst
"reporting,kpi analysis,business intelligence,dashboarding,data visualization,data modeling,excel,tableau",BI Analyst
"sql,communication,reporting,stakeholder management,leadership,tableau,business analysis,excel,requirements gathering",Business Analyst
"pandas,statistics,reporting,python,excel,dashboarding,problem solving",Data Analyst
"python,sql,presentation,power bi,excel,statistics,dashboarding,pandas,tableau",Data Analyst
"etl,airflow,sql,data warehouse,hadoop,azure,spark,python,database design,aws",Data Engineer
"airflow,time management,azure,etl,spark,hadoop,python,aws,sql,presentation,data warehouse,database design",Data Engineer
"power bi,tableau,reporting,python,dashboarding,critical thinking,sql,problem solving,statistics,pandas,data visualization,excel",Data Analyst
"python,mlops,model deployment,api development,docker,tensorflow,machine learning,kubernetes",Machine Learning Engineer
"presentation,etl,time management,airflow,aws,sql,data warehouse,python",Data Engineer
"machine learning,kubernetes,tensorflow,api development,pytorch,mlops,deep learning,python,docker,model deployment",Machine Learning Engineer
"sql,stakeholder management,data visualization,business analysis,excel,reporting,tableau,presentation,communication,power bi",Business Analyst
"sql,data visualization,leadership,power bi,data modeling,tableau,teamwork,dashboarding,excel,kpi analysis",BI Analyst
"reporting,statistics,pandas,power bi,python,excel,data visualization",Data Analyst
"kubernetes,machine learning,mlops,model deployment,deep learning,api development,pytorch,time management,critical thinking",Machine Learning Engineer
"teamwork,feature engineering,scikit-learn,machine learning,python,statistics,communication,numpy",Data Scientist
"reporting,business analysis,presentation,data visualization,sql,communication,stakeholder management,power bi,requirements gathering",Business Analyst
"statistics,presentation,python,excel,sql,data visualization,teamwork,pandas,tableau",Data Analyst
"data warehouse,spark,aws,database design,python,airflow,sql,hadoop,etl,azure",Data Engineer
"kpi analysis,business intelligence,dashboarding,excel,leadership,tableau,power bi,reporting,data visualization,data modeling,sql",BI Analyst
"presentation,etl,aws,time management,hadoop,azure,data warehouse,spark",Data Engineer
"power bi,presentation,tableau,excel,sql,kpi analysis,teamwork,reporting,data visualization,business intelligence,dashboarding",BI Analyst
"tableau,data modeling,business intelligence,sql,leadership,problem solving,dashboarding,excel,power bi",BI Analyst
"python,tensorflow,mlops,kubernetes,deep learning,pytorch,api development,docker,machine learning",Machine Learning Engineer
"data visualization,python,feature engineering,deep learning,scikit-learn,statistics",Data Scientist
"airflow,dbt,data modeling,etl,snowflake,bigquery,sql,problem solving,time management,analytics engineering,python",Analytics Engineer
"communication,analytics engineering,etl,bigquery,data modeling,sql,critical thinking,python,dbt",Analytics Engineer
"dbt,data warehouse,sql,analytics engineering,python,snowflake,bigquery,airflow",Analytics Engineer
"analytics engineering,data warehouse,sql,python,snowflake,data modeling,leadership,bigquery",Analytics Engineer
"statistics,data visualization,excel,power bi,reporting,critical thinking,python,sql,pandas,tableau,dashboarding",Data Analyst
"database design,python,problem solving,sql,etl,spark,airflow,azure,aws",Data Engineer
"problem solving,communication,stakeholder management,excel,business analysis,data visualization,communication,power bi,tableau,sql,reporting",Business Analyst
"data visualization,communication,tableau,excel,stakeholder management,sql",Business Analyst
"python,etl,bigquery,sql,data warehouse,snowflake,analytics engineering",Analytics Engineer
"power bi,communication,sql,excel,data visualization,business analysis,reporting",Business Analyst
"deep learning,pytorch,api development,docker,machine learning,mlops,python",Machine Learning Engineer
"presentation,data visualization,data modeling,communication,dashboarding,reporting,power bi,business intelligence,excel,kpi analysis,tableau,sql",BI Analyst
"kpi analysis,reporting,data visualization,sql,power bi,dashboarding,business intelligence,data modeling,excel,tableau",BI Analyst
"data visualization,excel,dashboarding,statistics,problem solving,pandas,sql,power bi,tableau,reporting,python",Data Analyst
"data warehouse,database design,etl,azure,python,sql,communication",Data Engineer
"excel,data visualization,python,dashboarding,statistics,reporting,sql,power bi",Data Analyst
"etl,airflow,data warehouse,teamwork,sql,problem solving,python,bigquery,dbt,analytics engineering,snowflake,data modeling",Analytics Engineer
"pandas,problem solving,deep learning,data visualization,numpy,statistics,scikit-learn,machine learning,feature engineering,python,model deployment",Data Scientist
"airflow,time management,spark,sql,aws,data warehouse,python,database design,azure,hadoop",Data Engineer
"pandas,communication,sql,dashboarding,power bi,python,tableau,data visualization,leadership,statistics,excel,reporting",Data Analyst
"hadoop,database design,azure,airflow,sql,python,communication,etl,aws,spark,data warehouse",Data Engineer
"data visualization,power bi,excel,problem solving,sql,stakeholder management,reporting",Business Analyst
"excel,python,data visualization,communication,statistics,power bi,dashboarding,sql,reporting,presentation,tableau,pandas",Data Analyst
"problem solving,tableau,sql,presentation,dashboarding,data visualization,python,reporting",Data Analyst
"machine learning,model deployment,deep learning,pandas,python,statistics,problem solving",Data Scientist
"azure,airflow,hadoop,sql,aws,presentation,data warehouse,spark,etl,python",Data Engineer
"tableau,sql,power bi,time management,excel,reporting,data modeling",BI Analyst
"problem solving,kubernetes,api development,presentation,mlops,docker,python,deep learning",Machine Learning Engineer
"data warehouse,bigquery,dbt,airflow,analytics engineering,sql,snowflake",Analytics Engineer
"presentation,bigquery,airflow,analytics engineering,teamwork,data modeling,sql,data warehouse",Analytics Engineer
"dashboarding,tableau,pandas,time management,sql,python,data visualization,excel,power bi,critical thinking,reporting",Data Analyst
"pytorch,presentation,python,docker,deep learning,machine learning,kubernetes,api development,model deployment",Machine Learning Engineer
"kpi analysis,dashboarding,data modeling,presentation,critical thinking,business intelligence,sql,tableau,excel",BI Analyst
"numpy,scikit-learn,problem solving,presentation,data visualization,pandas,deep learning,model deployment,statistics,machine learning,feature engineering",Data Scientist
"excel,communication,tableau,sql,requirements gathering,reporting,business analysis,data visualization,stakeholder management",Business Analyst
"time management,airflow,data warehouse,communication,analytics engineering,python,data modeling,sql,snowflake,etl,bigquery,dbt",Analytics Engineer
"sql,data modeling,problem solving,etl,bigquery,analytics engineering,airflow,data warehouse,dbt,python,snowflake",Analytics Engineer
"aws,azure,python,etl,sql,hadoop",Data Engineer
"tableau,excel,business analysis,stakeholder management,power bi,requirements gathering",Business Analyst
"business analysis,reporting,sql,data visualization,power bi,communication,requirements gathering,tableau",Business Analyst
"scikit-learn,model deployment,deep learning,pandas,python,time management,statistics",Data Scientist
"python,leadership,power bi,pandas,sql,statistics,reporting,data visualization",Data Analyst
"sql,data warehouse,analytics engineering,dbt,bigquery,airflow,snowflake,etl,data modeling",Analytics Engineer
"power bi,kpi analysis,problem solving,business intelligence,data modeling,data visualization,sql,reporting,dashboarding,tableau,excel",BI Analyst
"data visualization,dashboarding,business intelligence,tableau,reporting,data modeling,power bi,presentation,excel",BI Analyst
"sql,data visualization,time management,dashboarding,excel,tableau,pandas,leadership,power bi,reporting,python,statistics",Data Analyst
"data modeling,dashboarding,teamwork,leadership,sql,excel,kpi analysis,tableau,business intelligence,reporting",BI Analyst
"time management,statistics,python,data visualization,tableau,problem solving,power bi,pandas",Data Analyst
"tensorflow,mlops,pytorch,leadership,python,docker,model deployment,deep learning,critical thinking,api development",Machine Learning Engineer
"critical thinking,sql,analytics engineering,etl,data warehouse,snowflake,airflow",Analytics Engineer
"kubernetes,machine learning,api development,docker,mlops,leadership,teamwork,python",Machine Learning Engineer
"business intelligence,power bi,presentation,excel,data modeling,leadership,tableau,kpi analysis,dashboarding,reporting",BI Analyst
"sql,snowflake,data warehouse,critical thinking,python,airflow,dbt,analytics engineering,etl",Analytics Engineer
"dbt,snowflake,sql,time management,data modeling,python,analytics engineering,teamwork,etl,bigquery",Analytics Engineer
"pandas,statistics,data visualization,dashboarding,reporting,excel,tableau,python,sql",Data Analyst
"power bi,communication,reporting,sql,dashboarding,excel,data visualization,python,statistics,pandas,tableau",Data Analyst
"power bi,excel,dashboarding,python,statistics,reporting,tableau",Data Analyst
"data visualization,dashboarding,reporting,tableau,sql,business intelligence,critical thinking,kpi analysis,excel",BI Analyst
"leadership,pandas,model deployment,deep learning,feature engineering,machine learning,data visualization,scikit-learn",Data Scientist
"tableau,kpi analysis,teamwork,power bi,data modeling,business intelligence,critical thinking,reporting",BI Analyst
"python,airflow,etl,azure,spark,hadoop,data warehouse,time management",Data Engineer
"machine learning,numpy,python,feature engineering,data visualization,pandas,leadership,problem solving,deep learning",Data Scientist
"dashboarding,problem solving,business intelligence,kpi analysis,sql,data visualization,excel,time management,reporting,power bi,tableau",BI Analyst
"bigquery,data modeling,teamwork,etl,dbt,critical thinking,analytics engineering,snowflake",Analytics Engineer
"deep learning,machine learning,kubernetes,mlops,teamwork,api development,python,docker,model deployment,tensorflow",Machine Learning Engineer
"tensorflow,api development,python,presentation,teamwork,docker,model deployment,mlops",Machine Learning Engineer
"python,azure,airflow,spark,data warehouse,database design,leadership,critical thinking,aws,etl",Data Engineer
"reporting,tableau,data modeling,business intelligence,excel,communication,dashboarding,kpi analysis,data visualization,power bi,time management,sql",BI Analyst
"mlops,tensorflow,kubernetes,python,deep learning,model deployment,leadership,pytorch,docker,critical thinking,machine learning,api development",Machine Learning Engineer
"python,sql,database design,etl,problem solving,spark,data warehouse,aws,airflow,azure",Data Engineer
"sql,communication,power bi,stakeholder management,excel,requirements gathering,tableau,business analysis",Business Analyst
"machine learning,feature engineering,deep learning,scikit-learn,critical thinking,statistics,model deployment,python,data visualization,communication",Data Scientist
"dashboarding,power bi,pandas,reporting,excel,python,sql,tableau,statistics,data visualization",Data Analyst
"database design,etl,hadoop,sql,spark,problem solving,azure,airflow,python",Data Engineer
"time management,excel,data visualization,tableau,sql,dashboarding,business intelligence,presentation,kpi analysis,data modeling",BI Analyst
"critical thinking,api development,tensorflow,model deployment,mlops,python,pytorch",Machine Learning Engineer
"tensorflow,python,teamwork,pytorch,deep learning,mlops,kubernetes,api development,machine learning,model deployment,leadership",Machine Learning Engineer
"scikit-learn,python,numpy,pandas,time management,presentation,model deployment,statistics,deep learning,data visualization,feature engineering,machine learning",Data Scientist
"model deployment,pytorch,tensorflow,deep learning,machine learning,api development,python,docker,kubernetes,mlops",Machine Learning Engineer
"airflow,azure,hadoop,spark,sql,aws,data warehouse,database design,critical thinking,python",Data Engineer
"aws,spark,python,azure,communication,etl,sql,database design,airflow,hadoop,data warehouse",Data Engineer
"power bi,time management,sql,data visualization,excel,reporting,teamwork,statistics,python,tableau,dashboarding",Data Analyst
"database design,airflow,hadoop,python,spark,azure",Data Engineer
"sql,presentation,python,spark,etl,aws,teamwork,airflow,database design,hadoop,data warehouse",Data Engineer
"snowflake,data modeling,bigquery,etl,sql,data warehouse,analytics engineering,dbt,python,airflow",Analytics Engineer
"deep learning,scikit-learn,presentation,communication,statistics,machine learning,numpy,python",Data Scientist
"communication,database design,spark,aws,data warehouse,airflow,azure",Data Engineer
"excel,reporting,sql,data modeling,dashboarding,business intelligence,kpi analysis,data visualization",BI Analyst
"docker,deep learning,api development,mlops,pytorch,tensorflow,python,problem solving,model deployment,machine learning,kubernetes",Machine Learning Engineer
"pandas,sql,dashboarding,tableau,power bi,python,data visualization,reporting,excel,statistics",Data Analyst
"tableau,sql,reporting,excel,python,power bi",Data Analyst
"api development,kubernetes,deep learning,python,tensorflow,pytorch,mlops,model deployment,presentation,machine learning,docker",Machine Learning Engineer
"scikit-learn,statistics,data visualization,python,deep learning,pandas,numpy,feature engineering,communication",Data Scientist
"business analysis,reporting,stakeholder management,requirements gathering,problem solving,communication,excel,sql,power bi",Business Analyst
"problem solving,spark,data warehouse,aws,python,etl,azure,database design,hadoop",Data Engineer
"scikit-learn,data visualization,model deployment,deep learning,python,machine learning,feature engineering,pandas,statistics,numpy",Data Scientist
"time management,power bi,dashboarding,reporting,pandas,statistics,data visualization,sql,python,tableau,excel",Data Analyst
"communication,presentation,python,reporting,excel,power bi,pandas,tableau,dashboarding",Data Analyst
"excel,dashboarding,business intelligence,kpi analysis,sql,data visualization,tableau,data modeling",BI Analyst
"reporting,business intelligence,data modeling,sql,dashboarding,data visualization",BI Analyst
"problem solving,database design,python,aws,airflow,etl,azure",Data Engineer
"machine learning,python,mlops,pytorch,api development,model deployment,docker",Machine Learning Engineer
"business analysis,reporting,sql,stakeholder management,data visualization,excel,power bi,requirements gathering,tableau",Business Analyst
"leadership,power bi,reporting,critical thinking,statistics,pandas,data visualization,dashboarding,python",Data Analyst
"sql,business analysis,presentation,stakeholder management,power bi,excel,requirements gathering,data visualization,communication,tableau,reporting,teamwork",Business Analyst
"tableau,dashboarding,python,pandas,excel,reporting,statistics,power bi,sql,data visualization",Data Analyst
"critical thinking,mlops,api development,docker,kubernetes,pytorch,time management,tensorflow",Machine Learning Engineer
"business intelligence,communication,excel,tableau,data modeling,sql,kpi analysis,reporting,power bi,data visualization,dashboarding",BI Analyst
"sql,tableau,power bi,reporting,data visualization,data modeling,business intelligence,dashboarding,excel,problem solving,presentation",BI Analyst
"requirements gathering,tableau,reporting,excel,sql,business analysis,data visualization,stakeholder management",Business Analyst
"python,bigquery,snowflake,data warehouse,data modeling,airflow,dbt",Analytics Engineer
"data modeling,leadership,data warehouse,bigquery,dbt,analytics engineering,python",Analytics Engineer
"scikit-learn,feature engineering,model deployment,data visualization,deep learning,pandas,python,statistics,machine learning,numpy",Data Scientist
"dashboarding,data visualization,excel,python,presentation,statistics,reporting",Data Analyst
"data modeling,critical thinking,dbt,analytics engineering,presentation,data warehouse,python,bigquery,snowflake,etl,sql",Analytics Engineer
"data warehouse,airflow,python,sql,etl,aws",Data Engineer
"machine learning,feature engineering,data visualization,python,statistics,numpy,deep learning,pandas,model deployment",Data Scientist
"dashboarding,excel,data visualization,pandas,power bi,statistics,sql,tableau",Data Analyst
"critical thinking,python,deep learning,numpy,data visualization,statistics,scikit-learn,machine learning,feature engineering",Data Scientist
"tableau,power bi,python,reporting,dashboarding,sql,pandas",Data Analyst
"excel,dashboarding,leadership,time management,reporting,sql,data modeling,tableau,data visualization",BI Analyst
"reporting,excel,business analysis,sql,stakeholder management,data visualization",Business Analyst
"api development,deep learning,python,pytorch,docker,machine learning,mlops,kubernetes",Machine Learning Engineer
"machine learning,statistics,model deployment,deep learning,pandas,numpy,python",Data Scientist
"api development,kubernetes,deep learning,teamwork,machine learning,mlops,pytorch,tensorflow,docker",Machine Learning Engineer
"problem solving,business analysis,critical thinking,communication,reporting,sql,tableau,data visualization",Business Analyst
"stakeholder management,communication,requirements gathering,power bi,excel,tableau,sql",Business Analyst
"hadoop,azure,database design,airflow,sql,spark,leadership,python,data warehouse",Data Engineer
"sql,spark,data warehouse,hadoop,etl,python,aws,database design,airflow",Data Engineer
"data visualization,power bi,pandas,tableau,statistics,communication,dashboarding,sql,python,reporting,excel",Data Analyst
"problem solving,python,scikit-learn,pandas,feature engineering,machine learning,deep learning",Data Scientist
"tableau,kpi analysis,data visualization,business intelligence,excel,sql,dashboarding",BI Analyst
"deep learning,teamwork,python,kubernetes,time management,api development,model deployment,machine learning",Machine Learning Engineer
"excel,leadership,sql,kpi analysis,reporting,data modeling,tableau,power bi,business intelligence",BI Analyst
"bigquery,etl,problem solving,data modeling,airflow,sql,dbt,python,snowflake,analytics engineering,data warehouse,leadership",Analytics Engineer
"pytorch,kubernetes,docker,deep learning,api development,problem solving,mlops,machine learning,tensorflow,python",Machine Learning Engineer
"reporting,communication,data modeling,power bi,business intelligence,excel,critical thinking,data visualization,sql",BI Analyst
"scikit-learn,machine learning,leadership,model deployment,python,feature engineering,deep learning,data visualization,numpy,pandas",Data Scientist
"sql,requirements gathering,tableau,data visualization,presentation,communication,stakeholder management,excel,power bi,reporting",Business Analyst
"api development,model deployment,pytorch,deep learning,mlops,python,kubernetes,leadership,tensorflow,machine learning",Machine Learning Engineer
"data warehouse,azure,hadoop,aws,database design,sql,airflow,leadership,etl,teamwork",Data Engineer
"data warehouse,sql,etl,spark,aws,airflow,database design,hadoop",Data Engineer
"machine learning,pytorch,communication,kubernetes,mlops,python,api development,model deployment,deep learning",Machine Learning Engineer
"data visualization,excel,time management,power bi,kpi analysis,data modeling,business intelligence,reporting,problem solving,sql,dashboarding",BI Analyst
"aws,etl,airflow,data warehouse,azure,python,sql,hadoop",Data Engineer
"tableau,leadership,kpi analysis,dashboarding,power bi,data modeling,excel,business intelligence,data visualization",BI Analyst
"sql,presentation,pandas,python,dashboarding,excel,communication,statistics,data visualization,power bi",Data Analyst
"tensorflow,api development,pytorch,model deployment,deep learning,kubernetes",Machine Learning Engineer
"dbt,analytics engineering,bigquery,data modeling,data warehouse,snowflake,problem solving,sql,airflow",Analytics Engineer
"pandas,data visualization,dashboarding,power bi,statistics,reporting,sql,excel,python,critical thinking",Data Analyst
"problem solving,mlops,api development,kubernetes,leadership,tensorflow,docker,deep learning",Machine Learning Engineer
"pytorch,deep learning,machine learning,mlops,python,docker,kubernetes,model deployment,api development",Machine Learning Engineer
"statistics,deep learning,model deployment,time management,machine learning,communication,numpy,feature engineering",Data Scientist
"reporting,data visualization,sql,business intelligence,dashboarding,presentation,data modeling,kpi analysis,excel",BI Analyst
"power bi,data modeling,business intelligence,problem solving,time management,reporting,data visualization,tableau,dashboarding,sql,kpi analysis,excel",BI Analyst
"statistics,model deployment,machine learning,deep learning,scikit-learn,feature engineering,pandas,python,critical thinking",Data Scientist
"kubernetes,api development,machine learning,python,docker,mlops,model deployment,tensorflow,deep learning,pytorch",Machine Learning Engineer
"deep learning,numpy,data visualization,statistics,python,pandas,model deployment,feature engineering,machine learning,scikit-learn",Data Scientist
"etl,snowflake,bigquery,analytics engineering,airflow,data modeling,data warehouse,dbt,python",Analytics Engineer
"sql,spark,etl,azure,hadoop,aws,python,data warehouse,airflow,database design",Data Engineer
"data visualization,sql,tableau,requirements gathering,stakeholder management,power bi,time management",Business Analyst
"model deployment,docker,mlops,kubernetes,tensorflow,time management,pytorch",Machine Learning Engineer
"mlops,python,model deployment,presentation,kubernetes,tensorflow,docker,communication,deep learning,machine learning,api development,pytorch",Machine Learning Engineer
"bigquery,sql,analytics engineering,data warehouse,dbt,python,time management,presentation,snowflake,etl,data modeling",Analytics Engineer
"reporting,sql,pandas,statistics,excel,data visualization,tableau,power bi,dashboarding,python",Data Analyst
"snowflake,analytics engineering,problem solving,dbt,etl,airflow,bigquery,presentation,sql,data modeling,python",Analytics Engineer
"machine learning,numpy,data visualization,deep learning,model deployment,teamwork,scikit-learn,statistics,communication,python,pandas,feature engineering",Data Scientist
"pandas,reporting,python,excel,dashboarding,data visualization,sql",Data Analyst
"python,mlops,api development,deep learning,kubernetes,docker",Machine Learning Engineer
"business intelligence,kpi analysis,reporting,time management,problem solving,excel,data visualization,power bi,tableau",BI Analyst
"python,bigquery,snowflake,data warehouse,leadership,airflow,dbt,teamwork,sql",Analytics Engineer
"data visualization,requirements gathering,sql,reporting,power bi,excel,business analysis,tableau,stakeholder management",Business Analyst
"data warehouse,sql,airflow,aws,etl,hadoop,python",Data Engineer
"pytorch,time management,docker,problem solving,tensorflow,model deployment,python,deep learning,kubernetes,mlops,api development",Machine Learning Engineer
"snowflake,analytics engineering,sql,python,etl,bigquery,airflow,data modeling",Analytics Engineer
"python,spark,azure,etl,airflow,sql,data warehouse,database design,hadoop,aws",Data Engineer
"sql,hadoop,data warehouse,etl,database design,aws",Data Engineer
"python,data warehouse,database design,azure,sql,airflow",Data Engineer
"reporting,pandas,data visualization,excel,tableau,time management,dashboarding,power bi,sql,python,statistics",Data Analyst
"numpy,pandas,model deployment,data visualization,machine learning,presentation,critical thinking,feature engineering,deep learning,statistics",Data Scientist
"machine learning,pandas,statistics,feature engineering,communication,deep learning,data visualization",Data Scientist
"statistics,deep learning,feature engineering,machine learning,model deployment,python,numpy",Data Scientist
"deep learning,docker,time management,model deployment,machine learning,mlops,api development,python,kubernetes,pytorch,problem solving",Machine Learning Engineer
"teamwork,data visualization,tableau,statistics,pandas,power bi,sql",Data Analyst
"requirements gathering,critical thinking,excel,reporting,business analysis,power bi,communication,tableau,stakeholder management,data visualization,sql",Business Analyst
"machine learning,python,feature engineering,pandas,deep learning,scikit-learn,statistics,model deployment,teamwork,numpy,data visualization,leadership",Data Scientist
"stakeholder management,requirements gathering,data visualization,reporting,business analysis,excel,sql,power bi,communication,teamwork,tableau",Business Analyst
"hadoop,data warehouse,airflow,spark,critical thinking,database design,sql,problem solving,azure,aws,python",Data Engineer
"communication,data warehouse,leadership,etl,snowflake,sql,airflow,data modeling,analytics engineering,bigquery,dbt,python",Analytics Engineer
"excel,requirements gathering,stakeholder management,tableau,business analysis,communication,sql,communication,data visualization",Business Analyst
"machine learning,deep learning,model deployment,pytorch,kubernetes,docker,mlops,api development",Machine Learning Engineer
"statistics,dashboarding,tableau,data visualization,power bi,time management,presentation,reporting",Data Analyst
"power bi,excel,stakeholder management,requirements gathering,communication,business analysis",Business Analyst
"model deployment,presentation,data visualization,deep learning,teamwork,python,pandas,statistics,feature engineering,machine learning",Data Scientist
"model deployment,mlops,deep learning,api development,docker,python,critical thinking,pytorch,machine learning",Machine Learning Engineer
"analytics engineering,dbt,data warehouse,data modeling,airflow,sql",Analytics Engineer
"etl,sql,azure,spark,teamwork,python,aws,data warehouse,database design,critical thinking,hadoop",Data Engineer
"dashboarding,statistics,excel,power bi,pandas,reporting,data visualization",Data Analyst
"dbt,sql,airflow,analytics engineering,snowflake,bigquery,time management,problem solving,etl",Analytics Engineer
"power bi,dashboarding,critical thinking,data visualization,teamwork,kpi analysis,excel,data modeling,business intelligence,tableau,reporting",BI Analyst
"numpy,data visualization,statistics,leadership,python,feature engineering,deep learning,machine learning,model deployment,pandas,scikit-learn",Data Scientist
"python,pytorch,critical thinking,deep learning,docker,teamwork,mlops,kubernetes,api development,tensorflow",Machine Learning Engineer
"sql,python,analytics engineering,airflow,time management,data modeling,critical thinking,bigquery",Analytics Engineer
"pandas,data visualization,reporting,dashboarding,tableau,sql",Data Analyst
"leadership,communication,sql,requirements gathering,power bi,business analysis,excel,stakeholder management,tableau,data visualization",Business Analyst
"api development,python,model deployment,tensorflow,pytorch,docker",Machine Learning Engineer
"business intelligence,reporting,dashboarding,kpi analysis,power bi,excel,time management",BI Analyst
"dashboarding,leadership,data modeling,reporting,sql,kpi analysis,power bi,excel,communication,tableau",BI Analyst
"python,time management,data warehouse,data modeling,dbt,sql,analytics engineering,airflow,etl,snowflake",Analytics Engineer
"python,data warehouse,etl,airflow,snowflake,dbt,data modeling,sql,bigquery",Analytics Engineer
"statistics,scikit-learn,feature engineering,pandas,data visualization,critical thinking,presentation,machine learning",Data Scientist
"data modeling,business intelligence,tableau,power bi,excel,kpi analysis,data visualization,time management,dashboarding,teamwork,reporting,sql",BI Analyst
"data visualization,presentation,tableau,business intelligence,data modeling,problem solving,reporting,sql,dashboarding,kpi analysis",BI Analyst
"problem solving,tableau,sql,reporting,excel,data visualization,power bi",Business Analyst
"dbt,analytics engineering,etl,python,sql,data modeling,leadership,bigquery,data warehouse",Analytics Engineer
"data visualization,feature engineering,scikit-learn,pandas,machine learning,statistics",Data Scientist
"python,snowflake,etl,analytics engineering,data warehouse,bigquery,airflow,dbt,presentation",Analytics Engineer
"critical thinking,business analysis,tableau,communication,presentation,sql,data visualization,reporting,requirements gathering,power bi,excel,stakeholder management",Business Analyst
"etl,airflow,snowflake,data warehouse,data modeling,communication,time management,dbt,python,sql",Analytics Engineer
"excel,stakeholder management,data visualization,tableau,sql,problem solving,reporting",Business Analyst
"pandas,statistics,scikit-learn,feature engineering,numpy,machine learning,deep learning",Data Scientist
"python,dashboarding,data visualization,excel,communication,sql,critical thinking,tableau,statistics,reporting,pandas,power bi",Data Analyst
"airflow,etl,azure,python,spark,hadoop,sql,data warehouse",Data Engineer
"dashboarding,python,statistics,sql,pandas,excel,tableau,data visualization,reporting,power bi",Data Analyst
"spark,airflow,python,data warehouse,etl,sql,time management",Data Engineer
"model deployment,python,deep learning,mlops,tensorflow,teamwork,machine learning,communication,kubernetes,pytorch",Machine Learning Engineer
"analytics engineering,bigquery,sql,dbt,snowflake,critical thinking,etl,data warehouse",Analytics Engineer
"bigquery,sql,python,analytics engineering,airflow,snowflake,dbt,data warehouse,data modeling,etl",Analytics Engineer
"numpy,pandas,feature engineering,machine learning,python,data visualization,leadership,statistics,deep learning,communication",Data Scientist
"tableau,power bi,excel,business intelligence,dashboarding,data visualization,kpi analysis",BI Analyst
"teamwork,presentation,sql,reporting,python,dashboarding,data visualization,power bi,statistics,excel,pandas,tableau",Data Analyst
"tableau,sql,presentation,communication,excel,dashboarding,power bi,kpi analysis",BI Analyst
"power bi,stakeholder management,requirements gathering,sql,business analysis,data visualization,tableau,excel,communication",Business Analyst
"communication,power bi,business analysis,stakeholder management,tableau,requirements gathering",Business Analyst
"azure,etl,spark,python,sql,data warehouse,problem solving,teamwork,database design",Data Engineer
"reporting,excel,data visualization,tableau,sql,python,pandas,power bi",Data Analyst
"numpy,python,problem solving,deep learning,statistics,scikit-learn,feature engineering,data visualization",Data Scientist
"aws,etl,database design,spark,communication,hadoop,azure,airflow",Data Engineer
"dashboarding,kpi analysis,tableau,data visualization,reporting,data modeling,power bi,business intelligence",BI Analyst
"teamwork,excel,stakeholder management,sql,tableau,communication,data visualization",Business Analyst
"excel,power bi,pandas,tableau,problem solving,critical thinking,statistics,dashboarding,python,reporting",Data Analyst
"hadoop,etl,sql,spark,database design,airflow,aws,python,azure",Data Engineer
"scikit-learn,python,data visualization,model deployment,machine learning,statistics",Data Scientist
"communication,reporting,business analysis,requirements gathering,excel,power bi,sql,data visualization,presentation,stakeholder management",Business Analyst
"presentation,feature engineering,data visualization,deep learning,python,model deployment,teamwork,pandas,machine learning,scikit-learn,numpy",Data Scientist
"sql,data warehouse,snowflake,airflow,teamwork,data modeling,bigquery,etl,python,critical thinking,analytics engineering",Analytics Engineer
"dbt,critical thinking,python,analytics engineering,airflow,data modeling,etl,sql,data warehouse,snowflake,bigquery",Analytics Engineer
"database design,aws,sql,hadoop,python,azure,data warehouse,etl,airflow",Data Engineer
"deep learning,docker,python,tensorflow,machine learning,mlops,pytorch,kubernetes,model deployment",Machine Learning Engineer
"reporting,kpi analysis,communication,dashboarding,sql,presentation,excel,power bi",BI Analyst
"python,pandas,reporting,critical thinking,power bi,data visualization,excel,statistics,sql",Data Analyst
"python,docker,model deployment,kubernetes,leadership,tensorflow,pytorch",Machine Learning Engineer
"statistics,feature engineering,model deployment,python,machine learning,pandas,scikit-learn,data visualization",Data Scientist
"dashboarding,excel,reporting,sql,tableau,leadership,business intelligence",BI Analyst
"excel,data visualization,problem solving,stakeholder management,requirements gathering,teamwork,power bi,sql,tableau,communication,business analysis",Business Analyst
"machine learning,scikit-learn,pandas,data visualization,feature engineering,model deployment,numpy,deep learning,statistics",Data Scientist
"python,reporting,power bi,data visualization,statistics,sql,dashboarding,critical thinking,excel,tableau,presentation,pandas",Data Analyst
"data warehouse,spark,airflow,azure,database design,hadoop,python,etl,communication,aws,sql,problem solving",Data Engineer
"docker,tensorflow,leadership,machine learning,model deployment,kubernetes,api development,critical thinking,deep learning,pytorch",Machine Learning Engineer
"data modeling,business intelligence,tableau,excel,data visualization,power bi,reporting,sql,kpi analysis",BI Analyst
"numpy,scikit-learn,machine learning,python,deep learning,statistics,data visualization,leadership,feature engineering",Data Scientist
"data visualization,tableau,excel,business intelligence,dashboarding,reporting,data modeling,power bi,sql",BI Analyst
"presentation,sql,power bi,leadership,kpi analysis,business intelligence,dashboarding,reporting,tableau,data visualization",BI Analyst
"azure,airflow,sql,data warehouse,etl,hadoop,database design,spark,aws",Data Engineer
"reporting,dashboarding,sql,data visualization,leadership,power bi,problem solving,pandas,excel,statistics,tableau",Data Analyst
"python,numpy,machine learning,model deployment,pandas,feature engineering,statistics,deep learning,data visualization,scikit-learn",Data Scientist
"snowflake,presentation,data modeling,data warehouse,etl,analytics engineering,dbt,sql,leadership,airflow,bigquery,python",Analytics Engineer
"tableau,business analysis,stakeholder management,leadership,data visualization,excel,reporting,requirements gathering,power bi",Business Analyst
"excel,sql,reporting,dashboarding,business intelligence,tableau,data modeling,data visualization,power bi,kpi analysis",BI Analyst
"power bi,excel,sql,data visualization,stakeholder management,tableau,reporting,communication,requirements gathering,business analysis",Business Analyst
"azure,airflow,aws,presentation,database design,hadoop,spark,etl,sql",Data Engineer
"model deployment,data visualization,scikit-learn,deep learning,statistics,numpy,pandas,feature engineering,machine learning",Data Scientist
"business analysis,data visualization,sql,tableau,stakeholder management,power bi,communication",Business Analyst
"data visualization,reporting,dashboarding,sql,excel,business intelligence",BI Analyst
"tableau,excel,data visualization,problem solving,reporting,business analysis,sql,power bi",Business Analyst
"snowflake,leadership,data modeling,python,analytics engineering,etl,sql,airflow,dbt,data warehouse",Analytics Engineer
"time management,problem solving,data visualization,statistics,python,pandas,deep learning,feature engineering,machine learning,numpy,model deployment",Data Scientist
"deep learning,python,model deployment,feature engineering,statistics,scikit-learn,leadership,data visualization",Data Scientist
"api development,mlops,pytorch,tensorflow,kubernetes,machine learning,model deployment,docker,teamwork,problem solving,deep learning",Machine Learning Engineer
"requirements gathering,reporting,communication,stakeholder management,sql,tableau",Business Analyst
"python,dashboarding,tableau,sql,problem solving,statistics,data visualization",Data Analyst
"problem solving,hadoop,data warehouse,database design,sql,aws,spark,python,azure,etl",Data Engineer
"pytorch,python,docker,deep learning,kubernetes,machine learning,api development",Machine Learning Engineer
"python,etl,airflow,teamwork,presentation,database design,aws,spark,azure,data warehouse",Data Engineer
"azure,presentation,sql,spark,aws,etl,database design,airflow",Data Engineer
"data warehouse,azure,etl,aws,airflow,hadoop,spark,sql,database design,python",Data Engineer
"numpy,feature engineering,scikit-learn,leadership,data visualization,python,model deployment,deep learning,pandas",Data Scientist
"teamwork,power bi,stakeholder management,problem solving,data visualization,business analysis,excel,reporting",Business Analyst
"data visualization,dashboarding,business intelligence,tableau,kpi analysis,reporting,data modeling",BI Analyst
"snowflake,data modeling,data warehouse,dbt,airflow,communication,python,teamwork",Analytics Engineer
"statistics,teamwork,presentation,feature engineering,python,machine learning,numpy,scikit-learn,data visualization,pandas,deep learning",Data Scientist
"excel,stakeholder management,communication,tableau,sql,business analysis,reporting",Business Analyst
"critical thinking,time management,analytics engineering,data warehouse,etl,sql,snowflake,python,airflow,data modeling,bigquery,dbt",Analytics Engineer
"scikit-learn,python,machine learning,statistics,data visualization,feature engineering,model deployment,deep learning,time management,pandas,numpy",Data Scientist
"reporting,sql,power bi,tableau,data visualization,excel,communication,stakeholder management,presentation,business analysis,requirements gathering",Business Analyst
"teamwork,numpy,deep learning,pandas,scikit-learn,machine learning,feature engineering,communication,statistics",Data Scientist
"mlops,machine learning,docker,api development,leadership,python,model deployment,kubernetes,deep learning",Machine Learning Engineer
"etl,dbt,airflow,sql,python,data warehouse,bigquery",Analytics Engineer
"docker,kubernetes,mlops,machine learning,model deployment,deep learning,python",Machine Learning Engineer
"reporting,data modeling,dashboarding,power bi,sql,data visualization,business intelligence,excel",BI Analyst
"python,feature engineering,scikit-learn,data visualization,machine learning,problem solving,numpy",Data Scientist
"power bi,data modeling,excel,sql,reporting,business intelligence,kpi analysis,problem solving",BI Analyst
"scikit-learn,numpy,communication,model deployment,feature engineering,statistics,deep learning,python,pandas,teamwork,machine learning,data visualization",Data Scientist
"mlops,tensorflow,docker,pytorch,model deployment,python",Machine Learning Engineer
"deep learning,kubernetes,pytorch,python,time management,api development,mlops,model deployment,docker",Machine Learning Engineer
"data visualization,python,teamwork,deep learning,pandas,feature engineering,machine learning,time management,numpy",Data Scientist
"dashboarding,excel,sql,problem solving,pandas,python,data visualization",Data Analyst
"pandas,reporting,data visualization,dashboarding,communication,excel,sql,power bi",Data Analyst
"bigquery,sql,problem solving,dbt,data warehouse,python,leadership,etl,snowflake,data modeling",Analytics Engineer
"sql,bigquery,data modeling,data warehouse,airflow,critical thinking,leadership,etl,snowflake",Analytics Engineer
"snowflake,analytics engineering,etl,sql,dbt,data warehouse,airflow",Analytics Engineer
"data warehouse,bigquery,snowflake,data modeling,dbt,etl,python,airflow,analytics engineering,sql",Analytics Engineer
"kubernetes,tensorflow,pytorch,python,machine learning,teamwork,api development,critical thinking",Machine Learning Engineer
"reporting,tableau,sql,data visualization,power bi,excel,kpi analysis,data modeling,critical thinking,business intelligence,dashboarding",BI Analyst
"database design,airflow,azure,hadoop,data warehouse,problem solving,sql",Data Engineer
"business intelligence,power bi,tableau,reporting,sql,data visualization,dashboarding",BI Analyst
"kubernetes,deep learning,python,machine learning,pytorch,tensorflow,api development,mlops,docker",Machine Learning Engineer
"reporting,sql,data visualization,stakeholder management,excel,business analysis",Business Analyst
"python,hadoop,azure,spark,leadership,etl,database design,data warehouse,sql,critical thinking",Data Engineer
"airflow,teamwork,critical thinking,aws,hadoop,spark,python,data warehouse,etl",Data Engineer
"azure,data warehouse,airflow,database design,hadoop,aws,spark,sql,etl",Data Engineer
"statistics,feature engineering,python,scikit-learn,problem solving,numpy,deep learning,pandas,machine learning,teamwork,model deployment,data visualization",Data Scientist
"mlops,docker,kubernetes,tensorflow,machine learning,python,critical thinking,pytorch,problem solving",Machine Learning Engineer
"reporting,dashboarding,business intelligence,excel,power bi,kpi analysis,data modeling",BI Analyst
"database design,sql,data warehouse,python,airflow,communication,azure,spark,etl,hadoop",Data Engineer
"spark,python,sql,etl,azure,aws,hadoop,database design,communication,leadership",Data Engineer
"tableau,excel,teamwork,sql,stakeholder management,power bi,reporting,communication,requirements gathering,business analysis",Business Analyst
"data visualization,sql,reporting,requirements gathering,tableau,power bi,leadership",Business Analyst
"numpy,scikit-learn,teamwork,pandas,machine learning,statistics,feature engineering,python,data visualization,deep learning,model deployment",Data Scientist
"requirements gathering,power bi,communication,reporting,stakeholder management,presentation,excel,data visualization,business analysis,sql,tableau",Business Analyst
"critical thinking,python,machine learning,docker,tensorflow,kubernetes,pytorch,teamwork,mlops,api development",Machine Learning Engineer
"data warehouse,data modeling,etl,python,dbt,analytics engineering,airflow,sql,snowflake",Analytics Engineer
"python,bigquery,sql,analytics engineering,snowflake,data modeling,data warehouse,etl,airflow,presentation,leadership,dbt",Analytics Engineer
"power bi,data visualization,communication,business intelligence,sql,excel,critical thinking,reporting",BI Analyst
"airflow,python,dbt,analytics engineering,data warehouse,sql,data modeling,snowflake,bigquery",Analytics Engineer
"dbt,sql,airflow,snowflake,python,data warehouse,etl,problem solving,presentation,data modeling",Analytics Engineer
"communication,tableau,data visualization,power bi,sql,excel,statistics,python,pandas",Data Analyst
"data modeling,airflow,bigquery,dbt,presentation,sql,analytics engineering",Analytics Engineer
"python,kubernetes,api development,mlops,pytorch,machine learning",Machine Learning Engineer
"snowflake,etl,bigquery,data modeling,airflow,sql,problem solving,dbt,analytics engineering,teamwork,data warehouse",Analytics Engineer
"data modeling,reporting,power bi,data visualization,tableau,sql,kpi analysis,dashboarding",BI Analyst
"python,azure,aws,spark,sql,communication,airflow",Data Engineer
"data visualization,feature engineering,scikit-learn,numpy,time management,machine learning,pandas,python",Data Scientist
"sql,business intelligence,teamwork,excel,reporting,power bi,data visualization",BI Analyst
"model deployment,problem solving,machine learning,python,leadership,pytorch,tensorflow,api development,deep learning",Machine Learning Engineer
"sql,power bi,dashboarding,data modeling,critical thinking,tableau,reporting,kpi analysis,excel,data visualization",BI Analyst
"bigquery,data warehouse,analytics engineering,data modeling,etl,python,communication,sql",Analytics Engineer
"azure,airflow,python,spark,aws,data warehouse,etl,sql",Data Engineer
"data visualization,requirements gathering,stakeholder management,excel,reporting,communication",Business Analyst
"machine learning,data visualization,python,deep learning,numpy,model deployment,statistics,scikit-learn,pandas",Data Scientist
"presentation,airflow,azure,database design,sql,python,hadoop,spark,etl,aws,data warehouse,problem solving",Data Engineer
"reporting,data visualization,data modeling,kpi analysis,business intelligence,dashboarding,tableau,excel,sql,power bi",BI Analyst
"etl,aws,airflow,sql,spark,azure,data warehouse,hadoop,python,critical thinking,database design",Data Engineer
"tableau,dashboarding,excel,business intelligence,kpi analysis,data modeling",BI Analyst
"kubernetes,docker,pytorch,api development,python,model deployment,mlops",Machine Learning Engineer
"data visualization,tableau,stakeholder management,requirements gathering,power bi,reporting",Business Analyst
"business intelligence,data visualization,reporting,tableau,sql,critical thinking,power bi,leadership,excel",BI Analyst
"data warehouse,python,azure,hadoop,airflow,aws,sql,spark,database design,critical thinking,etl",Data Engineer
"requirements gathering,tableau,critical thinking,excel,sql,power bi,reporting,data visualization,communication,stakeholder management",Business Analyst
"teamwork,communication,sql,requirements gathering,data visualization,reporting,power bi,excel,business analysis",Business Analyst
"data visualization,kpi analysis,tableau,business intelligence,dashboarding,leadership,excel,sql,data modeling,power bi,reporting",BI Analyst
"data warehouse,etl,dbt,analytics engineering,airflow,sql,data modeling,snowflake,bigquery",Analytics Engineer
"statistics,dashboarding,excel,teamwork,tableau,power bi,sql,reporting,data visualization,presentation",Data Analyst
"teamwork,kpi analysis,critical thinking,data modeling,power bi,sql,reporting,business intelligence",BI Analyst
"tableau,dashboarding,data visualization,data modeling,business intelligence,reporting,kpi analysis,power bi,sql",BI Analyst
"data visualization,tableau,power bi,data modeling,dashboarding,kpi analysis,time management,excel,critical thinking",BI Analyst
"time management,python,excel,tableau,pandas,dashboarding,power bi",Data Analyst
"sql,pandas,statistics,leadership,tableau,excel,power bi,dashboarding,python",Data Analyst
"model deployment,scikit-learn,feature engineering,data visualization,machine learning,numpy,statistics",Data Scientist
"docker,api development,mlops,deep learning,pytorch,tensorflow,model deployment,machine learning,kubernetes,python",Machine Learning Engineer
"spark,database design,sql,azure,airflow,leadership,etl",Data Engineer
"data warehouse,database design,aws,sql,etl,airflow,presentation",Data Engineer
"snowflake,teamwork,data warehouse,bigquery,etl,airflow,dbt",Analytics Engineer
"communication,requirements gathering,power bi,excel,data visualization,tableau",Business Analyst
"python,communication,statistics,feature engineering,pandas,data visualization,numpy,scikit-learn,model deployment,deep learning,leadership,machine learning",Data Scientist
"feature engineering,model deployment,deep learning,numpy,scikit-learn,machine learning,teamwork,communication,statistics,python,data visualization,pandas",Data Scientist
"api development,kubernetes,python,model deployment,docker,tensorflow,deep learning,machine learning",Machine Learning Engineer
"sql,data visualization,power bi,tableau,stakeholder management,communication,excel,requirements gathering,business analysis,reporting",Business Analyst
"bigquery,snowflake,analytics engineering,data warehouse,python,sql,etl,data modeling,dbt",Analytics Engineer
"dbt,etl,sql,snowflake,data warehouse,data modeling,airflow,bigquery,leadership,python,analytics engineering",Analytics Engineer
"python,model deployment,numpy,feature engineering,statistics,deep learning,communication,data visualization,scikit-learn",Data Scientist
"data visualization,pandas,feature engineering,numpy,time management,statistics,communication,python,scikit-learn,machine learning,deep learning",Data Scientist
"python,etl,communication,airflow,data modeling,dbt,snowflake,data warehouse,analytics engineering",Analytics Engineer
"statistics,data visualization,reporting,teamwork,communication,excel,sql,pandas,tableau,python,power bi,dashboarding",Data Analyst
"tableau,reporting,power bi,excel,sql,dashboarding,problem solving,business intelligence",BI Analyst
"statistics,presentation,scikit-learn,feature engineering,pandas,deep learning,data visualization,model deployment",Data Scientist
"etl,snowflake,airflow,bigquery,analytics engineering,data modeling,presentation,dbt",Analytics Engineer
"api development,python,mlops,model deployment,kubernetes,pytorch,docker,deep learning,machine learning",Machine Learning Engineer
"database design,spark,python,airflow,hadoop,aws",Data Engineer
"pandas,python,problem solving,tableau,leadership,power bi,statistics,excel,reporting,data visualization,dashboarding,sql",Data Analyst
"reporting,dashboarding,python,pandas,statistics,power bi",Data Analyst
"critical thinking,communication,requirements gathering,data visualization,tableau,stakeholder management,sql",Business Analyst
"tableau,business analysis,requirements gathering,sql,data visualization,presentation,excel,reporting,stakeholder management,power bi",Business Analyst
"communication,communication,tableau,teamwork,stakeholder management,requirements gathering,reporting,data visualization,power bi",Business Analyst
"snowflake,communication,airflow,leadership,sql,data warehouse,dbt,python,analytics engineering",Analytics Engineer
"tableau,python,data visualization,pandas,power bi,statistics,sql,reporting,dashboarding",Data Analyst
"sql,time management,azure,aws,problem solving,python,database design,data warehouse",Data Engineer
"reporting,data modeling,kpi analysis,data visualization,excel,dashboarding",BI Analyst
"communication,tableau,power bi,business analysis,sql,time management,data visualization",Business Analyst
"dashboarding,tableau,presentation,python,time management,sql,statistics,excel,power bi,pandas",Data Analyst
"pandas,model deployment,deep learning,scikit-learn,numpy,feature engineering,statistics",Data Scientist
"reporting,communication,excel,power bi,sql,tableau,stakeholder management,data visualization",Business Analyst
"python,docker,kubernetes,api development,tensorflow,pytorch,machine learning,mlops",Machine Learning Engineer
"aws,airflow,spark,etl,python,sql,database design,azure,hadoop,data warehouse",Data Engineer
"leadership,api development,python,mlops,machine learning,kubernetes,pytorch,communication,docker",Machine Learning Engineer
"problem solving,excel,sql,power bi,presentation,data visualization,communication,tableau,reporting,stakeholder management",Business Analyst
"data modeling,excel,kpi analysis,power bi,dashboarding,data visualization,tableau,sql,communication,business intelligence",BI Analyst
"etl,airflow,hadoop,database design,python,aws,sql,leadership,data warehouse",Data Engineer
"excel,problem solving,sql,teamwork,reporting,data modeling,data visualization,kpi analysis,power bi,business intelligence,dashboarding,tableau",BI Analyst
"python,dbt,etl,time management,snowflake,bigquery,data modeling,analytics engineering,sql,data warehouse",Analytics Engineer
"reporting,power bi,dashboarding,teamwork,excel,sql,statistics,tableau,leadership,python,data visualization",Data Analyst
"model deployment,deep learning,feature engineering,data visualization,statistics,scikit-learn,machine learning,numpy,python,pandas",Data Scientist
"deep learning,pytorch,api development,communication,machine learning,tensorflow,kubernetes,critical thinking,model deployment",Machine Learning Engineer
"bigquery,airflow,teamwork,analytics engineering,snowflake,sql,etl,data warehouse,data modeling,python",Analytics Engineer
"analytics engineering,time management,data warehouse,etl,dbt,bigquery,airflow,data modeling,sql,python",Analytics Engineer
"excel,pandas,dashboarding,power bi,statistics,tableau,data visualization",Data Analyst
"statistics,problem solving,data visualization,dashboarding,reporting,sql,tableau,pandas",Data Analyst
"power bi,business analysis,reporting,stakeholder management,sql,tableau,communication",Business Analyst
"data visualization,critical thinking,business analysis,sql,reporting,problem solving,communication,excel",Business Analyst
"python,api development,model deployment,kubernetes,machine learning,presentation,mlops,deep learning",Machine Learning Engineer
"tableau,data visualization,excel,power bi,pandas,statistics,python,sql,reporting",Data Analyst
"reporting,tableau,business intelligence,kpi analysis,sql,time management,leadership,dashboarding,power bi,data visualization,excel",BI Analyst
"data visualization,deep learning,statistics,pandas,machine learning,scikit-learn,model deployment,numpy,feature engineering,python",Data Scientist
"excel,statistics,data visualization,pandas,sql,tableau",Data Analyst
"machine learning,pandas,problem solving,data visualization,model deployment,teamwork,feature engineering,statistics,python,deep learning",Data Scientist
"statistics,python,leadership,reporting,dashboarding,communication,tableau,power bi,data visualization,sql,excel,pandas",Data Analyst
"tensorflow,mlops,pytorch,docker,kubernetes,machine learning",Machine Learning Engineer
"business intelligence,tableau,data modeling,sql,dashboarding,reporting,power bi",BI Analyst
"communication,dbt,python,data modeling,sql,bigquery,analytics engineering",Analytics Engineer
"dashboarding,communication,power bi,tableau,pandas,data visualization,excel,statistics,sql,teamwork",Data Analyst
"python,reporting,sql,pandas,power bi,presentation,tableau,statistics,time management",Data Analyst
"power bi,leadership,requirements gathering,business analysis,communication,data visualization,tableau,reporting,sql,communication,stakeholder management",Business Analyst
"machine learning,docker,tensorflow,kubernetes,model deployment,api development,deep learning,mlops,python,pytorch",Machine Learning Engineer
"leadership,python,api development,pytorch,machine learning,deep learning,mlops,presentation",Machine Learning Engineer
"tableau,stakeholder management,communication,requirements gathering,sql,teamwork,power bi,business analysis,data visualization,reporting,excel",Business Analyst
"python,bigquery,data modeling,snowflake,dbt,analytics engineering,airflow,etl,sql",Analytics Engineer
"airflow,leadership,aws,etl,communication,database design,python,spark,data warehouse",Data Engineer
"statistics,reporting,sql,tableau,excel,dashboarding,power bi,pandas,problem solving,data visualization,python",Data Analyst
"communication,excel,business analysis,requirements gathering,stakeholder management,sql,reporting,communication,power bi,data visualization,tableau",Business Analyst
"numpy,machine learning,model deployment,python,communication,pandas,feature engineering,statistics,scikit-learn,presentation,deep learning,data visualization",Data Scientist
"model deployment,python,kubernetes,machine learning,critical thinking,tensorflow,docker,mlops",Machine Learning Engineer
"airflow,aws,database design,azure,python,etl,sql,data warehouse,spark,hadoop",Data Engineer
"airflow,bigquery,presentation,data modeling,analytics engineering,data warehouse,python",Analytics Engineer
"data warehouse,hadoop,sql,etl,database design,python,azure,spark,airflow",Data Engineer
"deep learning,machine learning,kubernetes,docker,model deployment,api development,tensorflow,pytorch,mlops,python",Machine Learning Engineer
"tensorflow,deep learning,model deployment,api development,machine learning,pytorch,docker,kubernetes",Machine Learning Engineer
"excel,dashboarding,reporting,data modeling,business intelligence,power bi,tableau,sql,presentation,time management,kpi analysis,data visualization",BI Analyst
"model deployment,kubernetes,pytorch,mlops,docker,tensorflow,python",Machine Learning Engineer
"pandas,deep learning,scikit-learn,machine learning,numpy,feature engineering,python,model deployment,time management,communication,data visualization,statistics",Data Scientist
"tensorflow,machine learning,mlops,time management,api development,model deployment,deep learning,python,docker,kubernetes,communication,pytorch",Machine Learning Engineer
"communication,sql,data visualization,pandas,dashboarding,tableau,python,statistics,power bi,reporting",Data Analyst
"python,data visualization,excel,pandas,sql,dashboarding,power bi,reporting",Data Analyst
"requirements gathering,reporting,sql,excel,data visualization,tableau,business analysis,power bi,stakeholder management,communication,time management",Business Analyst
"etl,time management,data modeling,analytics engineering,dbt,bigquery,sql,critical thinking,airflow",Analytics Engineer
"airflow,data warehouse,hadoop,aws,sql,azure",Data Engineer
"etl,airflow,leadership,snowflake,analytics engineering,sql,data warehouse,data modeling,dbt",Analytics Engineer
"time management,reporting,statistics,python,excel,tableau,pandas,dashboarding,data visualization,power bi",Data Analyst
"business analysis,stakeholder management,communication,tableau,data visualization,critical thinking,power bi,sql,communication",Business Analyst
"kpi analysis,sql,power bi,data modeling,data visualization,tableau,reporting,dashboarding,excel",BI Analyst
"power bi,dashboarding,teamwork,reporting,statistics,sql,data visualization",Data Analyst
"data modeling,presentation,power bi,tableau,excel,teamwork,business intelligence,data visualization,sql",BI Analyst
"leadership,excel,reporting,tableau,python,pandas,dashboarding,data visualization",Data Analyst
"presentation,dbt,data warehouse,data modeling,sql,etl,snowflake,airflow,bigquery,python,analytics engineering",Analytics Engineer
"data modeling,python,dbt,data warehouse,presentation,airflow,sql,time management,etl,snowflake,bigquery",Analytics Engineer
"spark,time management,database design,python,azure,presentation,data warehouse,etl,airflow,hadoop,sql,aws",Data Engineer
"sql,dashboarding,business intelligence,power bi,data modeling,reporting,tableau,excel,teamwork,time management,data visualization",BI Analyst
"data visualization,scikit-learn,machine learning,feature engineering,numpy,python,pandas,statistics,deep learning",Data Scientist
"etl,dbt,data modeling,airflow,analytics engineering,sql,python,critical thinking,snowflake,bigquery,communication",Analytics Engineer
"statistics,python,pandas,scikit-learn,time management,deep learning,data visualization",Data Scientist
"data visualization,reporting,python,dashboarding,excel,statistics",Data Analyst
"scikit-learn,data visualization,pandas,communication,deep learning,machine learning,feature engineering,statistics,python,presentation,model deployment",Data Scientist
"tensorflow,api development,machine learning,docker,pytorch,time management,model deployment,mlops,deep learning,python",Machine Learning Engineer
"reporting,leadership,sql,dashboarding,python,data visualization,tableau",Data Analyst
"reporting,pandas,sql,dashboarding,power bi,tableau,excel,statistics,data visualization",Data Analyst
"sql,critical thinking,reporting,pandas,leadership,power bi,excel,python",Data Analyst
"deep learning,api development,tensorflow,mlops,kubernetes,docker,pytorch,python,model deployment,presentation",Machine Learning Engineer
"data warehouse,azure,sql,aws,etl,hadoop,python,database design,spark,airflow",Data Engineer
"python,analytics engineering,data modeling,bigquery,snowflake,airflow,etl",Analytics Engineer
"feature engineering,deep learning,numpy,statistics,model deployment,python,scikit-learn,time management",Data Scientist
"data visualization,python,excel,sql,pandas,dashboarding,power bi,reporting,tableau",Data Analyst
"snowflake,data modeling,python,etl,dbt,sql,data warehouse,analytics engineering,leadership,bigquery,airflow",Analytics Engineer
"etl,analytics engineering,python,data warehouse,data modeling,sql,teamwork,airflow,dbt,critical thinking",Analytics Engineer
"docker,tensorflow,deep learning,kubernetes,pytorch,machine learning,api development,mlops,python,model deployment",Machine Learning Engineer
"data modeling,sql,etl,bigquery,python,presentation,data warehouse,dbt,communication",Analytics Engineer
"azure,airflow,spark,data warehouse,hadoop,etl",Data Engineer
"dashboarding,pandas,reporting,excel,teamwork,tableau,python,data visualization,power bi,problem solving,statistics",Data Analyst
"azure,data warehouse,python,database design,airflow,time management,leadership,spark,etl",Data Engineer
"presentation,docker,pytorch,model deployment,communication,mlops,tensorflow,python,machine learning,api development,deep learning",Machine Learning Engineer
"feature engineering,deep learning,statistics,scikit-learn,numpy,model deployment,critical thinking,pandas",Data Scientist
"python,deep learning,scikit-learn,data visualization,numpy,pandas,critical thinking,feature engineering,time management,machine learning",Data Scientist
"dashboarding,tableau,business intelligence,data modeling,data visualization,excel,power bi,kpi analysis,reporting",BI Analyst
"sql,leadership,problem solving,data visualization,dashboarding,kpi analysis,reporting,tableau",BI Analyst
"data visualization,power bi,requirements gathering,reporting,time management,tableau,sql,critical thinking,excel,communication,business analysis",Business Analyst
"time management,mlops,machine learning,python,kubernetes,tensorflow,api development,model deployment,pytorch,deep learning,leadership,docker",Machine Learning Engineer
"analytics engineering,problem solving,etl,time management,bigquery,sql,dbt,snowflake,data warehouse",Analytics Engineer
"business intelligence,dashboarding,tableau,sql,leadership,data visualization,reporting,power bi,excel",BI Analyst
"kubernetes,api development,machine learning,mlops,deep learning,tensorflow",Machine Learning Engineer
"data visualization,reporting,power bi,business analysis,excel,sql,communication",Business Analyst
"aws,problem solving,sql,leadership,hadoop,data warehouse,airflow,azure,database design,python",Data Engineer
"airflow,dbt,data warehouse,sql,etl,data modeling,communication,analytics engineering,presentation,snowflake",Analytics Engineer
"requirements gathering,leadership,excel,reporting,power bi,tableau,data visualization,sql,communication,business analysis,communication",Business Analyst
"sql,airflow,problem solving,snowflake,bigquery,python,data modeling,analytics engineering,critical thinking,dbt,etl,data warehouse",Analytics Engineer
"python,database design,etl,azure,problem solving,sql,aws,presentation,data warehouse,hadoop,airflow",Data Engineer
"machine learning,pandas,scikit-learn,deep learning,statistics,problem solving,model deployment,data visualization,python,feature engineering",Data Scientist
"model deployment,python,numpy,data visualization,machine learning,statistics",Data Scientist
"airflow,python,database design,sql,etl,azure,aws,hadoop",Data Engineer
"docker,deep learning,python,pytorch,machine learning,model deployment,api development,teamwork,kubernetes,problem solving",Machine Learning Engineer
"data warehouse,critical thinking,snowflake,airflow,analytics engineering,bigquery,python,dbt,etl,sql",Analytics Engineer
"snowflake,presentation,data warehouse,airflow,bigquery,dbt,sql,teamwork",Analytics Engineer
"business intelligence,data visualization,kpi analysis,tableau,time management,dashboarding,power bi,data modeling,excel,sql",BI Analyst
"analytics engineering,sql,leadership,snowflake,airflow,data warehouse,communication,etl",Analytics Engineer
"aws,airflow,hadoop,data warehouse,sql,database design",Data Engineer
"tableau,requirements gathering,power bi,sql,leadership,reporting,excel,data visualization,stakeholder management,business analysis",Business Analyst
"python,docker,mlops,model deployment,kubernetes,tensorflow",Machine Learning Engineer
"tableau,data visualization,reporting,sql,pandas,dashboarding,power bi,python,excel,communication,statistics",Data Analyst
"deep learning,data visualization,python,teamwork,scikit-learn,numpy,problem solving,statistics",Data Scientist
"excel,communication,requirements gathering,data visualization,power bi,sql,business analysis,reporting",Business Analyst
"snowflake,presentation,airflow,data modeling,analytics engineering,dbt,python,teamwork",Analytics Engineer
"scikit-learn,numpy,feature engineering,statistics,pandas,model deployment,data visualization,python",Data Scientist
"kpi analysis,data modeling,business intelligence,dashboarding,data visualization,excel,reporting",BI Analyst
"machine learning,pandas,deep learning,numpy,python,model deployment,feature engineering",Data Scientist
"tableau,power bi,data modeling,kpi analysis,dashboarding,sql,business intelligence,reporting,teamwork,data visualization",BI Analyst
"model deployment,scikit-learn,critical thinking,data visualization,machine learning,pandas,time management,python",Data Scientist
"data visualization,presentation,reporting,tableau,sql,stakeholder management,business analysis",Business Analyst
"airflow,hadoop,database design,etl,data warehouse,python,aws,teamwork,spark,sql,azure",Data Engineer
"business intelligence,reporting,tableau,power bi,data visualization,teamwork,data modeling",BI Analyst
"model deployment,scikit-learn,machine learning,pandas,numpy,data visualization,deep learning,feature engineering,python",Data Scientist
"analytics engineering,airflow,sql,dbt,data modeling,python,data warehouse,etl,bigquery",Analytics Engineer
"database design,azure,etl,spark,sql,data warehouse",Data Engineer
"business analysis,communication,excel,stakeholder management,sql,data visualization,power bi",Business Analyst
"tableau,power bi,teamwork,communication,communication,excel,data visualization,requirements gathering",Business Analyst
"problem solving,dashboarding,sql,presentation,tableau,power bi,reporting,kpi analysis",BI Analyst
"sql,snowflake,etl,python,leadership,bigquery,dbt,analytics engineering,airflow,data warehouse",Analytics Engineer
"etl,azure,airflow,data warehouse,sql,python,spark,database design",Data Engineer
"power bi,data modeling,reporting,tableau,data visualization,kpi analysis,sql",BI Analyst
"tensorflow,kubernetes,python,mlops,docker,deep learning,pytorch",Machine Learning Engineer
"pandas,tableau,reporting,python,power bi,dashboarding,data visualization,excel,sql,statistics",Data Analyst
"data modeling,sql,bigquery,airflow,etl,snowflake,analytics engineering,python,time management,presentation,dbt",Analytics Engineer
"deep learning,model deployment,machine learning,numpy,data visualization,scikit-learn,pandas",Data Scientist
"pandas,python,model deployment,machine learning,feature engineering,statistics,presentation,scikit-learn,deep learning,numpy,time management,data visualization",Data Scientist
"requirements gathering,sql,business analysis,power bi,reporting,leadership,time management,communication,stakeholder management,excel,tableau,data visualization",Business Analyst
"etl,python,sql,hadoop,spark,azure,aws,database design,data warehouse",Data Engineer
"problem solving,sql,bigquery,data warehouse,airflow,leadership,python,etl,dbt,analytics engineering,snowflake",Analytics Engineer
"requirements gathering,power bi,excel,sql,tableau,data visualization",Business Analyst
"spark,teamwork,data warehouse,aws,hadoop,database design,etl,azure,presentation",Data Engineer
"python,data visualization,tableau,dashboarding,sql,excel",Data Analyst
"data warehouse,teamwork,spark,airflow,sql,python,aws,azure,hadoop,etl,database design",Data Engineer
"machine learning,api development,deep learning,pytorch,docker,python,mlops,tensorflow,kubernetes",Machine Learning Engineer
"presentation,pytorch,python,deep learning,docker,mlops,model deployment,time management,tensorflow,machine learning,api development",Machine Learning Engineer
"excel,teamwork,power bi,reporting,business intelligence,sql,presentation,tableau,kpi analysis",BI Analyst
"data warehouse,database design,etl,aws,spark,hadoop,problem solving,presentation,airflow,azure,sql",Data Engineer
"tableau,reporting,power bi,kpi analysis,excel,data visualization,teamwork,business intelligence,time management,data modeling,dashboarding",BI Analyst
"python,azure,spark,database design,presentation,hadoop,airflow,critical thinking,data warehouse",Data Engineer
"scikit-learn,presentation,machine learning,numpy,statistics,leadership,model deployment,pandas",Data Scientist
"leadership,reporting,dashboarding,power bi,sql,excel,data modeling,kpi analysis,data visualization,business intelligence,tableau",BI Analyst
"kpi analysis,tableau,reporting,excel,sql,leadership,data visualization,dashboarding,business intelligence",BI Analyst
"bigquery,analytics engineering,airflow,data modeling,etl,python,data warehouse,sql,snowflake,dbt",Analytics Engineer
"etl,data warehouse,python,dbt,airflow,communication,analytics engineering",Analytics Engineer
"dbt,snowflake,airflow,data warehouse,etl,data modeling,python,sql,analytics engineering,bigquery",Analytics Engineer
"excel,sql,presentation,communication,requirements gathering,stakeholder management,power bi,data visualization",Business Analyst
"reporting,excel,data visualization,teamwork,power bi,sql,requirements gathering",Business Analyst
"data visualization,reporting,excel,business analysis,power bi,sql,requirements gathering,stakeholder management",Business Analyst
"tensorflow,docker,pytorch,api development,machine learning,mlops,leadership,kubernetes,python",Machine Learning Engineer
"pandas,dashboarding,tableau,sql,statistics,power bi,data visualization,python,excel,reporting",Data Analyst
"power bi,reporting,business intelligence,tableau,dashboarding,time management,data visualization,data modeling,kpi analysis,sql,excel",BI Analyst
"kubernetes,python,deep learning,mlops,time management,docker,tensorflow,pytorch",Machine Learning Engineer
"data modeling,airflow,snowflake,data warehouse,bigquery,problem solving,analytics engineering,time management,sql,python",Analytics Engineer
"spark,sql,database design,data warehouse,hadoop,etl,time management,aws,leadership,airflow,azure,python",Data Engineer
"data visualization,deep learning,machine learning,pandas,feature engineering,scikit-learn,statistics,model deployment,numpy,python",Data Scientist
"dashboarding,tableau,data modeling,business intelligence,data visualization,excel,reporting,kpi analysis,power bi",BI Analyst
"python,feature engineering,data visualization,pandas,model deployment,scikit-learn,deep learning,statistics",Data Scientist
"feature engineering,deep learning,model deployment,scikit-learn,numpy,statistics,communication,presentation,data visualization,machine learning,pandas",Data Scientist
"presentation,reporting,data visualization,tableau,dashboarding,pandas,power bi,sql,critical thinking,statistics",Data Analyst
"python,machine learning,docker,pytorch,deep learning,mlops,tensorflow,api development",Machine Learning Engineer
"tableau,business analysis,stakeholder management,reporting,communication,communication,power bi,excel",Business Analyst
"tensorflow,model deployment,problem solving,docker,machine learning,kubernetes,pytorch,deep learning,api development,leadership",Machine Learning Engineer
"sql,critical thinking,problem solving,stakeholder management,excel,business analysis,data visualization,tableau,power bi,requirements gathering",Business Analyst
"data warehouse,hadoop,etl,database design,sql,spark,aws,python,azure",Data Engineer
"snowflake,dbt,sql,critical thinking,python,etl,teamwork,data modeling,data warehouse,bigquery,analytics engineering",Analytics Engineer
"python,machine learning,teamwork,model deployment,tensorflow,kubernetes,api development,pytorch,mlops,time management,docker",Machine Learning Engineer
"excel,time management,data modeling,power bi,reporting,kpi analysis,business intelligence,data visualization,tableau,teamwork,dashboarding,sql",BI Analyst
"sql,statistics,power bi,data visualization,excel,dashboarding,pandas,python,leadership,reporting,tableau",Data Analyst
"tableau,python,data visualization,reporting,power bi,teamwork,excel,sql,dashboarding,statistics",Data Analyst
"data warehouse,sql,analytics engineering,dbt,data modeling,airflow,etl",Analytics Engineer
"data warehouse,python,presentation,critical thinking,bigquery,data modeling,sql,analytics engineering,etl,dbt,airflow",Analytics Engineer
"deep learning,machine learning,data visualization,statistics,presentation,problem solving,numpy,feature engineering,pandas,python",Data Scientist
"airflow,python,dbt,analytics engineering,etl,problem solving,data warehouse,sql,snowflake,communication,bigquery,data modeling",Analytics Engineer
"dashboarding,tableau,kpi analysis,power bi,reporting,data modeling,data visualization,business intelligence",BI Analyst
"api development,mlops,docker,deep learning,model deployment,machine learning,leadership,critical thinking,tensorflow,python,kubernetes,pytorch",Machine Learning Engineer
"sql,leadership,reporting,data visualization,dashboarding,communication,pandas,excel,tableau,statistics,python",Data Analyst
"data warehouse,sql,azure,python,aws,database design",Data Engineer
"statistics,model deployment,machine learning,numpy,deep learning,time management,python,data visualization,feature engineering",Data Scientist
"time management,data warehouse,data modeling,dbt,critical thinking,etl,analytics engineering,airflow",Analytics Engineer
"sql,requirements gathering,excel,power bi,data visualization,reporting,business analysis,tableau,stakeholder management",Business Analyst
"reporting,sql,problem solving,data visualization,python,teamwork,dashboarding,pandas,tableau",Data Analyst
"airflow,sql,data modeling,problem solving,snowflake,bigquery,analytics engineering,data warehouse",Analytics Engineer
"dashboarding,data modeling,business intelligence,power bi,reporting,excel,teamwork",BI Analyst
"problem solving,teamwork,reporting,data visualization,statistics,python,excel,power bi,sql",Data Analyst
"reporting,communication,communication,tableau,business analysis,stakeholder management,requirements gathering,data visualization,power bi,excel,sql",Business Analyst
"communication,excel,sql,dashboarding,statistics,data visualization,python,tableau",Data Analyst
"database design,aws,python,hadoop,critical thinking,data warehouse,airflow,time management,azure,spark",Data Engineer
"pandas,sql,power bi,presentation,leadership,tableau,data visualization,reporting,excel",Data Analyst
"statistics,numpy,python,deep learning,scikit-learn,model deployment,machine learning,pandas",Data Scientist
"power bi,reporting,statistics,python,pandas,data visualization",Data Analyst
"power bi,pandas,dashboarding,reporting,python,problem solving,sql,statistics,data visualization,excel,tableau,time management",Data Analyst
"sql,python,etl,analytics engineering,airflow,bigquery,leadership",Analytics Engineer
"data visualization,presentation,sql,problem solving,statistics,python,excel,tableau,reporting,power bi",Data Analyst
"stakeholder management,excel,tableau,business analysis,data visualization,power bi,requirements gathering,sql,communication,presentation",Business Analyst
"sql,data warehouse,spark,azure,aws,airflow,hadoop,presentation,etl,database design",Data Engineer
"statistics,power bi,pandas,dashboarding,time management,sql,tableau,python,excel,problem solving",Data Analyst
"airflow,python,hadoop,azure,spark,aws,problem solving,database design,data warehouse,sql,etl",Data Engineer
"azure,hadoop,python,airflow,etl,data warehouse,database design",Data Engineer
"pandas,deep learning,model deployment,numpy,data visualization,machine learning,statistics",Data Scientist
"python,model deployment,communication,docker,deep learning,kubernetes,pytorch",Machine Learning Engineer
"sql,tableau,stakeholder management,time management,business analysis,power bi,reporting",Business Analyst
"docker,machine learning,model deployment,deep learning,pytorch,python,mlops,presentation,tensorflow,api development,time management",Machine Learning Engineer
"docker,kubernetes,python,pytorch,teamwork,tensorflow,machine learning,mlops,api development,time management",Machine Learning Engineer
"api development,mlops,machine learning,model deployment,deep learning,pytorch,critical thinking,kubernetes,docker,python,tensorflow",Machine Learning Engineer
"data modeling,tableau,business intelligence,data visualization,power bi,excel,dashboarding,reporting,sql,kpi analysis",BI Analyst
"azure,etl,hadoop,aws,airflow,data warehouse,sql",Data Engineer
"dbt,bigquery,data warehouse,python,etl,time management,critical thinking,airflow",Analytics Engineer
"database design,aws,etl,data warehouse,communication,sql,python,airflow,hadoop,spark,critical thinking,azure",Data Engineer
"pytorch,mlops,deep learning,api development,kubernetes,teamwork,python,docker,machine learning,communication",Machine Learning Engineer
"python,model deployment,feature engineering,scikit-learn,pandas,statistics,data visualization,deep learning,numpy",Data Scientist
"power bi,tableau,excel,pandas,dashboarding,statistics,python,data visualization,sql",Data Analyst
"sql,dashboarding,excel,data visualization,time management,business intelligence,kpi analysis,critical thinking,reporting,power bi",BI Analyst
"database design,etl,sql,teamwork,time management,hadoop,airflow,azure",Data Engineer
"deep learning,python,machine learning,feature engineering,numpy,model deployment,time management,pandas,data visualization,statistics",Data Scientist
"power bi,requirements gathering,stakeholder management,tableau,sql,communication",Business Analyst
"etl,airflow,problem solving,python,data warehouse,aws,sql,leadership",Data Engineer
"dashboarding,data modeling,data visualization,excel,kpi analysis,reporting,tableau",BI Analyst
"statistics,dashboarding,python,excel,sql,pandas,leadership,power bi,time management,tableau",Data Analyst
"etl,aws,spark,database design,airflow,python,hadoop,sql,data warehouse,azure",Data Engineer
"critical thinking,python,mlops,communication,model deployment,api development,deep learning,docker,kubernetes,tensorflow",Machine Learning Engineer
"model deployment,mlops,tensorflow,kubernetes,python,problem solving,docker,teamwork",Machine Learning Engineer
"leadership,machine learning,deep learning,mlops,model deployment,pytorch,python,api development,tensorflow,docker,kubernetes",Machine Learning Engineer
"kpi analysis,reporting,business intelligence,power bi,excel,data visualization",BI Analyst
"azure,spark,data warehouse,hadoop,airflow,etl,presentation,aws",Data Engineer
"analytics engineering,leadership,sql,time management,bigquery,data modeling,airflow,etl",Analytics Engineer
"teamwork,machine learning,python,docker,model deployment,api development,deep learning,pytorch",Machine Learning Engineer
"problem solving,tensorflow,docker,mlops,model deployment,kubernetes,api development,communication,machine learning,pytorch,deep learning,python",Machine Learning Engineer
"excel,sql,statistics,dashboarding,data visualization,power bi,pandas,python,tableau",Data Analyst
"leadership,kpi analysis,dashboarding,excel,sql,reporting,business intelligence,tableau,presentation",BI Analyst
"azure,data warehouse,sql,python,etl,spark,hadoop,database design,aws,airflow",Data Engineer
"time management,power bi,business intelligence,data modeling,sql,dashboarding,kpi analysis,presentation",BI Analyst
"reporting,business intelligence,sql,leadership,data visualization,dashboarding,excel",BI Analyst
"api development,deep learning,problem solving,pytorch,model deployment,docker,machine learning,presentation,tensorflow",Machine Learning Engineer
"aws,database design,airflow,spark,python,azure,sql",Data Engineer
"python,sql,database design,spark,data warehouse,hadoop,aws,etl,azure",Data Engineer
"dashboarding,kpi analysis,excel,data visualization,power bi,sql,business intelligence,reporting,data modeling,tableau",BI Analyst
"data visualization,requirements gathering,power bi,tableau,teamwork,business analysis,excel,time management",Business Analyst
"azure,leadership,etl,spark,hadoop,database design,aws,data warehouse,python,sql",Data Engineer
"etl,sql,spark,python,azure,airflow,data warehouse",Data Engineer
"dashboarding,power bi,reporting,kpi analysis,tableau,excel,data visualization",BI Analyst
"hadoop,etl,python,data warehouse,azure,sql,aws,database design,spark,airflow",Data Engineer
"data modeling,communication,analytics engineering,snowflake,leadership,airflow,data warehouse,sql,bigquery,etl,dbt,python",Analytics Engineer
"tensorflow,machine learning,docker,kubernetes,api development,python",Machine Learning Engineer
"spark,azure,etl,airflow,python,database design,hadoop,sql,teamwork,data warehouse,time management",Data Engineer
"dashboarding,kpi analysis,business intelligence,data modeling,tableau,reporting",BI Analyst
"deep learning,feature engineering,pandas,critical thinking,model deployment,machine learning,scikit-learn,presentation,numpy,python,data visualization,statistics",Data Scientist
"dashboarding,excel,problem solving,power bi,python,sql,statistics,teamwork,reporting,tableau,data visualization",Data Analyst
"airflow,communication,sql,etl,presentation,data warehouse,data modeling,snowflake",Analytics Engineer
"airflow,sql,snowflake,analytics engineering,dbt,etl,bigquery,presentation,data warehouse",Analytics Engineer
"business intelligence,tableau,dashboarding,problem solving,data visualization,data modeling,time management,sql,reporting",BI Analyst
"kubernetes,deep learning,pytorch,mlops,machine learning,tensorflow,python,model deployment,communication,docker,api development,critical thinking",Machine Learning Engineer
"sql,communication,teamwork,data visualization,problem solving,stakeholder management,excel,tableau",Business Analyst
"analytics engineering,etl,data warehouse,sql,bigquery,data modeling,critical thinking,snowflake,airflow,teamwork,python",Analytics Engineer
"dashboarding,data visualization,sql,reporting,pandas,python,statistics,tableau,power bi,communication,excel,leadership",Data Analyst
"aws,python,communication,database design,sql,airflow,hadoop",Data Engineer
"airflow,communication,sql,snowflake,problem solving,data warehouse,analytics engineering,data modeling,bigquery,etl,dbt,python",Analytics Engineer
"feature engineering,python,model deployment,communication,pandas,data visualization,time management,statistics,scikit-learn,numpy,machine learning",Data Scientist
"sql,database design,data warehouse,spark,azure,aws",Data Engineer
"aws,airflow,python,etl,hadoop,spark,sql,azure,data warehouse",Data Engineer
"deep learning,statistics,feature engineering,numpy,critical thinking,machine learning,python,pandas,scikit-learn,model deployment,communication,data visualization",Data Scientist
"sql,airflow,dbt,data modeling,etl,data warehouse,analytics engineering,bigquery",Analytics Engineer
"power bi,data modeling,sql,dashboarding,reporting,kpi analysis",BI Analyst
"power bi,business analysis,reporting,data visualization,sql,requirements gathering,communication,excel,stakeholder management,critical thinking",Business Analyst
"scikit-learn,model deployment,machine learning,numpy,presentation,pandas,data visualization,python",Data Scientist
"python,feature engineering,time management,data visualization,critical thinking,machine learning,numpy,scikit-learn,model deployment,deep learning,pandas",Data Scientist
"excel,sql,problem solving,kpi analysis,reporting,power bi,data visualization,data modeling,critical thinking",BI Analyst
"machine learning,feature engineering,time management,python,model deployment,pandas,scikit-learn,numpy,statistics,communication,data visualization,deep learning",Data Scientist
"dashboarding,data visualization,tableau,sql,kpi analysis,power bi,problem solving,business intelligence",BI Analyst
"snowflake,data warehouse,sql,python,etl,communication,time management,airflow,bigquery",Analytics Engineer
"numpy,deep learning,data visualization,machine learning,statistics,feature engineering,python",Data Scientist
"azure,data warehouse,python,airflow,sql,hadoop,etl,aws,spark,database design,leadership",Data Engineer
"pandas,numpy,leadership,python,statistics,communication,deep learning,data visualization",Data Scientist
"stakeholder management,leadership,business analysis,tableau,data visualization,sql,excel,power bi,reporting,communication",Business Analyst
"dbt,airflow,analytics engineering,bigquery,etl,sql,snowflake,data warehouse",Analytics Engineer
"tableau,dashboarding,critical thinking,sql,excel,data visualization,reporting,statistics,presentation,python",Data Analyst
"kubernetes,tensorflow,api development,docker,machine learning,deep learning,model deployment,critical thinking",Machine Learning Engineer
"pytorch,api development,python,tensorflow,model deployment,communication,mlops,machine learning,time management,deep learning",Machine Learning Engineer
"machine learning,model deployment,deep learning,statistics,python,feature engineering,numpy,critical thinking,pandas,data visualization,scikit-learn",Data Scientist
"time management,pandas,power bi,data visualization,presentation,sql,dashboarding,statistics,python,reporting,tableau",Data Analyst
"time management,sql,bigquery,analytics engineering,critical thinking,etl,data warehouse,airflow,python,snowflake,data modeling,dbt",Analytics Engineer
"data modeling,python,dbt,airflow,etl,bigquery,snowflake",Analytics Engineer
"sql,data modeling,kpi analysis,reporting,critical thinking,business intelligence,power bi,problem solving,dashboarding,tableau,excel",BI Analyst
"etl,bigquery,dbt,sql,problem solving,snowflake,python,data warehouse,airflow,analytics engineering",Analytics Engineer
"etl,communication,sql,spark,hadoop,azure,python,data warehouse,airflow,critical thinking,aws",Data Engineer
"airflow,hadoop,aws,critical thinking,sql,etl,spark,azure,python,leadership,data warehouse,database design",Data Engineer
"excel,reporting,data modeling,kpi analysis,sql,data visualization,business intelligence,dashboarding",BI Analyst
"sql,business intelligence,tableau,reporting,power bi,excel,dashboarding,kpi analysis",BI Analyst
"excel,data modeling,sql,data visualization,reporting,business intelligence,kpi analysis",BI Analyst
"communication,reporting,business analysis,excel,power bi,critical thinking,data visualization,tableau,requirements gathering,stakeholder management,time management",Business Analyst
"teamwork,tableau,kpi analysis,dashboarding,data visualization,power bi,sql,time management,excel,reporting,business intelligence",BI Analyst
"deep learning,python,scikit-learn,numpy,communication,data visualization,pandas,feature engineering,model deployment,machine learning,leadership,statistics",Data Scientist
"data visualization,problem solving,python,sql,tableau,reporting,statistics,pandas,dashboarding,excel",Data Analyst
"sql,data modeling,excel,reporting,kpi analysis,tableau,leadership",BI Analyst
"requirements gathering,data visualization,excel,stakeholder management,communication,business analysis,time management,tableau,reporting",Business Analyst
"excel,pandas,sql,reporting,power bi,data visualization,statistics",Data Analyst
"python,sql,snowflake,bigquery,dbt,etl",Analytics Engineer
"leadership,power bi,data modeling,excel,dashboarding,data visualization,reporting,sql,business intelligence,tableau,kpi analysis",BI Analyst
"excel,business analysis,requirements gathering,power bi,tableau,reporting",Business Analyst
"sql,etl,airflow,database design,aws,azure,spark,hadoop",Data Engineer
"database design,aws,data warehouse,etl,airflow,problem solving,azure,python,sql,spark,time management",Data Engineer
"machine learning,python,tensorflow,model deployment,problem solving,mlops,kubernetes",Machine Learning Engineer
"pandas,data visualization,deep learning,machine learning,statistics,model deployment,scikit-learn,python",Data Scientist
"azure,sql,database design,hadoop,python,etl,data warehouse,airflow,spark",Data Engineer
"data warehouse,data modeling,sql,airflow,python,critical thinking,etl,dbt,bigquery",Analytics Engineer
"sql,etl,azure,data warehouse,airflow,spark,database design",Data Engineer
"pytorch,deep learning,model deployment,mlops,python,tensorflow,docker",Machine Learning Engineer
"leadership,excel,sql,kpi analysis,data modeling,dashboarding,data visualization,business intelligence,tableau",BI Analyst
"dashboarding,data modeling,reporting,kpi analysis,communication,data visualization,business intelligence,tableau,sql",BI Analyst
"api development,kubernetes,machine learning,model deployment,tensorflow,python,mlops,pytorch,docker,deep learning",Machine Learning Engineer
"teamwork,deep learning,scikit-learn,data visualization,python,pandas,machine learning,model deployment,feature engineering",Data Scientist
"leadership,model deployment,data visualization,scikit-learn,deep learning,problem solving,python,numpy,statistics",Data Scientist
"data visualization,excel,reporting,tableau,presentation,sql,dashboarding,power bi,kpi analysis",BI Analyst
"tableau,power bi,business analysis,excel,reporting,stakeholder management,data visualization,requirements gathering,sql",Business Analyst
"tableau,dashboarding,data visualization,excel,communication,power bi,reporting,data modeling,time management,kpi analysis,business intelligence",BI Analyst
"aws,azure,hadoop,presentation,time management,spark,sql,data warehouse",Data Engineer
"communication,power bi,tableau,data visualization,reporting,requirements gathering,communication,excel,stakeholder management,critical thinking",Business Analyst
"data warehouse,python,airflow,hadoop,azure,etl,sql,database design,aws,spark",Data Engineer
"deep learning,tensorflow,kubernetes,mlops,machine learning,python,time management",Machine Learning Engineer
"data warehouse,spark,azure,aws,airflow,python,communication,database design,time management",Data Engineer
"sql,excel,communication,tableau,communication,data visualization,business analysis,stakeholder management,requirements gathering,power bi",Business Analyst
"database design,critical thinking,hadoop,azure,etl,python,airflow",Data Engineer
"data warehouse,hadoop,sql,python,etl,azure,aws,spark,database design",Data Engineer
"business analysis,reporting,data visualization,stakeholder management,power bi,excel,requirements gathering,tableau",Business Analyst
"sql,business analysis,critical thinking,excel,reporting,tableau,communication,data visualization,requirements gathering,communication,power bi,stakeholder management",Business Analyst
"python,model deployment,api development,kubernetes,presentation,machine learning,communication,deep learning,mlops",Machine Learning Engineer
"python,pytorch,kubernetes,docker,mlops,machine learning,deep learning,tensorflow,model deployment,api development",Machine Learning Engineer
"statistics,data visualization,pandas,dashboarding,python,reporting,sql",Data Analyst
"hadoop,airflow,spark,azure,etl,communication,aws",Data Engineer
"mlops,kubernetes,python,deep learning,pytorch,teamwork,tensorflow,model deployment,docker,critical thinking,api development",Machine Learning Engineer
"azure,communication,data warehouse,spark,database design,sql,python,hadoop",Data Engineer
"leadership,power bi,requirements gathering,tableau,business analysis,communication,excel,critical thinking",Business Analyst
"stakeholder management,reporting,requirements gathering,power bi,sql,business analysis,communication,tableau,data visualization,excel",Business Analyst
"reporting,pandas,power bi,tableau,excel,python",Data Analyst
"spark,azure,etl,hadoop,aws,python",Data Engineer
"tableau,dashboarding,sql,power bi,reporting,data visualization,teamwork",Data Analyst
"etl,snowflake,data modeling,airflow,python,bigquery,sql,analytics engineering,dbt",Analytics Engineer
"data visualization,stakeholder management,power bi,tableau,sql,excel,requirements gathering",Business Analyst
"model deployment,deep learning,leadership,machine learning,numpy,python,scikit-learn,presentation,statistics,feature engineering",Data Scientist
"mlops,api development,docker,pytorch,machine learning,python,tensorflow",Machine Learning Engineer
"stakeholder management,data visualization,leadership,reporting,power bi,tableau,communication,presentation,requirements gathering",Business Analyst
"pytorch,api development,tensorflow,machine learning,kubernetes,model deployment",Machine Learning Engineer
"azure,sql,hadoop,data warehouse,etl,python,database design,spark,aws,teamwork,presentation",Data Engineer
"mlops,model deployment,deep learning,time management,api development,pytorch,python,presentation",Machine Learning Engineer
"python,mlops,model deployment,tensorflow,docker,machine learning,leadership,communication,kubernetes,deep learning,api development,pytorch",Machine Learning Engineer
"mlops,deep learning,python,tensorflow,time management,pytorch,docker,machine learning,kubernetes,model deployment",Machine Learning Engineer
"aws,hadoop,azure,sql,leadership,python,spark,database design,airflow,etl",Data Engineer
"business intelligence,dashboarding,reporting,data modeling,excel,power bi,kpi analysis,data visualization,sql,tableau",BI Analyst
"data visualization,scikit-learn,teamwork,feature engineering,machine learning,model deployment,leadership,pandas,statistics,numpy",Data Scientist
"data visualization,numpy,feature engineering,pandas,communication,statistics,model deployment,deep learning,teamwork,machine learning,scikit-learn",Data Scientist
"power bi,tableau,reporting,pandas,sql,dashboarding,statistics,python,excel,data visualization",Data Analyst
"communication,power bi,stakeholder management,requirements gathering,tableau,sql,presentation,reporting",Business Analyst
"aws,problem solving,sql,spark,etl,database design,teamwork,python",Data Engineer
"time management,reporting,communication,power bi,business analysis,requirements gathering,excel,data visualization,sql,tableau,stakeholder management",Business Analyst
"dashboarding,reporting,data visualization,python,excel,statistics,pandas,communication,tableau,power bi,sql",Data Analyst
"airflow,database design,data warehouse,sql,aws,etl",Data Engineer
"communication,excel,tableau,data visualization,stakeholder management,sql,power bi",Business Analyst
"database design,python,spark,etl,aws,teamwork,data warehouse,sql",Data Engineer
"aws,python,teamwork,hadoop,airflow,sql,data warehouse,azure,spark,database design",Data Engineer
"statistics,tableau,python,dashboarding,communication,critical thinking,sql,reporting,pandas",Data Analyst
"data warehouse,sql,azure,etl,python,aws,hadoop,airflow,problem solving,database design,spark,leadership",Data Engineer
"deep learning,scikit-learn,python,data visualization,feature engineering,model deployment,pandas,leadership,machine learning",Data Scientist
"dashboarding,kpi analysis,reporting,critical thinking,power bi,sql,data visualization",BI Analyst
"data modeling,excel,business intelligence,reporting,sql,critical thinking,dashboarding,kpi analysis,time management",BI Analyst
"presentation,python,deep learning,api development,mlops,docker,model deployment,leadership,tensorflow",Machine Learning Engineer
"aws,python,airflow,sql,communication,azure,hadoop,database design,etl,spark,data warehouse",Data Engineer
"pandas,sql,time management,reporting,statistics,excel,data visualization,dashboarding,python",Data Analyst
"airflow,hadoop,data warehouse,python,aws,azure",Data Engineer
"data visualization,communication,scikit-learn,numpy,python,statistics,deep learning,machine learning,leadership,model deployment,pandas",Data Scientist
"data modeling,dashboarding,excel,reporting,sql,tableau,power bi,kpi analysis,business intelligence,data visualization",BI Analyst
"python,power bi,reporting,statistics,sql,tableau,excel,time management,pandas,data visualization,dashboarding",Data Analyst
"azure,aws,etl,airflow,sql,presentation,python,data warehouse,hadoop,spark",Data Engineer
"mlops,api development,docker,tensorflow,machine learning,deep learning,pytorch,kubernetes,model deployment",Machine Learning Engineer
"tensorflow,python,pytorch,machine learning,api development,mlops,docker,model deployment",Machine Learning Engineer
"numpy,scikit-learn,machine learning,pandas,deep learning,model deployment,python,data visualization,feature engineering",Data Scientist
"airflow,etl,leadership,analytics engineering,dbt,data warehouse,data modeling,critical thinking,bigquery",Analytics Engineer
"data warehouse,aws,azure,airflow,spark,problem solving,hadoop,etl,database design,sql",Data Engineer
"stakeholder management,data visualization,tableau,presentation,power bi,communication,excel,requirements gathering,leadership,business analysis,reporting,sql",Business Analyst
"sql,python,bigquery,dbt,data modeling,etl,snowflake,analytics engineering,data warehouse",Analytics Engineer
"excel,tableau,requirements gathering,data visualization,sql,reporting,problem solving,leadership,stakeholder management,communication",Business Analyst
"business analysis,reporting,communication,excel,stakeholder management,requirements gathering,tableau,data visualization,power bi,presentation,sql",Business Analyst
"requirements gathering,tableau,sql,excel,communication,reporting,teamwork",Business Analyst
"stakeholder management,sql,requirements gathering,reporting,communication,tableau,power bi,data visualization",Business Analyst
"tableau,requirements gathering,data visualization,power bi,stakeholder management,reporting,sql,communication",Business Analyst
"sql,data modeling,airflow,leadership,python,dbt,analytics engineering,data warehouse,etl",Analytics Engineer
"tensorflow,machine learning,deep learning,kubernetes,mlops,model deployment,api development,python,pytorch",Machine Learning Engineer
"python,docker,pytorch,deep learning,kubernetes,model deployment",Machine Learning Engineer
"critical thinking,python,etl,airflow,sql,data warehouse,aws,hadoop,database design",Data Engineer
"python,machine learning,feature engineering,scikit-learn,statistics,deep learning,data visualization,time management",Data Scientist
"pandas,python,reporting,dashboarding,tableau,excel,data visualization,power bi,sql,statistics,critical thinking",Data Analyst
"data visualization,stakeholder management,power bi,reporting,requirements gathering,communication",Business Analyst
"tableau,sql,communication,dashboarding,data visualization,reporting,power bi",BI Analyst
"scikit-learn,model deployment,critical thinking,python,data visualization,deep learning,machine learning,feature engineering",Data Scientist
"data warehouse,python,bigquery,sql,etl,dbt,teamwork,airflow",Analytics Engineer
"tensorflow,model deployment,api development,machine learning,kubernetes,pytorch",Machine Learning Engineer
"scikit-learn,data visualization,feature engineering,model deployment,numpy,statistics,deep learning,teamwork,machine learning,python",Data Scientist
"requirements gathering,excel,tableau,communication,reporting,data visualization,power bi,sql,business analysis,stakeholder management,critical thinking",Business Analyst
"data visualization,feature engineering,scikit-learn,machine learning,statistics,pandas,deep learning,python,numpy,model deployment",Data Scientist
"data modeling,dashboarding,power bi,business intelligence,problem solving,reporting,kpi analysis,tableau,excel",BI Analyst
"dashboarding,statistics,power bi,sql,tableau,reporting",Data Analyst
"machine learning,numpy,statistics,python,data visualization,deep learning,feature engineering,critical thinking,communication",Data Scientist
"data modeling,data warehouse,snowflake,presentation,time management,airflow,sql,dbt",Analytics Engineer
"sql,aws,python,hadoop,etl,airflow",Data Engineer
"tableau,excel,business analysis,stakeholder management,sql,communication,communication,reporting",Business Analyst
"critical thinking,tableau,data visualization,power bi,business analysis,excel,stakeholder management,reporting,sql",Business Analyst
"etl,snowflake,python,airflow,sql,data warehouse",Analytics Engineer
"stakeholder management,communication,sql,requirements gathering,reporting,communication,business analysis,tableau,leadership,power bi",Business Analyst
"pytorch,communication,tensorflow,mlops,model deployment,docker,machine learning,python,deep learning,kubernetes,presentation",Machine Learning Engineer
"dashboarding,excel,statistics,teamwork,data visualization,sql,reporting,presentation,power bi",Data Analyst
"data warehouse,sql,airflow,database design,etl,aws,azure,problem solving,python,spark",Data Engineer
"scikit-learn,python,feature engineering,machine learning,data visualization,pandas,statistics,model deployment,deep learning,communication,teamwork",Data Scientist
"sql,power bi,stakeholder management,business analysis,reporting,requirements gathering",Business Analyst
"leadership,hadoop,critical thinking,azure,sql,data warehouse,spark,database design,aws",Data Engineer
"excel,tableau,business analysis,data visualization,stakeholder management,critical thinking,reporting,time management,communication,power bi,requirements gathering",Business Analyst
"mlops,deep learning,python,pytorch,machine learning,docker,tensorflow,api development",Machine Learning Engineer
"sql,requirements gathering,tableau,data visualization,communication,communication,excel,power bi,stakeholder management,business analysis,reporting",Business Analyst
"data visualization,reporting,python,statistics,pandas,teamwork,dashboarding,excel,sql,tableau,leadership,power bi",Data Analyst
"snowflake,airflow,python,presentation,leadership,data warehouse,dbt,data modeling",Analytics Engineer
"stakeholder management,reporting,business analysis,sql,data visualization,requirements gathering,excel,communication,tableau,power bi",Business Analyst
"data visualization,reporting,kpi analysis,power bi,leadership,sql,business intelligence,teamwork",BI Analyst
"sql,data modeling,kpi analysis,presentation,problem solving,data visualization,reporting,dashboarding",BI Analyst
"power bi,tableau,excel,time management,data visualization,requirements gathering,communication,sql,business analysis,stakeholder management",Business Analyst
"data modeling,reporting,business intelligence,power bi,kpi analysis,excel,data visualization,communication,tableau",BI Analyst
"reporting,business intelligence,power bi,data modeling,sql,excel,kpi analysis,tableau",BI Analyst
"dbt,data modeling,snowflake,presentation,analytics engineering,etl,sql,bigquery,airflow,python,data warehouse",Analytics Engineer
"data visualization,critical thinking,tableau,stakeholder management,reporting,communication,power bi,time management",Business Analyst
"azure,aws,etl,database design,spark,airflow,data warehouse,python,sql,hadoop",Data Engineer
"data visualization,deep learning,statistics,numpy,pandas,model deployment,machine learning,python",Data Scientist
"python,machine learning,model deployment,pandas,data visualization,feature engineering,statistics",Data Scientist
"leadership,business analysis,stakeholder management,power bi,communication,sql,requirements gathering,reporting,data visualization,excel,tableau",Business Analyst
"sql,problem solving,statistics,critical thinking,python,reporting,tableau,data visualization,power bi",Data Analyst
"aws,spark,data warehouse,sql,airflow,database design,python,etl,hadoop,teamwork",Data Engineer
"deep learning,feature engineering,model deployment,scikit-learn,data visualization,pandas,python",Data Scientist
"sql,python,reporting,critical thinking,dashboarding,excel,statistics,communication",Data Analyst
"teamwork,excel,business analysis,communication,sql,requirements gathering,data visualization,power bi,tableau",Business Analyst
"presentation,spark,teamwork,etl,hadoop,sql,python,aws,airflow,azure",Data Engineer
"sql,database design,python,problem solving,hadoop,spark,airflow,etl",Data Engineer
"aws,airflow,etl,sql,python,data warehouse,azure,spark,time management,hadoop",Data Engineer
"python,problem solving,pandas,scikit-learn,deep learning,model deployment,numpy,feature engineering,data visualization,machine learning,statistics",Data Scientist
"machine learning,deep learning,docker,model deployment,time management,kubernetes,mlops,pytorch,api development,python,tensorflow,leadership",Machine Learning Engineer
"pytorch,machine learning,tensorflow,teamwork,docker,api development,mlops,deep learning,problem solving",Machine Learning Engineer
"statistics,scikit-learn,machine learning,feature engineering,data visualization,model deployment,deep learning,python",Data Scientist
"reporting,power bi,communication,stakeholder management,tableau,sql,excel,teamwork,requirements gathering",Business Analyst
"tableau,data visualization,sql,power bi,dashboarding,data modeling",BI Analyst
"data modeling,etl,sql,analytics engineering,snowflake,bigquery,communication,time management,airflow,data warehouse",Analytics Engineer
"api development,tensorflow,docker,pytorch,critical thinking,model deployment,mlops,kubernetes,python,time management,deep learning,machine learning",Machine Learning Engineer
"numpy,model deployment,data visualization,python,deep learning,pandas,machine learning,critical thinking,feature engineering,scikit-learn",Data Scientist
"teamwork,deep learning,python,pytorch,model deployment,machine learning,api development,docker",Machine Learning Engineer
"deep learning,tensorflow,machine learning,mlops,api development,leadership,model deployment",Machine Learning Engineer
"model deployment,kubernetes,pytorch,docker,deep learning,tensorflow,mlops",Machine Learning Engineer
"analytics engineering,data modeling,snowflake,airflow,python,data warehouse,etl,sql,bigquery,dbt",Analytics Engineer
"dbt,data warehouse,python,bigquery,etl,snowflake",Analytics Engineer
"power bi,dashboarding,business intelligence,tableau,excel,reporting,sql,time management,kpi analysis,presentation,data modeling",BI Analyst
"data visualization,communication,power bi,sql,requirements gathering,business analysis,tableau,stakeholder management,reporting",Business Analyst
"critical thinking,reporting,tableau,dashboarding,statistics,excel,python,pandas,power bi,communication,data visualization",Data Analyst
"model deployment,numpy,feature engineering,statistics,python,data visualization,pandas,machine learning,scikit-learn",Data Scientist
"critical thinking,etl,spark,database design,python,hadoop,azure,data warehouse,airflow,aws",Data Engineer
"python,numpy,deep learning,scikit-learn,model deployment,feature engineering,leadership,critical thinking",Data Scientist
"reporting,tableau,data visualization,communication,dashboarding,kpi analysis,data modeling,power bi,sql,excel,business intelligence",BI Analyst
"deep learning,feature engineering,scikit-learn,critical thinking,machine learning,python,model deployment,statistics,pandas,numpy,data visualization",Data Scientist
"etl,python,data warehouse,analytics engineering,dbt,data modeling,airflow,problem solving,sql,bigquery,leadership,snowflake",Analytics Engineer
"business analysis,power bi,leadership,stakeholder management,excel,tableau,sql,requirements gathering,reporting,communication,data visualization",Business Analyst
"data modeling,dbt,sql,snowflake,analytics engineering,etl",Analytics Engineer
"tableau,sql,reporting,business intelligence,kpi analysis,dashboarding,data modeling,data visualization,power bi,excel",BI Analyst
"pytorch,deep learning,kubernetes,tensorflow,machine learning,time management,problem solving,mlops",Machine Learning Engineer
"deep learning,presentation,python,model deployment,statistics,machine learning,data visualization,leadership,numpy",Data Scientist
"teamwork,time management,deep learning,machine learning,model deployment,statistics,pandas,scikit-learn,feature engineering",Data Scientist
"api development,deep learning,kubernetes,python,model deployment,docker,pytorch,time management,machine learning,mlops,tensorflow",Machine Learning Engineer
"communication,sql,requirements gathering,excel,data visualization,presentation,tableau,teamwork",Business Analyst
"azure,data warehouse,hadoop,etl,sql,database design,airflow",Data Engineer
"pandas,python,sql,power bi,tableau,excel,presentation,reporting,problem solving,dashboarding,statistics",Data Analyst
"critical thinking,python,data modeling,etl,analytics engineering,sql,bigquery,airflow",Analytics Engineer
"teamwork,dashboarding,power bi,tableau,data modeling,reporting,business intelligence,leadership,excel,sql",BI Analyst
"pytorch,time management,kubernetes,mlops,docker,api development,machine learning,model deployment,tensorflow,deep learning,python",Machine Learning Engineer
"stakeholder management,tableau,sql,data visualization,reporting,requirements gathering,excel,power bi,communication",Business Analyst
"stakeholder management,business analysis,sql,reporting,requirements gathering,excel,data visualization,communication,power bi",Business Analyst
"power bi,reporting,leadership,communication,stakeholder management,sql,data visualization,excel,tableau",Business Analyst
"pandas,critical thinking,statistics,data visualization,model deployment,python,deep learning,feature engineering,numpy",Data Scientist
"azure,data warehouse,sql,critical thinking,etl,aws,spark,database design,hadoop,airflow,python",Data Engineer
"data warehouse,database design,presentation,leadership,python,etl,hadoop,aws,azure",Data Engineer
"teamwork,api development,python,machine learning,tensorflow,communication,kubernetes,deep learning,docker",Machine Learning Engineer
"deep learning,scikit-learn,machine learning,statistics,feature engineering,numpy,python,pandas,model deployment,data visualization",Data Scientist
"communication,teamwork,tableau,stakeholder management,requirements gathering,reporting,excel",Business Analyst
"statistics,excel,python,problem solving,pandas,time management,dashboarding,reporting,power bi,tableau,data visualization",Data Analyst
"excel,communication,business intelligence,kpi analysis,sql,dashboarding,tableau,data visualization,power bi,reporting,data modeling",BI Analyst
"feature engineering,deep learning,problem solving,data visualization,teamwork,statistics,numpy,machine learning,model deployment,python",Data Scientist
"reporting,excel,communication,requirements gathering,sql,time management,business analysis,stakeholder management",Business Analyst
"etl,leadership,airflow,sql,python,database design,azure,aws,spark,data warehouse",Data Engineer
"pandas,statistics,deep learning,scikit-learn,data visualization,leadership,python,numpy,model deployment,machine learning,feature engineering",Data Scientist
"deep learning,model deployment,pytorch,machine learning,tensorflow,kubernetes,api development,problem solving",Machine Learning Engineer
"data modeling,snowflake,analytics engineering,bigquery,dbt,etl,sql",Analytics Engineer
"data modeling,tableau,data visualization,teamwork,power bi,excel,business intelligence,reporting,critical thinking,dashboarding",BI Analyst
"business analysis,communication,sql,reporting,tableau,data visualization,requirements gathering,stakeholder management",Business Analyst
"excel,communication,tableau,requirements gathering,sql,data visualization,power bi",Business Analyst
"data visualization,communication,requirements gathering,sql,presentation,reporting,power bi,excel",Business Analyst
"pytorch,kubernetes,deep learning,machine learning,api development,tensorflow,docker",Machine Learning Engineer
"reporting,kpi analysis,data modeling,excel,power bi,dashboarding,sql,data visualization,presentation",BI Analyst
"sql,leadership,azure,database design,data warehouse,spark,airflow",Data Engineer
"tableau,data modeling,excel,kpi analysis,power bi,data visualization,business intelligence,dashboarding,reporting",BI Analyst
"python,bigquery,data modeling,dbt,data warehouse,etl,airflow,sql",Analytics Engineer
"power bi,sql,time management,business analysis,requirements gathering,reporting,stakeholder management,tableau,excel,communication",Business Analyst
"communication,power bi,business analysis,excel,data visualization,sql,reporting,time management,stakeholder management,requirements gathering,tableau",Business Analyst
"airflow,leadership,sql,database design,azure,etl,data warehouse,hadoop,python",Data Engineer
"reporting,excel,tableau,requirements gathering,communication,power bi,stakeholder management",Business Analyst
"kpi analysis,tableau,reporting,power bi,data visualization,dashboarding,sql,data modeling",BI Analyst
"presentation,critical thinking,data warehouse,airflow,database design,sql,hadoop,azure",Data Engineer
"model deployment,python,critical thinking,deep learning,machine learning,kubernetes,mlops,communication,pytorch,api development,docker,tensorflow",Machine Learning Engineer
"etl,sql,data warehouse,python,critical thinking,snowflake,analytics engineering,airflow,dbt,data modeling,bigquery",Analytics Engineer
"dbt,analytics engineering,python,bigquery,etl,data warehouse",Analytics Engineer
"excel,data visualization,power bi,leadership,pandas,reporting,tableau,statistics,python",Data Analyst
"critical thinking,tensorflow,pytorch,model deployment,python,teamwork,machine learning,kubernetes,deep learning",Machine Learning Engineer
"database design,aws,etl,critical thinking,hadoop,azure,data warehouse,spark,sql,presentation",Data Engineer
"sql,analytics engineering,data warehouse,airflow,python,bigquery,etl",Analytics Engineer
"teamwork,pandas,model deployment,numpy,feature engineering,data visualization,machine learning,python,problem solving,scikit-learn,deep learning",Data Scientist
"leadership,excel,reporting,kpi analysis,business intelligence,tableau,sql,teamwork,data modeling,power bi,data visualization,dashboarding",BI Analyst
"data modeling,reporting,power bi,tableau,dashboarding,kpi analysis,business intelligence,sql,excel",BI Analyst
"api development,python,model deployment,tensorflow,pytorch,kubernetes",Machine Learning Engineer
"data visualization,stakeholder management,power bi,tableau,excel,reporting,business analysis,sql",Business Analyst
"airflow,python,sql,presentation,azure,time management,spark,data warehouse,etl,hadoop",Data Engineer
"pandas,sql,leadership,python,excel,reporting,power bi,data visualization,statistics",Data Analyst
"tensorflow,docker,machine learning,kubernetes,pytorch,problem solving,model deployment",Machine Learning Engineer
"pandas,python,model deployment,feature engineering,scikit-learn,numpy,deep learning,statistics",Data Scientist
"sql,reporting,tableau,power bi,dashboarding,business intelligence,leadership",BI Analyst
"data warehouse,data modeling,snowflake,bigquery,sql,etl,analytics engineering,airflow,dbt,python",Analytics Engineer
"pandas,statistics,data visualization,machine learning,deep learning,scikit-learn,presentation,feature engineering,numpy,model deployment,python",Data Scientist
"kpi analysis,excel,reporting,power bi,tableau,leadership,business intelligence,sql,time management,data visualization,data modeling,dashboarding",BI Analyst
"data modeling,data visualization,dashboarding,tableau,power bi,excel,reporting,business intelligence",BI Analyst
"docker,machine learning,api development,deep learning,kubernetes,tensorflow,mlops,teamwork",Machine Learning Engineer
"spark,python,data warehouse,azure,aws,airflow,sql,hadoop,database design",Data Engineer
"data modeling,excel,dashboarding,power bi,reporting,business intelligence",BI Analyst
"dbt,data warehouse,airflow,analytics engineering,etl,data modeling,bigquery,python",Analytics Engineer
"dashboarding,business intelligence,power bi,sql,reporting,data visualization,tableau,leadership,data modeling",BI Analyst
"kpi analysis,dashboarding,excel,reporting,data modeling,sql,power bi,leadership,critical thinking,business intelligence,tableau,data visualization",BI Analyst
"stakeholder management,tableau,power bi,communication,reporting,business analysis,requirements gathering",Business Analyst
"etl,hadoop,spark,sql,presentation,aws,airflow,database design,python,azure",Data Engineer
"deep learning,python,feature engineering,numpy,pandas,data visualization,model deployment",Data Scientist
"etl,sql,python,analytics engineering,data modeling,bigquery,snowflake,data warehouse",Analytics Engineer
"python,sql,communication,pandas,data visualization,tableau,reporting,power bi,statistics,critical thinking",Data Analyst
"python,feature engineering,machine learning,statistics,critical thinking,numpy,pandas,deep learning,teamwork,scikit-learn",Data Scientist
"power bi,excel,time management,dashboarding,data visualization,pandas,python,problem solving",Data Analyst
"sql,data visualization,requirements gathering,communication,tableau,business analysis,power bi,reporting,excel,stakeholder management",Business Analyst
"python,data visualization,teamwork,presentation,deep learning,pandas,feature engineering,machine learning",Data Scientist
"python,bigquery,time management,sql,data warehouse,analytics engineering,data modeling",Analytics Engineer
"sql,critical thinking,power bi,presentation,reporting,data visualization,requirements gathering,tableau",Business Analyst
"sql,requirements gathering,communication,data visualization,communication,stakeholder management,tableau,power bi,business analysis,teamwork,reporting",Business Analyst
"deep learning,python,docker,pytorch,api development,tensorflow,leadership,mlops,problem solving,machine learning,kubernetes,model deployment",Machine Learning Engineer
"power bi,reporting,data visualization,data modeling,kpi analysis,sql,tableau,excel,dashboarding",BI Analyst
"python,sql,airflow,problem solving,aws,database design,etl",Data Engineer
"leadership,scikit-learn,teamwork,machine learning,numpy,python,model deployment,data visualization,feature engineering",Data Scientist
"statistics,dashboarding,tableau,excel,data visualization,reporting,problem solving,sql",Data Analyst
"leadership,deep learning,kubernetes,pytorch,api development,machine learning,mlops",Machine Learning Engineer
"pytorch,docker,tensorflow,model deployment,critical thinking,kubernetes,deep learning,python,mlops",Machine Learning Engineer
"analytics engineering,snowflake,dbt,python,etl,data warehouse,data modeling",Analytics Engineer
"tableau,dashboarding,sql,leadership,reporting,kpi analysis,business intelligence,power bi,data modeling,data visualization,excel,presentation",BI Analyst
"power bi,business analysis,reporting,stakeholder management,excel,tableau",Business Analyst
"reporting,python,communication,data visualization,pandas,statistics,tableau,presentation",Data Analyst
"presentation,communication,analytics engineering,data warehouse,data modeling,sql,python,snowflake",Analytics Engineer
"excel,python,presentation,teamwork,tableau,statistics,pandas,reporting",Data Analyst
"stakeholder management,communication,reporting,power bi,business analysis,excel,communication,sql,time management,data visualization",Business Analyst
"communication,reporting,tableau,presentation,business intelligence,kpi analysis,power bi,data visualization,excel,sql",BI Analyst
"statistics,feature engineering,pandas,numpy,scikit-learn,deep learning,machine learning,communication,model deployment",Data Scientist
"azure,hadoop,airflow,spark,communication,database design,aws,data warehouse,sql,etl,python,leadership",Data Engineer
"stakeholder management,power bi,communication,requirements gathering,problem solving,tableau,sql,reporting,business analysis",Business Analyst
"sql,analytics engineering,data warehouse,python,etl,airflow",Analytics Engineer
"reporting,presentation,pandas,tableau,data visualization,excel,problem solving,statistics,dashboarding,sql,power bi",Data Analyst
"business intelligence,sql,leadership,time management,dashboarding,data modeling,tableau,power bi",BI Analyst
"power bi,excel,stakeholder management,time management,sql,data visualization,communication,reporting",Business Analyst
"statistics,pandas,problem solving,feature engineering,numpy,model deployment,scikit-learn,deep learning,data visualization,machine learning,python",Data Scientist
"aws,sql,airflow,database design,data warehouse,azure",Data Engineer
"presentation,airflow,etl,critical thinking,database design,aws,azure,sql",Data Engineer
"sql,time management,reporting,data modeling,communication,dashboarding,data visualization,excel,power bi,business intelligence,tableau",BI Analyst
"power bi,business analysis,sql,tableau,excel,communication,data visualization,reporting,requirements gathering",Business Analyst
"excel,data visualization,business analysis,requirements gathering,presentation,reporting,time management,tableau,power bi,stakeholder management,sql",Business Analyst
"time management,data visualization,communication,power bi,tableau,sql,problem solving,stakeholder management,reporting",Business Analyst
"excel,python,tableau,power bi,reporting,dashboarding,pandas,data visualization",Data Analyst
"reporting,tableau,power bi,teamwork,critical thinking,excel,data modeling,kpi analysis,sql,dashboarding,business intelligence",BI Analyst
"machine learning,deep learning,critical thinking,feature engineering,statistics,pandas,communication,python",Data Scientist
"model deployment,scikit-learn,data visualization,python,pandas,statistics,feature engineering,leadership,communication,deep learning",Data Scientist
"feature engineering,numpy,data visualization,problem solving,statistics,deep learning,teamwork,model deployment",Data Scientist
"python,model deployment,tensorflow,api development,docker,kubernetes,mlops,machine learning,deep learning,pytorch,presentation",Machine Learning Engineer
"reporting,kpi analysis,excel,tableau,business intelligence,sql",BI Analyst
"data visualization,requirements gathering,tableau,sql,leadership,reporting,business analysis,excel,communication,stakeholder management,power bi",Business Analyst
"stakeholder management,tableau,reporting,data visualization,business analysis,communication,excel,sql,requirements gathering,teamwork",Business Analyst
"data visualization,data modeling,tableau,kpi analysis,dashboarding,reporting",BI Analyst
"data visualization,statistics,power bi,sql,tableau,problem solving,dashboarding",Data Analyst
"tableau,power bi,excel,teamwork,communication,data visualization,stakeholder management,reporting,business analysis,sql,requirements gathering",Business Analyst
"kubernetes,pytorch,api development,deep learning,model deployment,mlops",Machine Learning Engineer
"feature engineering,scikit-learn,deep learning,machine learning,communication,presentation,statistics,model deployment",Data Scientist
"analytics engineering,bigquery,etl,airflow,python,data modeling,dbt,data warehouse",Analytics Engineer
"numpy,scikit-learn,feature engineering,deep learning,model deployment,data visualization,presentation,statistics,machine learning",Data Scientist
"model deployment,pytorch,tensorflow,python,api development,kubernetes,deep learning,machine learning,mlops,docker,time management",Machine Learning Engineer
"stakeholder management,power bi,data visualization,tableau,requirements gathering,excel,business analysis",Business Analyst
"spark,communication,aws,azure,sql,database design,hadoop",Data Engineer
"airflow,sql,etl,azure,database design,python,hadoop",Data Engineer
"power bi,requirements gathering,communication,data visualization,business analysis,stakeholder management,communication,tableau,reporting",Business Analyst
"power bi,kpi analysis,reporting,excel,business intelligence,data modeling,data visualization",BI Analyst
"statistics,feature engineering,data visualization,python,model deployment,pandas",Data Scientist
"pytorch,deep learning,mlops,tensorflow,api development,kubernetes,time management,python,machine learning",Machine Learning Engineer
"teamwork,sql,airflow,data warehouse,data modeling,bigquery,leadership,python,snowflake",Analytics Engineer
"business intelligence,data modeling,power bi,data visualization,tableau,communication,sql,kpi analysis,presentation,dashboarding,reporting",BI Analyst
"reporting,tableau,sql,data modeling,kpi analysis,data visualization,dashboarding,excel,business intelligence",BI Analyst
"sql,azure,hadoop,airflow,etl,spark,aws,python",Data Engineer
"hadoop,azure,etl,python,spark,aws,data warehouse,airflow,sql",Data Engineer
"power bi,kpi analysis,sql,data modeling,excel,tableau,critical thinking",BI Analyst
"data visualization,tableau,presentation,pandas,dashboarding,power bi,excel,problem solving",Data Analyst
"sql,statistics,excel,python,reporting,data visualization,power bi,dashboarding",Data Analyst
"etl,aws,problem solving,database design,azure,python,spark,leadership,sql,data warehouse,airflow,hadoop",Data Engineer
"hadoop,airflow,aws,spark,azure,python,sql",Data Engineer
"tensorflow,python,docker,api development,machine learning,deep learning,model deployment,kubernetes",Machine Learning Engineer
"mlops,presentation,python,api development,tensorflow,docker,model deployment,kubernetes,time management",Machine Learning Engineer
"presentation,sql,dashboarding,data modeling,business intelligence,power bi,data visualization,reporting,tableau,kpi analysis,communication",BI Analyst
"sql,communication,power bi,teamwork,excel,requirements gathering,stakeholder management,data visualization,problem solving",Business Analyst
"dbt,etl,data warehouse,communication,python,leadership,bigquery,snowflake,analytics engineering,sql,airflow",Analytics Engineer
"pandas,deep learning,data visualization,python,numpy,feature engineering",Data Scientist
"excel,reporting,power bi,kpi analysis,sql,business intelligence,data visualization,tableau,dashboarding,data modeling",BI Analyst
"statistics,machine learning,numpy,python,scikit-learn,model deployment,feature engineering,deep learning,pandas,data visualization",Data Scientist
"communication,stakeholder management,data visualization,requirements gathering,communication,tableau,reporting,excel",Business Analyst
"mlops,kubernetes,communication,python,pytorch,model deployment,machine learning",Machine Learning Engineer
"tableau,kpi analysis,business intelligence,teamwork,data modeling,excel,power bi,dashboarding",BI Analyst
"machine learning,api development,kubernetes,tensorflow,python,docker,problem solving",Machine Learning Engineer
"database design,sql,spark,data warehouse,hadoop,airflow,leadership,azure,python",Data Engineer
"leadership,power bi,tableau,time management,data modeling,data visualization,excel,reporting,sql,business intelligence,kpi analysis,dashboarding",BI Analyst
"sql,data visualization,dashboarding,python,reporting,excel,power bi,statistics,pandas,tableau",Data Analyst
"data modeling,kpi analysis,power bi,data visualization,business intelligence,reporting",BI Analyst
"data modeling,snowflake,etl,data warehouse,python,problem solving,airflow,bigquery,analytics engineering,sql,dbt",Analytics Engineer
"requirements gathering,excel,sql,tableau,reporting,business analysis",Business Analyst
"data warehouse,hadoop,etl,aws,azure,airflow,database design,spark,sql,python",Data Engineer
"data modeling,bigquery,sql,dbt,airflow,data warehouse,analytics engineering,snowflake,etl",Analytics Engineer
"sql,business analysis,reporting,data visualization,excel,communication,stakeholder management,power bi,requirements gathering",Business Analyst
"api development,mlops,docker,kubernetes,tensorflow,python,model deployment,machine learning,deep learning",Machine Learning Engineer
"tableau,excel,requirements gathering,stakeholder management,sql,communication,reporting,power bi",Business Analyst
"statistics,reporting,python,power bi,teamwork,data visualization,pandas",Data Analyst
"data visualization,pandas,communication,machine learning,model deployment,scikit-learn,deep learning,statistics,feature engineering,presentation,numpy",Data Scientist
"reporting,power bi,data visualization,stakeholder management,communication,sql,tableau,excel,requirements gathering,business analysis,time management",Business Analyst
"statistics,pandas,time management,model deployment,machine learning,deep learning,numpy,python,data visualization,feature engineering,scikit-learn",Data Scientist
"deep learning,pytorch,machine learning,api development,tensorflow,python,kubernetes,problem solving,docker",Machine Learning Engineer
"business analysis,sql,time management,tableau,teamwork,data visualization,power bi,communication",Business Analyst
"power bi,excel,python,pandas,statistics,sql,dashboarding,reporting",Data Analyst
"critical thinking,database design,data warehouse,python,hadoop,airflow,spark,aws",Data Engineer
"data warehouse,aws,python,hadoop,etl,airflow,sql,problem solving",Data Engineer
"airflow,data warehouse,sql,aws,azure,python,hadoop,spark,database design,etl",Data Engineer
"airflow,data warehouse,hadoop,aws,database design,spark,sql",Data Engineer
"data warehouse,critical thinking,sql,bigquery,data modeling,analytics engineering,snowflake",Analytics Engineer
"hadoop,database design,problem solving,sql,data warehouse,aws,airflow",Data Engineer
"sql,azure,data warehouse,aws,etl,airflow,hadoop,spark,teamwork,time management",Data Engineer
"pandas,communication,sql,power bi,reporting,excel,data visualization,python,statistics,tableau,dashboarding,problem solving",Data Analyst
"requirements gathering,presentation,sql,excel,communication,business analysis,data visualization",Business Analyst
"etl,python,spark,airflow,data warehouse,database design,azure",Data Engineer
"airflow,python,etl,sql,dbt,communication,snowflake,leadership,data warehouse",Analytics Engineer
"pandas,deep learning,data visualization,model deployment,statistics,machine learning,scikit-learn,communication,feature engineering,python",Data Scientist
"python,database design,presentation,critical thinking,data warehouse,hadoop,spark,airflow,aws",Data Engineer
"pandas,power bi,presentation,python,data visualization,excel,reporting,dashboarding,tableau,communication,statistics",Data Analyst
"airflow,python,sql,spark,etl,database design,hadoop,azure",Data Engineer
"analytics engineering,communication,python,bigquery,dbt,data warehouse,etl,presentation,snowflake,sql",Analytics Engineer
"problem solving,presentation,tensorflow,mlops,docker,python,pytorch,machine learning,kubernetes",Machine Learning Engineer
"model deployment,python,feature engineering,statistics,numpy,scikit-learn,pandas,communication",Data Scientist
"sql,stakeholder management,requirements gathering,communication,problem solving,data visualization,tableau,communication,excel,reporting",Business Analyst
"airflow,sql,spark,hadoop,database design,presentation,data warehouse,aws,python,azure,etl",Data Engineer
"python,critical thinking,data visualization,statistics,excel,communication,power bi,tableau,sql,dashboarding,pandas",Data Analyst
"pandas,power bi,tableau,sql,excel,python,data visualization,reporting,dashboarding,time management,statistics",Data Analyst
"leadership,reporting,power bi,pandas,tableau,data visualization,python,statistics,sql,dashboarding",Data Analyst
"etl,leadership,data warehouse,airflow,hadoop,azure,sql,spark,python,problem solving",Data Engineer
"spark,aws,etl,airflow,database design,hadoop,python,data warehouse,critical thinking",Data Engineer
"tensorflow,api development,deep learning,kubernetes,model deployment,docker,pytorch,machine learning,python,mlops",Machine Learning Engineer
"data modeling,tableau,sql,dashboarding,excel,power bi,business intelligence",BI Analyst
"dashboarding,excel,pandas,time management,power bi,sql,leadership,python,statistics",Data Analyst
"dashboarding,tableau,power bi,sql,excel,pandas,data visualization,python,reporting",Data Analyst
"airflow,hadoop,communication,etl,azure,spark,time management,data warehouse,python",Data Engineer
"mlops,machine learning,api development,python,model deployment,tensorflow,kubernetes,communication",Machine Learning Engineer
"stakeholder management,communication,power bi,sql,requirements gathering,excel,leadership",Business Analyst
"etl,data warehouse,leadership,sql,database design,hadoop,python,spark",Data Engineer
"business intelligence,tableau,data modeling,dashboarding,excel,power bi,kpi analysis,reporting,data visualization,sql",BI Analyst
"problem solving,data visualization,excel,power bi,teamwork,reporting,dashboarding,sql,data modeling",BI Analyst
"analytics engineering,data modeling,python,snowflake,sql,data warehouse,etl,airflow",Analytics Engineer
"tensorflow,python,kubernetes,model deployment,docker,machine learning,leadership,deep learning,time management,mlops",Machine Learning Engineer
"sql,leadership,time management,aws,python,airflow,etl,azure",Data Engineer
"pytorch,machine learning,kubernetes,mlops,python,deep learning,tensorflow,docker,api development,model deployment",Machine Learning Engineer
"reporting,kpi analysis,power bi,data visualization,dashboarding,business intelligence,excel,communication,leadership",BI Analyst
"dashboarding,reporting,data visualization,statistics,excel,tableau,presentation,power bi,pandas,sql",Data Analyst
"sql,leadership,python,excel,critical thinking,tableau,pandas,reporting,dashboarding,statistics",Data Analyst
"mlops,api development,pytorch,kubernetes,model deployment,deep learning,tensorflow,docker,critical thinking",Machine Learning Engineer
"python,hadoop,etl,azure,airflow,aws,data warehouse",Data Engineer
"python,data visualization,statistics,communication,model deployment,deep learning,scikit-learn,teamwork,pandas",Data Scientist
"bigquery,dbt,etl,sql,analytics engineering,data warehouse,python,snowflake,data modeling,airflow",Analytics Engineer
"communication,stakeholder management,power bi,reporting,sql,data visualization",Business Analyst
"mlops,deep learning,api development,machine learning,docker,model deployment,leadership",Machine Learning Engineer
"reporting,requirements gathering,communication,excel,power bi,business analysis,stakeholder management,sql,data visualization,tableau",Business Analyst
"dashboarding,data modeling,business intelligence,problem solving,excel,tableau,reporting,kpi analysis,data visualization,sql,power bi",BI Analyst
"python,etl,dbt,data warehouse,bigquery,data modeling,analytics engineering,airflow,sql",Analytics Engineer
"etl,data warehouse,sql,python,airflow,aws,hadoop,database design",Data Engineer
"dashboarding,statistics,pandas,problem solving,tableau,sql,presentation,power bi",Data Analyst
"hadoop,aws,azure,problem solving,etl,teamwork,python,data warehouse",Data Engineer
"power bi,sql,business analysis,stakeholder management,tableau,excel,data visualization,requirements gathering,problem solving,communication,reporting",Business Analyst
"pandas,teamwork,data visualization,reporting,python,dashboarding,sql,tableau,critical thinking",Data Analyst
"time management,excel,kpi analysis,sql,leadership,tableau,dashboarding,business intelligence,data modeling,reporting",BI Analyst
"airflow,sql,etl,azure,hadoop,python,spark,data warehouse,aws,database design",Data Engineer
"business intelligence,reporting,kpi analysis,sql,data visualization,tableau,data modeling",BI Analyst
"feature engineering,critical thinking,model deployment,data visualization,deep learning,python,communication,scikit-learn,machine learning,pandas,statistics,numpy",Data Scientist
"docker,python,machine learning,presentation,pytorch,api development,kubernetes,mlops,model deployment,tensorflow,deep learning",Machine Learning Engineer
"data modeling,python,airflow,bigquery,etl,data warehouse,snowflake,dbt,analytics engineering,sql",Analytics Engineer
"power bi,stakeholder management,business analysis,teamwork,tableau,sql,data visualization,reporting",Business Analyst
"pandas,machine learning,scikit-learn,model deployment,deep learning,python,data visualization,feature engineering,statistics",Data Scientist
"power bi,data visualization,problem solving,kpi analysis,reporting,sql,excel,dashboarding,tableau,data modeling,business intelligence",BI Analyst
"tableau,data visualization,reporting,sql,dashboarding,excel",Data Analyst
"tableau,stakeholder management,teamwork,leadership,requirements gathering,communication,business analysis,excel,reporting,sql,data visualization,power bi",Business Analyst
"teamwork,dashboarding,statistics,pandas,power bi,sql,excel,reporting,time management,data visualization",Data Analyst
"tableau,data visualization,kpi analysis,sql,problem solving,business intelligence,excel,dashboarding,communication,data modeling,power bi",BI Analyst
"problem solving,excel,reporting,data visualization,business intelligence,sql,tableau",BI Analyst
"snowflake,python,analytics engineering,airflow,etl,bigquery,data warehouse",Analytics Engineer
"sql,data modeling,python,airflow,dbt,bigquery,snowflake",Analytics Engineer
"python,snowflake,airflow,data warehouse,analytics engineering,time management,critical thinking,bigquery,sql,dbt",Analytics Engineer
"problem solving,aws,python,spark,azure,etl,database design,airflow",Data Engineer
"communication,mlops,deep learning,python,api development,machine learning,leadership,docker,kubernetes,tensorflow",Machine Learning Engineer
"machine learning,time management,problem solving,numpy,pandas,python,data visualization,scikit-learn,statistics,deep learning,feature engineering",Data Scientist
"data visualization,business analysis,communication,reporting,stakeholder management,tableau,power bi,excel,sql,requirements gathering",Business Analyst
"airflow,dbt,analytics engineering,data modeling,etl,python,bigquery,snowflake",Analytics Engineer
"analytics engineering,sql,snowflake,data modeling,data warehouse,dbt",Analytics Engineer
"python,etl,critical thinking,hadoop,sql,data warehouse,problem solving,aws",Data Engineer
"api development,machine learning,model deployment,teamwork,tensorflow,deep learning,pytorch,mlops,python,docker,kubernetes",Machine Learning Engineer
"docker,pytorch,critical thinking,deep learning,mlops,api development,machine learning,model deployment,tensorflow,python,kubernetes",Machine Learning Engineer
"time management,tableau,data visualization,power bi,kpi analysis,excel,data modeling,dashboarding,business intelligence,reporting,sql,communication",BI Analyst
"tableau,power bi,data visualization,sql,requirements gathering,excel,communication,stakeholder management,business analysis",Business Analyst
"deep learning,data visualization,critical thinking,feature engineering,python,numpy,statistics,machine learning,scikit-learn",Data Scientist
"model deployment,deep learning,mlops,kubernetes,docker,communication,teamwork,tensorflow,python,pytorch",Machine Learning Engineer
"dashboarding,statistics,data visualization,reporting,time management,power bi,sql,python,tableau,excel,leadership,pandas",Data Analyst
"scikit-learn,data visualization,pandas,time management,problem solving,numpy,statistics,deep learning,python,model deployment",Data Scientist
"data warehouse,aws,hadoop,airflow,spark,etl,database design",Data Engineer
"reporting,excel,business intelligence,critical thinking,tableau,data modeling,sql,power bi",BI Analyst
"sql,data visualization,pandas,dashboarding,python,power bi,tableau,teamwork",Data Analyst
"python,spark,etl,sql,hadoop,airflow,azure,database design,aws",Data Engineer
"power bi,kpi analysis,teamwork,sql,excel,business intelligence,dashboarding,data visualization,tableau,reporting,data modeling",BI Analyst
"dashboarding,data visualization,power bi,pandas,tableau,excel,python,sql,reporting,statistics",Data Analyst
"api development,model deployment,kubernetes,critical thinking,deep learning,machine learning,tensorflow,mlops,python,pytorch,docker,communication",Machine Learning Engineer
"airflow,data warehouse,database design,communication,azure,spark,problem solving,sql,etl",Data Engineer
"sql,data warehouse,database design,critical thinking,airflow,aws,etl,python,spark,communication,azure",Data Engineer
"tableau,data modeling,dashboarding,data visualization,excel,business intelligence,sql,reporting,power bi,critical thinking",BI Analyst
"communication,power bi,reporting,business analysis,tableau,stakeholder management,presentation,excel,sql,data visualization",Business Analyst
"deep learning,model deployment,api development,kubernetes,python,tensorflow,time management,machine learning,communication,pytorch,mlops,docker",Machine Learning Engineer
"data visualization,excel,communication,reporting,sql,pandas,dashboarding,problem solving,statistics,python",Data Analyst
"data visualization,excel,sql,kpi analysis,reporting,business intelligence,tableau",BI Analyst
"statistics,pandas,feature engineering,numpy,machine learning,deep learning,python",Data Scientist
"dashboarding,data modeling,power bi,leadership,data visualization,business intelligence,reporting",BI Analyst
"etl,python,analytics engineering,bigquery,dbt,snowflake,data modeling,airflow",Analytics Engineer
"business analysis,data visualization,power bi,stakeholder management,teamwork,sql,requirements gathering,communication,leadership,reporting,tableau",Business Analyst
"sql,power bi,reporting,tableau,time management,presentation,kpi analysis,dashboarding",BI Analyst
"dashboarding,statistics,pandas,reporting,data visualization,python,presentation",Data Analyst
"numpy,statistics,pandas,python,presentation,critical thinking,feature engineering,deep learning",Data Scientist
"tensorflow,kubernetes,deep learning,python,machine learning,api development,mlops,model deployment,docker,pytorch",Machine Learning Engineer
"dashboarding,power bi,reporting,sql,kpi analysis,business intelligence,tableau,data modeling,data visualization",BI Analyst
"model deployment,python,api development,presentation,docker,tensorflow,machine learning,teamwork",Machine Learning Engineer
"python,api development,model deployment,machine learning,tensorflow,kubernetes,critical thinking,deep learning,mlops,docker",Machine Learning Engineer
"stakeholder management,power bi,communication,sql,reporting,requirements gathering,excel",Business Analyst
"aws,airflow,spark,python,etl,sql,database design,presentation,hadoop,azure,data warehouse",Data Engineer
"data visualization,numpy,machine learning,feature engineering,model deployment,deep learning,statistics,problem solving,communication,scikit-learn,pandas",Data Scientist
"data warehouse,airflow,dbt,python,data modeling,sql,bigquery,analytics engineering,etl",Analytics Engineer
"tableau,excel,power bi,pandas,reporting,python",Data Analyst
"python,model deployment,deep learning,presentation,machine learning,api development,tensorflow,docker",Machine Learning Engineer
"data visualization,business analysis,teamwork,excel,requirements gathering,problem solving,reporting,communication,stakeholder management,power bi,tableau,sql",Business Analyst
"dashboarding,reporting,sql,leadership,excel,tableau,business intelligence,data visualization,kpi analysis,data modeling,power bi",BI Analyst
"feature engineering,scikit-learn,numpy,problem solving,deep learning,data visualization,communication,pandas,machine learning,python",Data Scientist
"azure,sql,etl,database design,problem solving,hadoop,spark",Data Engineer
"business intelligence,data modeling,presentation,tableau,reporting,sql,data visualization,teamwork,dashboarding,kpi analysis",BI Analyst
"statistics,machine learning,feature engineering,problem solving,pandas,python,data visualization,scikit-learn,numpy",Data Scientist
"dashboarding,tableau,data visualization,reporting,sql,pandas",Data Analyst
"model deployment,python,pytorch,api development,deep learning,problem solving,kubernetes,machine learning,tensorflow",Machine Learning Engineer
"excel,requirements gathering,data visualization,stakeholder management,reporting,sql,communication,power bi,tableau,business analysis",Business Analyst
"communication,deep learning,presentation,numpy,python,machine learning,pandas,feature engineering,scikit-learn,model deployment,data visualization,statistics",Data Scientist
"python,machine learning,problem solving,pandas,statistics,feature engineering,scikit-learn,data visualization,deep learning",Data Scientist
"communication,kubernetes,problem solving,deep learning,api development,docker,model deployment,tensorflow",Machine Learning Engineer
"machine learning,critical thinking,kubernetes,docker,python,deep learning,api development,model deployment,communication",Machine Learning Engineer
"python,deep learning,model deployment,numpy,feature engineering,data visualization,statistics,pandas,machine learning",Data Scientist
"etl,hadoop,spark,python,aws,sql,azure",Data Engineer
"data visualization,reporting,excel,sql,power bi,leadership,business analysis",Business Analyst
"deep learning,leadership,time management,pandas,data visualization,machine learning,python,statistics",Data Scientist
"presentation,data warehouse,hadoop,teamwork,aws,python,spark,sql,azure",Data Engineer
"pandas,sql,tableau,power bi,dashboarding,data visualization,reporting,python",Data Analyst
"sql,snowflake,bigquery,airflow,python,dbt,analytics engineering,etl",Analytics Engineer
"mlops,machine learning,api development,kubernetes,pytorch,python,docker,model deployment,deep learning,problem solving",Machine Learning Engineer
"model deployment,kubernetes,pytorch,machine learning,api development,tensorflow,deep learning,leadership,docker,mlops,python,presentation",Machine Learning Engineer
"data visualization,machine learning,model deployment,deep learning,statistics,pandas,scikit-learn,python,feature engineering,presentation,numpy",Data Scientist
"python,azure,sql,data warehouse,communication,aws,problem solving,etl",Data Engineer
"etl,data warehouse,bigquery,analytics engineering,data modeling,dbt,airflow,python,snowflake,sql",Analytics Engineer
"data modeling,problem solving,kpi analysis,sql,power bi,dashboarding,critical thinking,business intelligence,reporting,tableau,excel",BI Analyst
"pytorch,python,machine learning,leadership,api development,deep learning,tensorflow,docker",Machine Learning Engineer
"problem solving,kubernetes,machine learning,mlops,python,api development,tensorflow,model deployment,critical thinking,pytorch,docker",Machine Learning Engineer
"airflow,bigquery,data warehouse,snowflake,data modeling,dbt,critical thinking,analytics engineering,etl,sql,python",Analytics Engineer
"data warehouse,problem solving,sql,python,spark,azure,database design,airflow,hadoop,presentation,aws",Data Engineer
"tableau,data visualization,communication,stakeholder management,requirements gathering,business analysis,power bi,excel",Business Analyst
"model deployment,deep learning,feature engineering,machine learning,data visualization,numpy,statistics,pandas,python",Data Scientist
"tensorflow,pytorch,machine learning,kubernetes,python,api development,deep learning",Machine Learning Engineer
"data visualization,tableau,business analysis,power bi,stakeholder management,reporting,leadership,sql,requirements gathering,communication,excel",Business Analyst
"sql,communication,statistics,tableau,power bi,pandas,time management,dashboarding,excel",Data Analyst
"leadership,tensorflow,machine learning,python,mlops,api development,deep learning",Machine Learning Engineer
"data visualization,dashboarding,critical thinking,reporting,excel,tableau,sql,power bi,data modeling,kpi analysis,problem solving,business intelligence",BI Analyst
"presentation,deep learning,model deployment,tensorflow,python,docker,teamwork,mlops,api development,machine learning,kubernetes",Machine Learning Engineer
"reporting,stakeholder management,problem solving,tableau,sql,business analysis,communication,data visualization",Business Analyst
"feature engineering,data visualization,leadership,numpy,pandas,teamwork,deep learning,model deployment,statistics",Data Scientist
"sql,bigquery,python,data modeling,airflow,etl,dbt",Analytics Engineer
"data visualization,stakeholder management,requirements gathering,reporting,business analysis,communication,power bi",Business Analyst
"snowflake,dbt,analytics engineering,bigquery,python,etl,data modeling,data warehouse,airflow,sql,time management,communication",Analytics Engineer
"statistics,python,tableau,sql,power bi,problem solving,pandas,communication",Data Analyst
"power bi,dashboarding,time management,business intelligence,tableau,excel,kpi analysis,reporting",BI Analyst
"power bi,excel,reporting,statistics,pandas,tableau,data visualization,dashboarding",Data Analyst
"python,deep learning,data visualization,critical thinking,scikit-learn,numpy,feature engineering,statistics,pandas,model deployment",Data Scientist
"tableau,data visualization,requirements gathering,communication,stakeholder management,excel,sql,power bi,business analysis,reporting",Business Analyst
"deep learning,model deployment,numpy,machine learning,scikit-learn,data visualization,feature engineering,pandas",Data Scientist
"tensorflow,critical thinking,deep learning,python,docker,pytorch,mlops",Machine Learning Engineer
"azure,hadoop,airflow,data warehouse,aws,etl,database design",Data Engineer
"tableau,dashboarding,data visualization,sql,excel,teamwork,power bi",BI Analyst
"tableau,power bi,data visualization,dashboarding,reporting,statistics,presentation,excel,python",Data Analyst
"airflow,bigquery,sql,data modeling,time management,dbt,snowflake,data warehouse,etl,analytics engineering,python",Analytics Engineer
"pandas,python,machine learning,deep learning,statistics,data visualization,teamwork,numpy",Data Scientist
"numpy,scikit-learn,deep learning,python,feature engineering,machine learning,pandas",Data Scientist
"sql,snowflake,data modeling,airflow,dbt,python,analytics engineering,etl,data warehouse,bigquery",Analytics Engineer
"reporting,sql,business analysis,power bi,requirements gathering,communication,stakeholder management,excel",Business Analyst
"reporting,communication,statistics,sql,tableau,pandas,dashboarding",Data Analyst
"hadoop,aws,azure,data warehouse,etl,airflow",Data Engineer
"statistics,numpy,pandas,model deployment,data visualization,scikit-learn,critical thinking,feature engineering",Data Scientist
"reporting,data visualization,sql,stakeholder management,excel,power bi,business analysis,communication,communication,requirements gathering",Business Analyst
"data visualization,requirements gathering,stakeholder management,business analysis,communication,reporting",Business Analyst
"kpi analysis,sql,power bi,critical thinking,business intelligence,tableau,reporting,problem solving,dashboarding,data visualization",BI Analyst
"tableau,statistics,data visualization,excel,pandas,sql,dashboarding,reporting",Data Analyst
"power bi,dashboarding,leadership,reporting,python,data visualization,statistics",Data Analyst
"feature engineering,machine learning,scikit-learn,deep learning,numpy,data visualization,python,statistics,model deployment,pandas",Data Scientist
"tableau,leadership,reporting,excel,python,statistics,data visualization,sql,pandas,power bi,dashboarding",Data Analyst
"kpi analysis,tableau,reporting,business intelligence,communication,power bi,data modeling,dashboarding,sql,excel,data visualization",BI Analyst
"power bi,reporting,excel,data modeling,business intelligence,kpi analysis,dashboarding",BI Analyst
"business analysis,tableau,requirements gathering,data visualization,power bi,reporting,excel",Business Analyst
"scikit-learn,statistics,python,problem solving,data visualization,pandas,feature engineering,numpy,leadership,model deployment,machine learning",Data Scientist
"api development,tensorflow,model deployment,deep learning,machine learning,pytorch,python,kubernetes",Machine Learning Engineer
"kubernetes,deep learning,model deployment,machine learning,tensorflow,python,pytorch,api development,mlops",Machine Learning Engineer
"python,time management,mlops,deep learning,kubernetes,tensorflow,docker,api development,model deployment",Machine Learning Engineer
"azure,airflow,python,etl,problem solving,sql,spark,hadoop",Data Engineer
"sql,business intelligence,reporting,dashboarding,power bi,data modeling,kpi analysis",BI Analyst
"tableau,data visualization,requirements gathering,power bi,sql,communication,excel,reporting,business analysis,stakeholder management",Business Analyst
"numpy,time management,data visualization,deep learning,machine learning,scikit-learn,python,feature engineering,pandas",Data Scientist
"docker,python,mlops,api development,machine learning,pytorch,kubernetes,deep learning,tensorflow,model deployment",Machine Learning Engineer
"presentation,reporting,sql,pandas,tableau,data visualization,leadership,statistics,excel,power bi",Data Analyst
"communication,bigquery,sql,leadership,dbt,analytics engineering,python,data modeling",Analytics Engineer
"airflow,analytics engineering,data modeling,python,bigquery,data warehouse,sql,etl,snowflake",Analytics Engineer
"time management,tableau,business intelligence,data modeling,reporting,data visualization,power bi,presentation,excel",BI Analyst
"model deployment,feature engineering,pandas,scikit-learn,numpy,machine learning,deep learning,presentation,data visualization,python",Data Scientist
"statistics,python,power bi,tableau,dashboarding,problem solving,presentation,sql",Data Analyst
"numpy,deep learning,python,scikit-learn,statistics,pandas,leadership,communication,feature engineering,model deployment,data visualization,machine learning",Data Scientist
"problem solving,feature engineering,pandas,numpy,python,data visualization,presentation,statistics",Data Scientist
"critical thinking,bigquery,sql,data warehouse,analytics engineering,snowflake,dbt,python,etl,airflow",Analytics Engineer
"pandas,statistics,numpy,deep learning,model deployment,data visualization",Data Scientist
"sql,kpi analysis,data visualization,business intelligence,power bi,reporting,data modeling,dashboarding,excel",BI Analyst
"presentation,python,power bi,tableau,data visualization,statistics,pandas",Data Analyst
"leadership,bigquery,airflow,data modeling,etl,critical thinking,data warehouse,analytics engineering,sql",Analytics Engineer
"etl,data warehouse,critical thinking,sql,hadoop,airflow,azure,spark,database design,presentation",Data Engineer
"sql,etl,python,communication,hadoop,spark,data warehouse,azure,aws",Data Engineer
"tableau,sql,data visualization,dashboarding,data modeling,time management,kpi analysis,business intelligence,excel,reporting",BI Analyst
"business intelligence,reporting,data modeling,kpi analysis,excel,tableau",BI Analyst
"mlops,tensorflow,pytorch,teamwork,api development,deep learning,docker,model deployment,kubernetes,machine learning",Machine Learning Engineer
"sql,requirements gathering,excel,business analysis,critical thinking,power bi,data visualization,tableau,reporting,communication",Business Analyst
"deep learning,mlops,api development,pytorch,model deployment,machine learning,kubernetes",Machine Learning Engineer
"pandas,data visualization,statistics,power bi,dashboarding,tableau,python,reporting,sql,excel",Data Analyst
"reporting,excel,data visualization,communication,business analysis,stakeholder management",Business Analyst
"power bi,business intelligence,excel,data modeling,tableau,dashboarding",BI Analyst
"python,mlops,model deployment,deep learning,machine learning,kubernetes,pytorch,docker,tensorflow,leadership,api development",Machine Learning Engineer
"dbt,airflow,bigquery,presentation,sql,analytics engineering,data warehouse,etl",Analytics Engineer
"business analysis,data visualization,sql,tableau,communication,power bi,reporting,requirements gathering,stakeholder management,excel",Business Analyst
"sql,power bi,excel,presentation,dashboarding,time management,data visualization,tableau",BI Analyst
"pytorch,kubernetes,api development,mlops,docker,model deployment",Machine Learning Engineer
"database design,aws,azure,python,hadoop,sql,etl,airflow,data warehouse",Data Engineer
"statistics,feature engineering,numpy,python,critical thinking,machine learning,deep learning,model deployment,pandas,data visualization,scikit-learn",Data Scientist
"dbt,airflow,data modeling,etl,python,snowflake,bigquery",Analytics Engineer
"pandas,communication,dashboarding,sql,python,data visualization,reporting,power bi,statistics,tableau,excel",Data Analyst
"leadership,hadoop,spark,data warehouse,sql,aws,airflow,python,azure,etl",Data Engineer
"azure,time management,hadoop,aws,data warehouse,database design,sql,python",Data Engineer
"bigquery,data modeling,dbt,etl,data warehouse,analytics engineering,sql,python,airflow",Analytics Engineer
"reporting,sql,tableau,data visualization,python,pandas,statistics,communication,dashboarding,excel,power bi",Data Analyst
"sql,requirements gathering,presentation,data visualization,business analysis,reporting,communication,problem solving,stakeholder management,tableau,excel",Business Analyst
"tableau,statistics,sql,leadership,pandas,reporting,data visualization,dashboarding,python,power bi,excel",Data Analyst
"hadoop,azure,aws,airflow,python,spark,database design,sql,data warehouse",Data Engineer
"python,dashboarding,teamwork,sql,power bi,data visualization,excel,critical thinking,reporting",Data Analyst
"dbt,time management,etl,data modeling,communication,snowflake,analytics engineering,python,sql,bigquery",Analytics Engineer
"data visualization,dashboarding,python,excel,reporting,tableau,leadership,pandas,time management",Data Analyst
"mlops,deep learning,python,tensorflow,model deployment,docker,kubernetes,communication,machine learning,api development,pytorch",Machine Learning Engineer
"sql,power bi,excel,python,statistics,dashboarding,data visualization,pandas,critical thinking",Data Analyst
"statistics,power bi,sql,excel,reporting,python,data visualization,tableau,dashboarding",Data Analyst
"machine learning,tensorflow,docker,kubernetes,api development,model deployment,mlops,communication,python,problem solving,deep learning",Machine Learning Engineer
"excel,tableau,data modeling,data visualization,kpi analysis,reporting,dashboarding,sql,business intelligence,power bi",BI Analyst
"etl,python,airflow,bigquery,data warehouse,time management,analytics engineering,snowflake,data modeling,dbt,sql",Analytics Engineer
"data warehouse,etl,database design,time management,python,airflow,spark,hadoop,azure,aws,sql,critical thinking",Data Engineer
"data warehouse,analytics engineering,dbt,python,etl,airflow",Analytics Engineer
"data warehouse,critical thinking,python,presentation,analytics engineering,snowflake,data modeling,etl,dbt,sql,airflow",Analytics Engineer
"dashboarding,tableau,kpi analysis,reporting,power bi,data modeling,excel",BI Analyst
"problem solving,tensorflow,pytorch,critical thinking,machine learning,mlops,python,api development,model deployment",Machine Learning Engineer
"tableau,excel,leadership,data visualization,sql,pandas,reporting,python,statistics,communication",Data Analyst
"machine learning,tensorflow,mlops,pytorch,deep learning,problem solving,docker",Machine Learning Engineer
"sql,bigquery,data warehouse,airflow,etl,analytics engineering,dbt,communication,snowflake,python,problem solving,data modeling",Analytics Engineer
"data modeling,airflow,python,leadership,presentation,snowflake,etl,dbt,sql,data warehouse",Analytics Engineer
"etl,time management,bigquery,data warehouse,data modeling,python,sql,airflow,dbt,analytics engineering",Analytics Engineer
"snowflake,data modeling,python,analytics engineering,etl,dbt",Analytics Engineer
"tableau,excel,sql,communication,business analysis,requirements gathering,time management",Business Analyst
"kpi analysis,business intelligence,reporting,power bi,sql,excel,data modeling,dashboarding,problem solving",BI Analyst
"numpy,pandas,model deployment,critical thinking,deep learning,statistics,teamwork,scikit-learn,data visualization",Data Scientist
"reporting,stakeholder management,tableau,excel,business analysis,communication,sql,data visualization,requirements gathering,power bi",Business Analyst
"communication,data modeling,python,bigquery,dbt,leadership,airflow,snowflake,etl",Analytics Engineer
"airflow,python,database design,azure,hadoop,spark,etl,aws",Data Engineer
"sql,stakeholder management,communication,power bi,teamwork,tableau,presentation,requirements gathering,business analysis,excel",Business Analyst
"numpy,pandas,statistics,scikit-learn,data visualization,model deployment,feature engineering",Data Scientist
"tableau,data visualization,communication,business analysis,reporting,excel,stakeholder management,sql,power bi,requirements gathering",Business Analyst
"sql,analytics engineering,snowflake,python,data modeling,airflow,etl",Analytics Engineer
"data visualization,kpi analysis,power bi,dashboarding,data modeling,tableau,business intelligence,sql,excel,reporting",BI Analyst
"data visualization,model deployment,machine learning,pandas,communication,statistics,feature engineering,numpy,scikit-learn,python",Data Scientist
"teamwork,stakeholder management,communication,tableau,excel,reporting,business analysis,power bi,sql,data visualization",Business Analyst
"sql,tableau,time management,reporting,business intelligence,kpi analysis,data visualization,excel",BI Analyst
"machine learning,mlops,model deployment,kubernetes,tensorflow,deep learning,problem solving,python,api development,critical thinking,pytorch",Machine Learning Engineer
"requirements gathering,data visualization,tableau,power bi,teamwork,business analysis,reporting,time management",Business Analyst
"mlops,tensorflow,kubernetes,api development,deep learning,python,time management,model deployment,machine learning,docker",Machine Learning Engineer
"dashboarding,time management,reporting,tableau,python,pandas,statistics",Data Analyst
"model deployment,feature engineering,deep learning,leadership,numpy,machine learning,python",Data Scientist
"data modeling,etl,data warehouse,sql,python,analytics engineering",Analytics Engineer
"data warehouse,hadoop,python,airflow,aws,sql,azure",Data Engineer
"requirements gathering,stakeholder management,sql,communication,power bi,reporting,tableau,time management,business analysis,excel,data visualization",Business Analyst
"numpy,leadership,python,statistics,pandas,deep learning,machine learning,model deployment,data visualization,feature engineering,scikit-learn",Data Scientist
"communication,data visualization,sql,excel,reporting,teamwork,tableau,power bi",BI Analyst
"communication,mlops,machine learning,deep learning,api development,tensorflow,model deployment,pytorch,python,time management,kubernetes,docker",Machine Learning Engineer
"snowflake,sql,python,bigquery,dbt,data warehouse,data modeling,airflow,etl",Analytics Engineer
"mlops,kubernetes,communication,machine learning,model deployment,problem solving,docker,python,deep learning,api development",Machine Learning Engineer
"data visualization,business intelligence,reporting,critical thinking,data modeling,sql,kpi analysis,tableau,leadership",BI Analyst
"airflow,sql,python,etl,data modeling,snowflake,bigquery,analytics engineering,data warehouse",Analytics Engineer
"python,api development,pytorch,mlops,model deployment,kubernetes,docker",Machine Learning Engineer
"stakeholder management,excel,business analysis,tableau,communication,power bi,requirements gathering,reporting,sql,data visualization",Business Analyst
"airflow,snowflake,analytics engineering,python,etl,data warehouse,dbt,sql,bigquery,data modeling",Analytics Engineer
"leadership,airflow,hadoop,database design,etl,spark,azure,data warehouse,aws,critical thinking",Data Engineer
"dashboarding,excel,critical thinking,pandas,power bi,python,statistics",Data Analyst
"excel,tableau,reporting,pandas,sql,python,data visualization,power bi,dashboarding",Data Analyst
"feature engineering,model deployment,scikit-learn,statistics,machine learning,data visualization,deep learning",Data Scientist
"tensorflow,pytorch,mlops,docker,kubernetes,api development,critical thinking",Machine Learning Engineer
"hadoop,sql,teamwork,spark,database design,azure,aws,data warehouse,airflow,python",Data Engineer
"data visualization,python,statistics,power bi,sql,tableau",Data Analyst
"feature engineering,scikit-learn,data visualization,statistics,deep learning,python,model deployment,numpy,pandas,machine learning",Data Scientist
"dbt,snowflake,airflow,analytics engineering,etl,data modeling,python,bigquery,data warehouse",Analytics Engineer
"communication,sql,stakeholder management,power bi,requirements gathering,communication,teamwork,excel,data visualization",Business Analyst
"communication,reporting,requirements gathering,stakeholder management,business analysis,tableau,power bi,data visualization,excel,problem solving,sql,communication",Business Analyst
"machine learning,data visualization,scikit-learn,deep learning,model deployment,feature engineering,pandas",Data Scientist
"business analysis,communication,reporting,requirements gathering,excel,sql,tableau,data visualization,power bi,stakeholder management",Business Analyst
"excel,business intelligence,data modeling,kpi analysis,dashboarding,data visualization,tableau,power bi,sql",BI Analyst
"sql,data warehouse,analytics engineering,data modeling,bigquery,airflow,problem solving,dbt,etl,python,snowflake,leadership",Analytics Engineer
"airflow,leadership,dbt,problem solving,etl,data modeling,bigquery,snowflake",Analytics Engineer
"business analysis,sql,communication,reporting,power bi,requirements gathering,data visualization,excel,stakeholder management,tableau",Business Analyst
"data visualization,communication,excel,reporting,business analysis,stakeholder management,requirements gathering,communication,tableau,power bi",Business Analyst
"api development,python,pytorch,kubernetes,mlops,model deployment,tensorflow,presentation",Machine Learning Engineer
"airflow,sql,spark,azure,etl,python,hadoop",Data Engineer
"tableau,reporting,power bi,communication,requirements gathering,sql,excel,business analysis,data visualization,time management,stakeholder management",Business Analyst
"stakeholder management,business analysis,teamwork,excel,reporting,sql,power bi,tableau,communication,data visualization,requirements gathering",Business Analyst
"pandas,excel,tableau,dashboarding,reporting,statistics,power bi,sql",Data Analyst
"feature engineering,teamwork,numpy,statistics,machine learning,deep learning,data visualization,leadership,scikit-learn,python",Data Scientist
"leadership,sql,aws,airflow,hadoop,database design,spark,python",Data Engineer
"statistics,machine learning,numpy,data visualization,python,deep learning,problem solving,scikit-learn,pandas,feature engineering,model deployment",Data Scientist
"tableau,excel,reporting,sql,power bi,kpi analysis,data modeling,business intelligence,data visualization,dashboarding",BI Analyst
"docker,pytorch,tensorflow,machine learning,mlops,python,model deployment,kubernetes",Machine Learning Engineer
"teamwork,machine learning,numpy,feature engineering,model deployment,deep learning,scikit-learn,pandas,data visualization,statistics,python",Data Scientist
"statistics,data visualization,power bi,excel,sql,python",Data Analyst
"model deployment,machine learning,pytorch,mlops,python,tensorflow,docker,api development,problem solving,deep learning",Machine Learning Engineer
"critical thinking,data visualization,sql,tableau,power bi,reporting,requirements gathering,communication,teamwork",Business Analyst
"dbt,airflow,sql,problem solving,analytics engineering,data modeling,snowflake,data warehouse,presentation",Analytics Engineer
"communication,power bi,tableau,requirements gathering,sql,reporting,data visualization",Business Analyst
"dashboarding,pandas,statistics,presentation,python,sql,tableau,power bi,reporting",Data Analyst
"power bi,python,sql,problem solving,tableau,reporting,excel,statistics,dashboarding,data visualization,time management",Data Analyst
"python,snowflake,analytics engineering,data warehouse,bigquery,critical thinking,sql,airflow",Analytics Engineer
"mlops,model deployment,kubernetes,api development,docker,pytorch,python,deep learning,tensorflow,machine learning",Machine Learning Engineer
"problem solving,etl,azure,aws,hadoop,data warehouse,database design,spark",Data Engineer
"statistics,presentation,deep learning,feature engineering,machine learning,python,numpy,model deployment,scikit-learn,data visualization,pandas",Data Scientist
"feature engineering,data visualization,critical thinking,deep learning,numpy,python,scikit-learn,machine learning,pandas,statistics,model deployment",Data Scientist
"communication,leadership,time management,requirements gathering,reporting,stakeholder management,sql,excel",Business Analyst
"api development,tensorflow,pytorch,machine learning,docker,kubernetes,deep learning",Machine Learning Engineer
"power bi,reporting,excel,business intelligence,data visualization,data modeling,problem solving,sql,dashboarding",BI Analyst
"presentation,excel,data visualization,tableau,sql,teamwork,communication,business analysis,reporting,power bi",Business Analyst
"tableau,data visualization,python,dashboarding,pandas,sql,teamwork,communication,reporting,power bi",Data Analyst
"etl,azure,database design,aws,data warehouse,critical thinking,hadoop,sql,presentation",Data Engineer
"business analysis,sql,data visualization,requirements gathering,tableau,reporting,power bi,presentation",Business Analyst
"kubernetes,tensorflow,model deployment,api development,docker,machine learning",Machine Learning Engineer
"pandas,dashboarding,sql,tableau,power bi,python,data visualization,statistics,excel,reporting",Data Analyst
"sql,python,pandas,tableau,data visualization,dashboarding,statistics,excel,power bi,reporting,teamwork",Data Analyst
"bigquery,snowflake,teamwork,airflow,sql,data warehouse,analytics engineering,critical thinking,dbt,python",Analytics Engineer
"python,api development,kubernetes,pytorch,tensorflow,deep learning,mlops,model deployment,machine learning",Machine Learning Engineer
"leadership,machine learning,docker,api development,tensorflow,python,model deployment,deep learning",Machine Learning Engineer
"snowflake,data warehouse,sql,dbt,etl,airflow",Analytics Engineer
"data visualization,critical thinking,python,numpy,scikit-learn,model deployment,pandas,feature engineering",Data Scientist
"sql,etl,dbt,data modeling,data warehouse,bigquery,leadership,snowflake,python,presentation,airflow,analytics engineering",Analytics Engineer
"azure,sql,airflow,python,critical thinking,data warehouse,etl,hadoop",Data Engineer
"sql,data warehouse,spark,database design,aws,azure,etl",Data Engineer
"mlops,docker,pytorch,time management,model deployment,python,deep learning",Machine Learning Engineer
"analytics engineering,python,dbt,presentation,bigquery,etl,sql,leadership,data modeling,airflow",Analytics Engineer
"machine learning,deep learning,api development,mlops,pytorch,model deployment,tensorflow,docker",Machine Learning Engineer
"teamwork,leadership,tableau,kpi analysis,dashboarding,data visualization,reporting,excel,business intelligence,data modeling",BI Analyst
"critical thinking,mlops,presentation,tensorflow,python,model deployment,machine learning,kubernetes",Machine Learning Engineer
"critical thinking,spark,airflow,hadoop,data warehouse,database design,etl,presentation,sql",Data Engineer
"sql,spark,python,leadership,hadoop,database design,aws",Data Engineer
"data modeling,sql,dashboarding,kpi analysis,excel,tableau,reporting",BI Analyst
"api development,mlops,machine learning,pytorch,deep learning,tensorflow,docker,python,model deployment,kubernetes",Machine Learning Engineer
"dashboarding,excel,reporting,python,tableau,power bi,pandas,statistics,data visualization,sql,problem solving",Data Analyst
"kpi analysis,teamwork,critical thinking,sql,power bi,data visualization,tableau,excel,dashboarding,business intelligence",BI Analyst
"business intelligence,sql,data visualization,data modeling,kpi analysis,presentation,tableau,reporting",BI Analyst
"dashboarding,sql,statistics,tableau,presentation,leadership,excel,reporting,python,pandas",Data Analyst
"python,deep learning,machine learning,docker,model deployment,mlops,api development,kubernetes,tensorflow,pytorch",Machine Learning Engineer
"kubernetes,deep learning,tensorflow,model deployment,api development,communication,mlops,pytorch,leadership,python,docker",Machine Learning Engineer
"teamwork,time management,business analysis,data visualization,excel,power bi,communication,reporting,requirements gathering,sql",Business Analyst
"kpi analysis,reporting,dashboarding,sql,business intelligence,power bi",BI Analyst
"airflow,spark,python,aws,data warehouse,communication,hadoop,azure,database design",Data Engineer
"communication,power bi,excel,stakeholder management,sql,requirements gathering,reporting,tableau,data visualization",Business Analyst
"docker,machine learning,model deployment,pytorch,tensorflow,problem solving,deep learning,kubernetes,api development,mlops",Machine Learning Engineer
"tensorflow,python,docker,pytorch,mlops,api development,machine learning,kubernetes,model deployment,deep learning",Machine Learning Engineer
"sql,etl,python,data warehouse,data modeling,airflow,dbt",Analytics Engineer
"sql,etl,time management,data modeling,snowflake,dbt,airflow,critical thinking,python",Analytics Engineer
"data visualization,critical thinking,power bi,stakeholder management,tableau,requirements gathering,reporting,excel,communication",Business Analyst
"feature engineering,deep learning,machine learning,pandas,leadership,data visualization,statistics,numpy,scikit-learn,model deployment,python",Data Scientist
"model deployment,docker,machine learning,kubernetes,pytorch,api development",Machine Learning Engineer
"etl,time management,snowflake,presentation,dbt,data modeling,python,bigquery,sql",Analytics Engineer
"requirements gathering,power bi,data visualization,communication,reporting,stakeholder management,business analysis,excel,tableau",Business Analyst
"python,feature engineering,scikit-learn,model deployment,pandas,data visualization,machine learning",Data Scientist
"critical thinking,spark,aws,etl,airflow,azure,time management,sql",Data Engineer
"excel,python,reporting,presentation,problem solving,tableau,statistics,pandas",Data Analyst
"data modeling,kpi analysis,excel,business intelligence,tableau,data visualization,dashboarding,reporting,power bi",BI Analyst
"deep learning,data visualization,machine learning,time management,model deployment,python,numpy,communication,feature engineering,pandas,statistics",Data Scientist
"etl,data modeling,dbt,critical thinking,bigquery,data warehouse,time management,python,sql,snowflake,airflow",Analytics Engineer
"tableau,power bi,excel,sql,stakeholder management,business analysis,communication,data visualization,requirements gathering",Business Analyst
"teamwork,mlops,machine learning,kubernetes,presentation,api development,python,pytorch,model deployment,tensorflow,docker",Machine Learning Engineer
"data modeling,tableau,communication,data visualization,reporting,power bi,sql,excel,business intelligence,dashboarding",BI Analyst
"sql,analytics engineering,bigquery,dbt,communication,data modeling,snowflake,airflow",Analytics Engineer
"data visualization,business intelligence,kpi analysis,data modeling,power bi,tableau,excel",BI Analyst
"dbt,etl,python,data modeling,airflow,sql,leadership,data warehouse,analytics engineering,bigquery,snowflake",Analytics Engineer
"requirements gathering,stakeholder management,tableau,communication,business analysis,presentation,sql",Business Analyst
"sql,spark,azure,etl,python,critical thinking,aws,data warehouse,database design,airflow",Data Engineer
"time management,mlops,machine learning,deep learning,pytorch,api development,model deployment,python,docker,tensorflow,kubernetes",Machine Learning Engineer
"stakeholder management,tableau,critical thinking,sql,communication,excel,reporting,data visualization,requirements gathering",Business Analyst
"analytics engineering,teamwork,data warehouse,time management,dbt,snowflake,bigquery,etl",Analytics Engineer
"python,dashboarding,reporting,sql,data visualization,excel,time management,tableau,pandas",Data Analyst
"power bi,business intelligence,excel,reporting,kpi analysis,data visualization,sql,dashboarding,data modeling,tableau",BI Analyst
"reporting,python,statistics,power bi,dashboarding,pandas,tableau,sql,critical thinking,excel,data visualization",Data Analyst
"dbt,bigquery,etl,data warehouse,snowflake,time management,airflow,data modeling",Analytics Engineer
"dbt,sql,data modeling,data warehouse,etl,airflow,time management",Analytics Engineer
"data warehouse,presentation,airflow,hadoop,database design,aws,python,azure,spark,teamwork,sql",Data Engineer
"machine learning,model deployment,data visualization,pandas,statistics,python,deep learning,presentation",Data Scientist
"reporting,requirements gathering,time management,business analysis,excel,communication,data visualization",Business Analyst
"kpi analysis,dashboarding,power bi,excel,critical thinking,data modeling,data visualization,business intelligence,sql,communication,tableau",BI Analyst
"dbt,etl,airflow,bigquery,snowflake,time management,python,data modeling,leadership,data warehouse",Analytics Engineer
"time management,excel,data visualization,reporting,statistics,power bi,dashboarding,tableau,python,pandas",Data Analyst
"numpy,scikit-learn,deep learning,model deployment,data visualization,feature engineering,pandas,machine learning,python,statistics",Data Scientist
"presentation,data modeling,snowflake,etl,bigquery,sql,data warehouse",Analytics Engineer
"communication,tableau,time management,excel,power bi,stakeholder management,teamwork,reporting,sql,requirements gathering,data visualization",Business Analyst
"kpi analysis,power bi,excel,reporting,presentation,dashboarding,tableau,critical thinking",BI Analyst
"python,deep learning,data visualization,numpy,communication,machine learning,scikit-learn,feature engineering,model deployment",Data Scientist
"stakeholder management,requirements gathering,excel,power bi,business analysis,teamwork,sql,tableau",Business Analyst
"leadership,python,numpy,communication,machine learning,feature engineering,statistics,data visualization",Data Scientist
"tableau,leadership,power bi,excel,business intelligence,dashboarding,kpi analysis,data modeling",BI Analyst
"aws,python,sql,airflow,data warehouse,hadoop,azure,spark",Data Engineer
"leadership,tableau,statistics,python,sql,reporting,power bi",Data Analyst
"statistics,communication,tableau,dashboarding,critical thinking,data visualization,reporting,power bi",Data Analyst
"reporting,stakeholder management,problem solving,sql,tableau,power bi,communication,data visualization,business analysis",Business Analyst
"sql,excel,data modeling,tableau,business intelligence,reporting,power bi,data visualization,time management",BI Analyst
"data modeling,teamwork,leadership,bigquery,python,dbt,sql,etl,data warehouse",Analytics Engineer
"excel,power bi,tableau,communication,business analysis,stakeholder management,reporting,sql,data visualization",Business Analyst
"machine learning,deep learning,data visualization,pandas,statistics,python,numpy,scikit-learn",Data Scientist
"python,snowflake,analytics engineering,sql,data modeling,teamwork,airflow,data warehouse",Analytics Engineer
"pandas,feature engineering,scikit-learn,model deployment,statistics,presentation,data visualization,numpy,teamwork",Data Scientist
"sql,problem solving,business intelligence,tableau,reporting,power bi,data visualization,dashboarding",BI Analyst
"leadership,business analysis,communication,critical thinking,stakeholder management,tableau,requirements gathering,data visualization,power bi",Business Analyst
"excel,data visualization,dashboarding,pandas,statistics,power bi,reporting,leadership,python,sql,tableau",Data Analyst
"data warehouse,sql,snowflake,python,analytics engineering,dbt,airflow,bigquery",Analytics Engineer
"communication,stakeholder management,sql,excel,data visualization,requirements gathering,power bi,reporting,business analysis",Business Analyst
"spark,critical thinking,etl,database design,python,hadoop,data warehouse",Data Engineer
"reporting,data visualization,statistics,power bi,communication,excel,python,tableau,sql",Data Analyst
"business intelligence,excel,problem solving,sql,data visualization,dashboarding,tableau,reporting,power bi,leadership,kpi analysis",BI Analyst
"pandas,numpy,machine learning,model deployment,python,data visualization,feature engineering",Data Scientist
"airflow,dbt,teamwork,snowflake,leadership,analytics engineering,bigquery,python,data modeling",Analytics Engineer
"dashboarding,reporting,python,data visualization,pandas,excel,sql,time management,tableau",Data Analyst
"pandas,statistics,python,numpy,machine learning,deep learning,scikit-learn,model deployment,data visualization,feature engineering",Data Scientist
"excel,stakeholder management,tableau,reporting,power bi,business analysis,sql,communication",Business Analyst
"etl,data warehouse,airflow,azure,database design,spark,problem solving",Data Engineer
"power bi,kpi analysis,reporting,dashboarding,business intelligence,excel,data modeling,teamwork",BI Analyst
"numpy,statistics,pandas,scikit-learn,teamwork,python,feature engineering,deep learning",Data Scientist
"azure,aws,sql,presentation,airflow,etl,database design,python,spark,hadoop,data warehouse",Data Engineer
"tableau,requirements gathering,business analysis,stakeholder management,sql,presentation,communication,excel,data visualization",Business Analyst
"time management,machine learning,numpy,problem solving,scikit-learn,deep learning,statistics,data visualization,python,pandas,feature engineering,model deployment",Data Scientist
"time management,data visualization,problem solving,reporting,tableau,power bi,excel,data modeling,dashboarding,kpi analysis,business intelligence",BI Analyst
"etl,data modeling,snowflake,python,critical thinking,airflow,sql,data warehouse,dbt,analytics engineering,bigquery",Analytics Engineer
"scikit-learn,machine learning,deep learning,statistics,python,model deployment",Data Scientist
"data warehouse,teamwork,python,dbt,analytics engineering,etl,critical thinking,bigquery",Analytics Engineer
"reporting,python,tableau,dashboarding,excel,pandas,power bi,sql,statistics,leadership,data visualization",Data Analyst
"data modeling,etl,bigquery,airflow,sql,snowflake,data warehouse,dbt,analytics engineering,critical thinking",Analytics Engineer
"etl,presentation,spark,data warehouse,database design,hadoop,airflow",Data Engineer
"spark,aws,database design,hadoop,azure,presentation,sql,etl,communication,data warehouse,airflow,python",Data Engineer
"numpy,machine learning,data visualization,presentation,pandas,statistics,deep learning,python,scikit-learn,model deployment",Data Scientist
"kpi analysis,reporting,business intelligence,sql,excel,dashboarding,power bi,data visualization,tableau",BI Analyst
"model deployment,machine learning,data visualization,feature engineering,numpy,critical thinking,statistics",Data Scientist
"statistics,tableau,python,pandas,sql,dashboarding,excel,teamwork,reporting,power bi",Data Analyst
"excel,sql,dashboarding,data modeling,data visualization,power bi,critical thinking,reporting,time management",BI Analyst
"python,scikit-learn,pandas,model deployment,data visualization,machine learning,deep learning,teamwork,time management,feature engineering",Data Scientist
"business intelligence,data modeling,tableau,sql,power bi,teamwork,dashboarding,time management,reporting,kpi analysis,data visualization",BI Analyst
"tableau,sql,kpi analysis,data visualization,power bi,critical thinking,excel,reporting,business intelligence,data modeling,dashboarding",BI Analyst
"etl,sql,bigquery,data modeling,critical thinking,airflow,communication,dbt,analytics engineering",Analytics Engineer
"data modeling,business intelligence,power bi,tableau,sql,data visualization,reporting,kpi analysis,critical thinking,dashboarding,excel",BI Analyst
"kpi analysis,reporting,dashboarding,power bi,sql,excel,tableau,data visualization,data modeling",BI Analyst
"communication,machine learning,deep learning,kubernetes,api development,python,docker,mlops,model deployment,pytorch",Machine Learning Engineer
"snowflake,bigquery,etl,airflow,sql,analytics engineering,dbt",Analytics Engineer
"data modeling,sql,tableau,reporting,power bi,problem solving,excel,business intelligence,critical thinking,dashboarding",BI Analyst
"teamwork,spark,etl,aws,airflow,azure,hadoop,python,database design,sql,data warehouse",Data Engineer
"data visualization,python,sql,reporting,dashboarding,excel,power bi,presentation",Data Analyst
"deep learning,critical thinking,docker,model deployment,tensorflow,python,api development,kubernetes",Machine Learning Engineer
"scikit-learn,statistics,deep learning,data visualization,communication,time management,pandas,numpy,python,model deployment,machine learning",Data Scientist
"deep learning,model deployment,tensorflow,kubernetes,api development,docker,pytorch,machine learning,python,communication,mlops,problem solving",Machine Learning Engineer
"hadoop,presentation,airflow,azure,database design,data warehouse,python,critical thinking,aws,etl",Data Engineer
"deep learning,python,tensorflow,docker,machine learning,communication,pytorch,model deployment",Machine Learning Engineer
"communication,business analysis,excel,data visualization,tableau,requirements gathering,sql,power bi",Business Analyst
"business intelligence,dashboarding,kpi analysis,reporting,power bi,excel,presentation,sql,data visualization,data modeling",BI Analyst
"sql,dbt,etl,airflow,bigquery,analytics engineering,python,snowflake,data modeling,teamwork,data warehouse",Analytics Engineer
"business intelligence,sql,dashboarding,reporting,data modeling,data visualization",BI Analyst
"python,tensorflow,machine learning,communication,pytorch,deep learning,leadership,mlops,kubernetes,docker",Machine Learning Engineer
"excel,tableau,power bi,problem solving,dashboarding,business intelligence,data modeling,sql",BI Analyst
"sql,critical thinking,data warehouse,aws,airflow,hadoop,communication,spark",Data Engineer
"data visualization,pandas,sql,critical thinking,dashboarding,statistics,python,power bi,tableau",Data Analyst
"model deployment,data visualization,python,feature engineering,statistics,teamwork,scikit-learn,deep learning,machine learning,pandas,numpy",Data Scientist
"spark,etl,database design,sql,problem solving,hadoop,aws,azure",Data Engineer
"data modeling,presentation,leadership,excel,tableau,business intelligence,power bi,data visualization,reporting,sql,dashboarding,kpi analysis",BI Analyst
"sql,kpi analysis,dashboarding,power bi,tableau,time management,business intelligence",BI Analyst
"python,deep learning,machine learning,leadership,mlops,docker,api development",Machine Learning Engineer
"python,pytorch,problem solving,machine learning,deep learning,api development,tensorflow",Machine Learning Engineer
"python,statistics,tableau,power bi,presentation,excel,reporting,dashboarding,pandas,sql",Data Analyst
"reporting,excel,dashboarding,python,pandas,power bi,tableau",Data Analyst
"teamwork,sql,snowflake,data warehouse,data modeling,python,etl,analytics engineering,dbt,airflow",Analytics Engineer
"statistics,data visualization,tableau,power bi,reporting,dashboarding,sql,python,pandas",Data Analyst
"tensorflow,mlops,deep learning,docker,teamwork,pytorch,presentation,model deployment,machine learning,api development,python",Machine Learning Engineer
"sql,bigquery,python,analytics engineering,data modeling,etl,snowflake,dbt,teamwork,airflow,leadership",Analytics Engineer
"time management,sql,requirements gathering,communication,data visualization,presentation,business analysis,stakeholder management,excel,power bi",Business Analyst
"etl,database design,spark,aws,data warehouse,hadoop,sql,azure,python",Data Engineer
"deep learning,kubernetes,machine learning,docker,mlops,problem solving,tensorflow",Machine Learning Engineer
"database design,azure,aws,data warehouse,python,hadoop,time management,leadership,sql",Data Engineer
"critical thinking,python,numpy,model deployment,machine learning,pandas,feature engineering",Data Scientist
"time management,excel,requirements gathering,critical thinking,communication,tableau,data visualization,power bi,stakeholder management",Business Analyst
"communication,stakeholder management,reporting,time management,sql,tableau,requirements gathering,communication,excel,data visualization,power bi",Business Analyst
"leadership,data modeling,presentation,analytics engineering,sql,snowflake,dbt,airflow,bigquery",Analytics Engineer
"presentation,sql,analytics engineering,data warehouse,bigquery,problem solving,data modeling,etl",Analytics Engineer
"analytics engineering,data warehouse,data modeling,etl,python,bigquery,snowflake,dbt,presentation,sql",Analytics Engineer
"numpy,statistics,scikit-learn,feature engineering,model deployment,data visualization,deep learning,time management,pandas,python,machine learning",Data Scientist
"dashboarding,python,sql,teamwork,tableau,pandas,statistics,power bi,reporting",Data Analyst
"tableau,python,power bi,reporting,excel,dashboarding",Data Analyst
"tableau,requirements gathering,sql,communication,reporting,problem solving,excel",Business Analyst
"sql,analytics engineering,data warehouse,bigquery,python,etl,snowflake,airflow,dbt,data modeling",Analytics Engineer
"python,azure,database design,etl,communication,data warehouse,sql,problem solving",Data Engineer
"leadership,data visualization,tableau,requirements gathering,problem solving,excel,communication,stakeholder management,reporting",Business Analyst
"airflow,hadoop,azure,etl,data warehouse,spark,sql,aws",Data Engineer
"reporting,excel,tableau,power bi,sql,requirements gathering,business analysis",Business Analyst
"data visualization,dashboarding,sql,kpi analysis,data modeling,power bi,business intelligence,excel,tableau,reporting",BI Analyst
"python,model deployment,api development,mlops,deep learning,docker,machine learning,kubernetes",Machine Learning Engineer
"business analysis,reporting,requirements gathering,presentation,excel,communication,data visualization,stakeholder management",Business Analyst
"api development,kubernetes,machine learning,python,docker,mlops,deep learning,tensorflow,model deployment,pytorch",Machine Learning Engineer
"business analysis,power bi,teamwork,excel,tableau,data visualization,requirements gathering,sql",Business Analyst
"model deployment,kubernetes,docker,machine learning,api development,tensorflow,mlops,deep learning,python",Machine Learning Engineer
"stakeholder management,requirements gathering,power bi,data visualization,tableau,business analysis,sql,communication,excel",Business Analyst
"machine learning,deep learning,statistics,feature engineering,pandas,numpy,model deployment,data visualization,scikit-learn,critical thinking,python",Data Scientist
"excel,kpi analysis,presentation,data modeling,business intelligence,dashboarding,communication,sql",BI Analyst
"python,excel,reporting,presentation,data visualization,sql,tableau,time management,power bi,pandas,dashboarding",Data Analyst
"reporting,communication,excel,requirements gathering,business analysis,sql,data visualization,stakeholder management",Business Analyst
"presentation,data modeling,analytics engineering,problem solving,airflow,sql,python,dbt,snowflake,etl",Analytics Engineer
"sql,business intelligence,power bi,kpi analysis,tableau,dashboarding,data modeling,excel",BI Analyst
"data modeling,kpi analysis,reporting,tableau,data visualization,excel,dashboarding,business intelligence",BI Analyst
"spark,time management,data warehouse,azure,database design,presentation,aws,etl,python",Data Engineer
"business analysis,power bi,requirements gathering,communication,data visualization,stakeholder management,reporting,excel,tableau,sql,communication",Business Analyst
"dashboarding,tableau,excel,power bi,data visualization,data modeling,presentation,kpi analysis,critical thinking",BI Analyst
"critical thinking,presentation,deep learning,machine learning,mlops,docker,model deployment,api development,pytorch",Machine Learning Engineer
"airflow,python,data modeling,presentation,teamwork,sql,etl,dbt",Analytics Engineer
"etl,data modeling,analytics engineering,sql,dbt,data warehouse,airflow,bigquery,python",Analytics Engineer
"pytorch,critical thinking,python,time management,model deployment,api development,deep learning,machine learning,mlops,tensorflow,kubernetes",Machine Learning Engineer
"aws,azure,python,data warehouse,etl,airflow,database design,sql,hadoop,critical thinking",Data Engineer
"power bi,business intelligence,presentation,problem solving,excel,reporting,data visualization,sql",BI Analyst
"statistics,data visualization,python,excel,sql,dashboarding",Data Analyst
"pandas,scikit-learn,problem solving,feature engineering,machine learning,statistics,numpy,python,time management,data visualization",Data Scientist
"data visualization,power bi,stakeholder management,excel,business analysis,reporting,communication,tableau",Business Analyst
"etl,python,spark,database design,sql,hadoop,azure,aws,airflow",Data Engineer
"model deployment,problem solving,machine learning,api development,tensorflow,pytorch,communication,docker",Machine Learning Engineer
"sql,teamwork,spark,airflow,python,azure,communication,hadoop,etl,aws,data warehouse",Data Engineer
"communication,business analysis,tableau,data visualization,critical thinking,requirements gathering,reporting,sql,excel,problem solving,stakeholder management,power bi",Business Analyst
"problem solving,statistics,pandas,python,excel,tableau,dashboarding",Data Analyst
"leadership,statistics,machine learning,pandas,data visualization,python,numpy,scikit-learn,model deployment,feature engineering",Data Scientist
"dbt,time management,analytics engineering,sql,snowflake,bigquery,etl,data warehouse",Analytics Engineer
"teamwork,scikit-learn,statistics,deep learning,time management,data visualization,python,numpy",Data Scientist
"sql,database design,communication,data warehouse,etl,azure,airflow,python,aws,hadoop,spark",Data Engineer
"communication,sql,business analysis,critical thinking,stakeholder management,power bi,excel,communication,tableau,reporting,data visualization",Business Analyst
"database design,aws,python,data warehouse,azure,sql,etl,spark,airflow,hadoop",Data Engineer
"etl,python,data warehouse,spark,critical thinking,hadoop,aws,database design,azure,airflow",Data Engineer
"machine learning,python,problem solving,kubernetes,deep learning,api development,model deployment,communication,tensorflow,pytorch",Machine Learning Engineer
"statistics,power bi,pandas,python,tableau,sql,teamwork,reporting",Data Analyst
"spark,python,azure,airflow,problem solving,aws,sql,database design,data warehouse,hadoop,etl",Data Engineer
"leadership,power bi,data visualization,excel,critical thinking,business analysis,requirements gathering,tableau,reporting,sql,communication,stakeholder management",Business Analyst
"dashboarding,python,power bi,statistics,data visualization,excel,sql",Data Analyst
"spark,time management,aws,data warehouse,hadoop,airflow,database design",Data Engineer
"machine learning,scikit-learn,presentation,numpy,deep learning,model deployment,python,feature engineering",Data Scientist
"reporting,stakeholder management,requirements gathering,tableau,data visualization,business analysis,leadership,excel,communication",Business Analyst
"analytics engineering,data modeling,sql,python,dbt,snowflake,teamwork",Analytics Engineer
"teamwork,critical thinking,mlops,pytorch,docker,api development,kubernetes,tensorflow,python,model deployment,machine learning,deep learning",Machine Learning Engineer
"docker,critical thinking,kubernetes,problem solving,tensorflow,api development,deep learning,machine learning,pytorch,model deployment",Machine Learning Engineer
"requirements gathering,communication,teamwork,reporting,excel,power bi,communication,tableau,sql,business analysis",Business Analyst
"feature engineering,python,time management,machine learning,numpy,deep learning,data visualization,pandas",Data Scientist
"bigquery,dbt,airflow,python,etl,time management,sql",Analytics Engineer
"communication,excel,reporting,communication,teamwork,power bi,stakeholder management,sql,requirements gathering,tableau,data visualization",Business Analyst
"api development,machine learning,kubernetes,pytorch,deep learning,mlops",Machine Learning Engineer
"azure,python,data warehouse,airflow,etl,sql,aws,hadoop",Data Engineer
"data modeling,leadership,business intelligence,reporting,kpi analysis,excel,data visualization,power bi,dashboarding,critical thinking",BI Analyst
"spark,aws,sql,azure,data warehouse,python,airflow,database design,etl",Data Engineer
"python,time management,pytorch,kubernetes,deep learning,leadership,model deployment,docker,mlops",Machine Learning Engineer
"model deployment,pandas,data visualization,feature engineering,communication,statistics,deep learning,teamwork,numpy,scikit-learn,python,machine learning",Data Scientist
"dashboarding,sql,tableau,communication,python,statistics,pandas,reporting",Data Analyst
"excel,stakeholder management,reporting,power bi,tableau,sql",Business Analyst
"data visualization,power bi,excel,stakeholder management,reporting,sql,business analysis,communication,requirements gathering,presentation,tableau",Business Analyst
"data visualization,statistics,model deployment,pandas,scikit-learn,python",Data Scientist
"azure,aws,database design,airflow,spark,etl,data warehouse,sql,hadoop",Data Engineer
"machine learning,teamwork,scikit-learn,deep learning,statistics,model deployment,feature engineering,pandas,python,numpy",Data Scientist
"reporting,data modeling,dashboarding,tableau,sql,excel,business intelligence",BI Analyst
"data visualization,tableau,business analysis,excel,sql,communication,power bi,reporting,requirements gathering",Business Analyst
"power bi,tableau,pandas,critical thinking,statistics,data visualization,sql,dashboarding,excel,reporting,python,communication",Data Analyst
"dashboarding,presentation,statistics,pandas,python,excel,tableau,power bi",Data Analyst
"numpy,machine learning,python,model deployment,scikit-learn,statistics,pandas,feature engineering,deep learning,problem solving",Data Scientist
"communication,excel,power bi,business analysis,tableau,reporting,requirements gathering",Business Analyst
"deep learning,mlops,python,pytorch,model deployment,docker,machine learning,api development",Machine Learning Engineer
"mlops,kubernetes,critical thinking,tensorflow,docker,machine learning,model deployment,api development,deep learning,pytorch,python,leadership",Machine Learning Engineer
"critical thinking,mlops,docker,api development,machine learning,tensorflow,communication,deep learning,pytorch",Machine Learning Engineer
"airflow,database design,spark,problem solving,hadoop,azure,etl,aws,data warehouse",Data Engineer
"mlops,deep learning,model deployment,python,machine learning,kubernetes,critical thinking,tensorflow,pytorch",Machine Learning Engineer
"business intelligence,kpi analysis,tableau,communication,sql,dashboarding,power bi,data modeling,presentation,reporting,excel",BI Analyst
"reporting,sql,excel,power bi,pandas,statistics,data visualization,teamwork,tableau,dashboarding",Data Analyst
"teamwork,etl,presentation,sql,bigquery,airflow,python,data warehouse,snowflake,data modeling",Analytics Engineer
"model deployment,kubernetes,api development,tensorflow,docker,mlops",Machine Learning Engineer
"dbt,etl,airflow,sql,data warehouse,leadership,bigquery",Analytics Engineer
"time management,deep learning,data visualization,feature engineering,model deployment,pandas,machine learning,numpy,scikit-learn,problem solving",Data Scientist
"data warehouse,bigquery,airflow,data modeling,sql,snowflake,analytics engineering",Analytics Engineer
"hadoop,teamwork,etl,presentation,spark,aws,python,data warehouse,database design,sql",Data Engineer
"data warehouse,analytics engineering,bigquery,python,sql,dbt,data modeling,snowflake,etl,airflow",Analytics Engineer
"requirements gathering,reporting,tableau,data visualization,sql,stakeholder management,communication,business analysis,excel",Business Analyst
"tensorflow,docker,problem solving,model deployment,machine learning,kubernetes,teamwork,python",Machine Learning Engineer
"model deployment,machine learning,pytorch,tensorflow,communication,python,deep learning,kubernetes",Machine Learning Engineer
"numpy,scikit-learn,machine learning,statistics,model deployment,deep learning,feature engineering,python,pandas,data visualization",Data Scientist
"pytorch,kubernetes,python,deep learning,tensorflow,api development,machine learning",Machine Learning Engineer
"python,etl,spark,sql,aws,azure,data warehouse,database design",Data Engineer
"excel,business intelligence,sql,kpi analysis,presentation,data visualization,power bi,critical thinking,data modeling,dashboarding",BI Analyst
"data warehouse,sql,aws,python,problem solving,database design,airflow,spark,leadership,azure,etl,hadoop",Data Engineer
"communication,data warehouse,sql,airflow,etl,database design,azure",Data Engineer
"python,pandas,machine learning,numpy,statistics,deep learning,scikit-learn,feature engineering,model deployment,data visualization",Data Scientist
"data warehouse,analytics engineering,bigquery,snowflake,dbt,data modeling",Analytics Engineer
"data visualization,excel,stakeholder management,sql,reporting,requirements gathering,power bi,business analysis,tableau,communication",Business Analyst
"data modeling,excel,business intelligence,leadership,dashboarding,kpi analysis,tableau,data visualization,power bi",BI Analyst
"python,data modeling,snowflake,dbt,bigquery,airflow,communication,sql,analytics engineering,etl,leadership,data warehouse",Analytics Engineer
"numpy,statistics,python,pandas,model deployment,feature engineering,machine learning,data visualization,presentation",Data Scientist
"leadership,data visualization,dashboarding,statistics,reporting,communication,tableau,power bi,sql,python,pandas,excel",Data Analyst
"data warehouse,snowflake,airflow,dbt,time management,critical thinking,data modeling,analytics engineering",Analytics Engineer
"presentation,numpy,feature engineering,statistics,machine learning,deep learning,python,pandas,model deployment",Data Scientist
"statistics,excel,reporting,presentation,python,data visualization,sql",Data Analyst
"data visualization,tableau,reporting,sql,statistics,dashboarding,python,pandas,communication,excel",Data Analyst
"analytics engineering,data warehouse,bigquery,data modeling,snowflake,etl,sql,presentation",Analytics Engineer
"data visualization,teamwork,power bi,tableau,sql,pandas,python,excel,reporting,dashboarding",Data Analyst
"communication,business analysis,sql,tableau,leadership,excel,stakeholder management,reporting",Business Analyst
"data visualization,problem solving,stakeholder management,tableau,requirements gathering,reporting,business analysis,communication,sql",Business Analyst
"etl,azure,sql,spark,hadoop,airflow,aws",Data Engineer
"sql,business analysis,communication,excel,stakeholder management,reporting,data visualization,power bi,problem solving,requirements gathering,tableau",Business Analyst
"problem solving,sql,communication,data visualization,tableau,reporting,business intelligence,dashboarding,excel,power bi,data modeling,kpi analysis",BI Analyst
"pandas,power bi,statistics,tableau,dashboarding,python,sql,reporting,excel",Data Analyst
"leadership,communication,requirements gathering,reporting,excel,sql,business analysis,problem solving,tableau,stakeholder management,data visualization,power bi",Business Analyst
"tableau,power bi,reporting,critical thinking,data visualization,statistics,excel,python,sql,teamwork,pandas",Data Analyst
"python,etl,dbt,data warehouse,airflow,snowflake,sql,data modeling,bigquery,analytics engineering",Analytics Engineer
"pytorch,mlops,kubernetes,tensorflow,presentation,docker,deep learning",Machine Learning Engineer
"tableau,data visualization,statistics,sql,pandas,reporting,excel,python,power bi,critical thinking",Data Analyst
"statistics,python,feature engineering,pandas,data visualization,scikit-learn,deep learning",Data Scientist
"communication,snowflake,sql,analytics engineering,etl,dbt,python,airflow",Analytics Engineer
"pandas,dashboarding,data visualization,time management,tableau,reporting,excel,power bi",Data Analyst
"etl,snowflake,critical thinking,time management,dbt,bigquery,data warehouse,data modeling",Analytics Engineer
"data visualization,statistics,tableau,communication,sql,excel,power bi,dashboarding,critical thinking",Data Analyst
"data visualization,sql,communication,stakeholder management,teamwork,requirements gathering,excel,business analysis,critical thinking,tableau",Business Analyst
"data modeling,etl,presentation,dbt,python,snowflake,analytics engineering,sql",Analytics Engineer
"python,etl,problem solving,data modeling,analytics engineering,data warehouse,airflow,bigquery,snowflake,presentation,sql,dbt",Analytics Engineer
"feature engineering,pandas,deep learning,data visualization,numpy,machine learning,model deployment,statistics",Data Scientist
"machine learning,deep learning,pytorch,kubernetes,model deployment,docker,mlops,python,api development,tensorflow",Machine Learning Engineer
"power bi,critical thinking,excel,kpi analysis,tableau,business intelligence,data modeling,presentation,data visualization",BI Analyst
"analytics engineering,etl,python,critical thinking,data warehouse,sql,leadership,bigquery,data modeling",Analytics Engineer
"model deployment,deep learning,tensorflow,docker,teamwork,time management,pytorch,api development,kubernetes",Machine Learning Engineer
"reporting,kpi analysis,tableau,sql,dashboarding,excel,data modeling",BI Analyst
"communication,sql,reporting,statistics,data visualization,excel,pandas,tableau",Data Analyst
"machine learning,statistics,scikit-learn,python,model deployment,numpy,feature engineering,teamwork,time management,pandas",Data Scientist
"model deployment,statistics,leadership,python,pandas,numpy,machine learning,presentation,data visualization",Data Scientist
"data visualization,statistics,sql,pandas,excel,power bi,reporting,dashboarding,tableau,python",Data Analyst
"azure,data warehouse,airflow,aws,python,database design,hadoop,spark",Data Engineer
"sql,azure,aws,data warehouse,python,spark,hadoop,etl",Data Engineer
"data warehouse,dbt,analytics engineering,critical thinking,bigquery,presentation,airflow,etl,snowflake,sql",Analytics Engineer
"tableau,data visualization,excel,statistics,sql,dashboarding,critical thinking",Data Analyst
"python,data modeling,etl,data warehouse,snowflake,dbt,sql,airflow,analytics engineering,bigquery",Analytics Engineer
"communication,critical thinking,power bi,business analysis,reporting,communication,data visualization,stakeholder management,excel",Business Analyst
"kpi analysis,data modeling,teamwork,tableau,business intelligence,dashboarding,data visualization,reporting,communication,sql,power bi,excel",BI Analyst
"dashboarding,pandas,statistics,data visualization,tableau,python,excel,reporting,power bi,sql",Data Analyst
"pandas,statistics,data visualization,time management,python,excel,leadership,dashboarding",Data Analyst
"data warehouse,python,sql,airflow,spark,etl,hadoop",Data Engineer
"sql,dashboarding,data modeling,business intelligence,time management,excel,tableau,reporting,kpi analysis,power bi,data visualization,communication",BI Analyst
"azure,sql,python,airflow,presentation,data warehouse,etl,hadoop",Data Engineer
"hadoop,aws,sql,database design,critical thinking,airflow,data warehouse,etl,python,spark,azure",Data Engineer
"sql,problem solving,dashboarding,excel,power bi,reporting,teamwork,tableau,business intelligence,kpi analysis,data visualization,data modeling",BI Analyst
"machine learning,critical thinking,communication,statistics,python,numpy,pandas,model deployment,scikit-learn",Data Scientist
"leadership,hadoop,azure,sql,etl,data warehouse,spark,aws,database design",Data Engineer
"python,excel,statistics,data visualization,leadership,power bi,critical thinking,reporting,sql,pandas",Data Analyst
"statistics,presentation,deep learning,model deployment,python,numpy,pandas,feature engineering,teamwork",Data Scientist
"communication,data visualization,tableau,stakeholder management,teamwork,business analysis,communication,requirements gathering,reporting,power bi",Business Analyst
"communication,requirements gathering,reporting,excel,data visualization,sql,power bi,tableau,stakeholder management",Business Analyst
"data visualization,numpy,machine learning,pandas,teamwork,python,feature engineering,deep learning,model deployment,scikit-learn",Data Scientist
"pandas,python,scikit-learn,machine learning,statistics,numpy,deep learning,data visualization",Data Scientist
"kubernetes,tensorflow,deep learning,api development,python,pytorch,docker,machine learning",Machine Learning Engineer
"dashboarding,data visualization,statistics,python,tableau,power bi,pandas,excel,sql",Data Analyst
"python,numpy,statistics,model deployment,deep learning,pandas,feature engineering,machine learning,leadership,scikit-learn,data visualization",Data Scientist
"python,statistics,dashboarding,pandas,reporting,sql,tableau,power bi",Data Analyst
"power bi,statistics,python,pandas,sql,tableau,dashboarding,problem solving,data visualization",Data Analyst
"sql,dashboarding,business intelligence,tableau,data visualization,power bi,kpi analysis,excel,problem solving,data modeling",BI Analyst
"leadership,tensorflow,model deployment,python,teamwork,mlops,api development,machine learning,kubernetes,deep learning,pytorch",Machine Learning Engineer
"analytics engineering,sql,etl,data modeling,data warehouse,snowflake,python,dbt,airflow,bigquery",Analytics Engineer
"machine learning,deep learning,model deployment,data visualization,feature engineering,scikit-learn,python,numpy,pandas",Data Scientist
"airflow,database design,sql,python,etl,hadoop,leadership,data warehouse",Data Engineer
"airflow,data modeling,snowflake,dbt,sql,bigquery,leadership,python,data warehouse,analytics engineering",Analytics Engineer
"dbt,etl,snowflake,python,data warehouse,data modeling,airflow,leadership,sql",Analytics Engineer
"tensorflow,pytorch,deep learning,docker,mlops,api development",Machine Learning Engineer
"airflow,sql,python,data warehouse,etl,analytics engineering,data modeling",Analytics Engineer
"presentation,reporting,data visualization,excel,kpi analysis,dashboarding,power bi,tableau,sql",BI Analyst
"etl,python,sql,aws,hadoop,data warehouse",Data Engineer
"sql,airflow,spark,hadoop,python,communication,azure,database design",Data Engineer
"reporting,power bi,tableau,excel,stakeholder management,communication,critical thinking,time management,requirements gathering,sql,business analysis,data visualization",Business Analyst
"python,machine learning,model deployment,deep learning,docker,api development,kubernetes,tensorflow",Machine Learning Engineer
"leadership,pytorch,machine learning,model deployment,deep learning,mlops,kubernetes,api development,presentation",Machine Learning Engineer
"dbt,airflow,data modeling,communication,sql,python,presentation,data warehouse,snowflake,bigquery",Analytics Engineer
"excel,python,reporting,problem solving,data visualization,tableau,dashboarding,power bi,pandas",Data Analyst
"presentation,statistics,excel,data visualization,sql,power bi,pandas,dashboarding",Data Analyst
"python,azure,etl,critical thinking,sql,communication,spark,airflow,aws,hadoop,data warehouse",Data Engineer
"reporting,power bi,data visualization,kpi analysis,tableau,data modeling",BI Analyst
"data modeling,analytics engineering,etl,sql,snowflake,dbt,leadership,python,airflow,bigquery,data warehouse",Analytics Engineer
"requirements gathering,power bi,tableau,reporting,stakeholder management,excel,business analysis,communication,data visualization,sql",Business Analyst
"bigquery,airflow,etl,problem solving,critical thinking,sql,data modeling,analytics engineering,snowflake,data warehouse",Analytics Engineer
"stakeholder management,tableau,business analysis,reporting,communication,data visualization,sql,power bi",Business Analyst
"power bi,tableau,data visualization,python,statistics,excel,dashboarding,pandas,reporting,time management",Data Analyst
"data modeling,dashboarding,sql,kpi analysis,power bi,reporting,leadership,critical thinking,data visualization,business intelligence,tableau,excel",BI Analyst
"presentation,statistics,dashboarding,reporting,data visualization,sql,excel",Data Analyst
"excel,data visualization,sql,power bi,pandas,tableau,statistics,dashboarding",Data Analyst
"sql,tableau,data visualization,stakeholder management,communication,reporting,time management,critical thinking,power bi,excel",Business Analyst
"data modeling,snowflake,etl,python,dbt,bigquery",Analytics Engineer
"data visualization,dashboarding,problem solving,critical thinking,data modeling,kpi analysis,excel,reporting,tableau",BI Analyst
"business analysis,requirements gathering,reporting,data visualization,sql,power bi,communication,stakeholder management,tableau,excel",Business Analyst
"kpi analysis,reporting,business intelligence,data visualization,power bi,tableau,data modeling",BI Analyst
"airflow,communication,data warehouse,snowflake,etl,bigquery,sql,data modeling,analytics engineering,python,dbt",Analytics Engineer
"power bi,sql,excel,tableau,data visualization,communication,requirements gathering,problem solving,stakeholder management,reporting,business analysis,leadership",Business Analyst
"reporting,leadership,excel,data modeling,tableau,critical thinking,data visualization,sql,power bi,dashboarding,business intelligence,kpi analysis",BI Analyst
"tableau,reporting,business intelligence,kpi analysis,power bi,sql,data visualization,dashboarding,excel",BI Analyst
"data warehouse,etl,python,dbt,data modeling,bigquery,sql",Analytics Engineer
"spark,airflow,python,data warehouse,hadoop,etl,azure,sql",Data Engineer
"requirements gathering,communication,data visualization,tableau,reporting,power bi,business analysis",Business Analyst
"kubernetes,leadership,model deployment,machine learning,teamwork,pytorch,tensorflow,deep learning,docker",Machine Learning Engineer
"data modeling,business intelligence,kpi analysis,data visualization,reporting,tableau,problem solving,sql,dashboarding,power bi",BI Analyst
"sql,data visualization,dashboarding,reporting,tableau,statistics,pandas,power bi,python,excel",Data Analyst
"teamwork,stakeholder management,business analysis,requirements gathering,tableau,communication,power bi,reporting,data visualization,excel,critical thinking",Business Analyst
"power bi,kpi analysis,excel,data visualization,reporting,problem solving,leadership,dashboarding,business intelligence,tableau,sql,data modeling",BI Analyst
"pytorch,model deployment,tensorflow,python,api development,mlops,kubernetes,docker,machine learning,deep learning",Machine Learning Engineer
"kpi analysis,sql,data visualization,data modeling,dashboarding,reporting,power bi",BI Analyst
"business intelligence,tableau,power bi,presentation,kpi analysis,reporting,dashboarding",BI Analyst
"sql,business analysis,leadership,tableau,reporting,power bi,excel,presentation,communication,requirements gathering,stakeholder management",Business Analyst
"business analysis,tableau,requirements gathering,excel,power bi,stakeholder management,data visualization,sql,reporting",Business Analyst
"power bi,pandas,dashboarding,data visualization,sql,excel,python,reporting,tableau,statistics",Data Analyst
"scikit-learn,feature engineering,numpy,statistics,model deployment,data visualization,python,critical thinking,pandas,machine learning,deep learning",Data Scientist
"power bi,business intelligence,presentation,kpi analysis,data modeling,data visualization,tableau,teamwork,sql,reporting",BI Analyst
"pandas,power bi,sql,python,tableau,excel,dashboarding,statistics",Data Analyst
"presentation,etl,aws,azure,hadoop,python,airflow,database design,problem solving",Data Engineer
"dashboarding,tableau,business intelligence,kpi analysis,reporting,communication,power bi,excel,sql",BI Analyst
"etl,dbt,analytics engineering,sql,data modeling,python,airflow,snowflake",Analytics Engineer
"stakeholder management,power bi,leadership,excel,data visualization,tableau,communication,business analysis,reporting",Business Analyst
"data visualization,reporting,stakeholder management,sql,requirements gathering,excel,business analysis,communication,problem solving,power bi",Business Analyst
"business analysis,stakeholder management,sql,communication,critical thinking,requirements gathering,power bi,tableau,reporting",Business Analyst
"critical thinking,python,reporting,data visualization,power bi,dashboarding,excel,statistics,sql,time management,pandas",Data Analyst
"excel,pandas,data visualization,power bi,reporting,leadership,tableau,python,sql,statistics,problem solving",Data Analyst
"sql,leadership,reporting,data visualization,tableau,communication,requirements gathering,business analysis,excel,stakeholder management",Business Analyst
"sql,data visualization,excel,tableau,stakeholder management,teamwork,problem solving,reporting,power bi,communication,requirements gathering",Business Analyst
"deep learning,data visualization,numpy,model deployment,machine learning,scikit-learn,pandas",Data Scientist
"hadoop,leadership,data warehouse,python,sql,airflow,etl,database design,azure,spark",Data Engineer
"pytorch,api development,tensorflow,machine learning,deep learning,mlops,docker,python,kubernetes,model deployment",Machine Learning Engineer
"excel,sql,communication,data visualization,requirements gathering,power bi,stakeholder management,tableau,business analysis,reporting",Business Analyst
"python,api development,kubernetes,tensorflow,critical thinking,machine learning,docker,model deployment,deep learning",Machine Learning Engineer
"model deployment,data visualization,scikit-learn,presentation,statistics,pandas,numpy",Data Scientist
"model deployment,docker,pytorch,time management,machine learning,tensorflow,api development,kubernetes,deep learning,python,mlops",Machine Learning Engineer
"reporting,data visualization,pandas,dashboarding,excel,sql,power bi,tableau",Data Analyst
"excel,reporting,communication,tableau,power bi,requirements gathering,data visualization,sql,stakeholder management",Business Analyst
"dbt,teamwork,snowflake,airflow,etl,sql,data modeling,data warehouse,python",Analytics Engineer
"deep learning,python,model deployment,critical thinking,scikit-learn,data visualization,numpy,feature engineering,machine learning,presentation",Data Scientist
"pandas,leadership,statistics,sql,data visualization,reporting,excel,tableau",Data Analyst
"python,presentation,data visualization,feature engineering,machine learning,deep learning,statistics,scikit-learn",Data Scientist
"business intelligence,time management,reporting,data visualization,kpi analysis,dashboarding,tableau,data modeling,power bi,sql,presentation",BI Analyst
"etl,analytics engineering,python,snowflake,presentation,dbt,airflow,bigquery",Analytics Engineer
"stakeholder management,power bi,reporting,leadership,excel,sql,communication,data visualization,time management,business analysis",Business Analyst
"machine learning,time management,kubernetes,python,deep learning,docker,pytorch,model deployment",Machine Learning Engineer
"feature engineering,python,scikit-learn,leadership,data visualization,model deployment,machine learning,statistics,deep learning",Data Scientist
"airflow,sql,spark,azure,aws,communication,etl,hadoop,python,database design,problem solving",Data Engineer
"api development,problem solving,kubernetes,tensorflow,python,deep learning,machine learning,communication",Machine Learning Engineer
"data modeling,dbt,etl,sql,communication,data warehouse,analytics engineering,snowflake,python,airflow",Analytics Engineer
"sql,excel,power bi,reporting,business intelligence,data modeling,data visualization,kpi analysis,tableau",BI Analyst
"spark,hadoop,database design,azure,airflow,sql,aws,time management,python,etl",Data Engineer
"requirements gathering,power bi,data visualization,stakeholder management,communication,problem solving,excel,tableau,reporting,sql,communication",Business Analyst
"reporting,power bi,stakeholder management,data visualization,sql,business analysis,requirements gathering,tableau",Business Analyst
"tableau,data modeling,sql,excel,business intelligence,data visualization,dashboarding,reporting,power bi",BI Analyst
"communication,leadership,communication,power bi,requirements gathering,stakeholder management,business analysis,excel,reporting,sql",Business Analyst
"data modeling,critical thinking,power bi,tableau,excel,sql,data visualization,business intelligence,kpi analysis",BI Analyst
"critical thinking,statistics,teamwork,dashboarding,tableau,pandas,python,reporting",Data Analyst
"power bi,requirements gathering,tableau,time management,business analysis,data visualization,stakeholder management,excel,sql,reporting,communication",Business Analyst
"airflow,data warehouse,hadoop,etl,sql,spark",Data Engineer
"reporting,power bi,data modeling,dashboarding,presentation,excel,kpi analysis,business intelligence,sql",BI Analyst
"teamwork,hadoop,airflow,etl,data warehouse,database design,azure,aws",Data Engineer
"python,data visualization,excel,tableau,pandas,sql,statistics,power bi,dashboarding,problem solving,reporting,communication",Data Analyst
"data visualization,pandas,python,statistics,feature engineering,machine learning,numpy,model deployment",Data Scientist
"numpy,pandas,feature engineering,problem solving,machine learning,data visualization,model deployment,deep learning,scikit-learn,statistics,python",Data Scientist
"python,analytics engineering,etl,airflow,teamwork,data modeling,snowflake,sql,dbt",Analytics Engineer
"excel,communication,stakeholder management,tableau,sql,reporting,power bi,communication,leadership,data visualization",Business Analyst
"deep learning,scikit-learn,data visualization,critical thinking,python,numpy,model deployment",Data Scientist
"spark,python,airflow,azure,hadoop,data warehouse,aws",Data Engineer
"aws,airflow,etl,spark,python,sql,hadoop,database design",Data Engineer
"excel,sql,communication,reporting,requirements gathering,stakeholder management,data visualization,tableau,business analysis",Business Analyst
"dashboarding,power bi,kpi analysis,reporting,data modeling,business intelligence",BI Analyst
"data warehouse,sql,problem solving,analytics engineering,snowflake,bigquery,airflow,python,etl,data modeling",Analytics Engineer
"data visualization,pandas,scikit-learn,python,feature engineering,statistics,communication",Data Scientist
"data modeling,reporting,data visualization,kpi analysis,power bi,business intelligence,critical thinking,excel,tableau,dashboarding",BI Analyst
"sql,hadoop,etl,aws,python,airflow,azure,spark,data warehouse",Data Engineer
"time management,data modeling,analytics engineering,python,sql,dbt,airflow,bigquery,etl",Analytics Engineer
"data modeling,python,analytics engineering,dbt,etl,data warehouse,airflow",Analytics Engineer
"power bi,reporting,excel,kpi analysis,sql,dashboarding,data modeling,tableau",BI Analyst
"python,airflow,snowflake,data modeling,etl,sql,bigquery,leadership,data warehouse",Analytics Engineer
"data visualization,excel,presentation,business intelligence,sql,kpi analysis,reporting,tableau,dashboarding",BI Analyst
"pandas,presentation,problem solving,machine learning,scikit-learn,deep learning,statistics,python",Data Scientist
"data modeling,sql,analytics engineering,airflow,bigquery,data warehouse,etl,python,dbt",Analytics Engineer
"machine learning,python,data visualization,deep learning,model deployment,feature engineering,scikit-learn,pandas",Data Scientist
"deep learning,tensorflow,api development,pytorch,mlops,python,kubernetes,docker",Machine Learning Engineer
"power bi,business analysis,data visualization,reporting,communication,excel,leadership,tableau,stakeholder management,sql",Business Analyst
"numpy,machine learning,pandas,time management,statistics,python,model deployment,data visualization,deep learning,scikit-learn",Data Scientist
"statistics,data visualization,python,presentation,tableau,pandas,dashboarding,power bi,sql",Data Analyst
"airflow,data warehouse,database design,problem solving,sql,etl,spark",Data Engineer
"kpi analysis,communication,excel,data modeling,data visualization,power bi,tableau,reporting",BI Analyst
"numpy,deep learning,data visualization,scikit-learn,feature engineering,model deployment,python,statistics,problem solving",Data Scientist
"leadership,dbt,snowflake,bigquery,data warehouse,data modeling,sql,analytics engineering,python,airflow",Analytics Engineer
"etl,presentation,data warehouse,bigquery,data modeling,snowflake,python,dbt,analytics engineering,sql,airflow,problem solving",Analytics Engineer
"feature engineering,model deployment,critical thinking,numpy,machine learning,pandas,python,communication,data visualization",Data Scientist
"pandas,sql,tableau,data visualization,statistics,dashboarding,power bi,problem solving,reporting,excel,python",Data Analyst
"data visualization,power bi,excel,stakeholder management,requirements gathering,communication,sql,tableau,reporting,business analysis",Business Analyst
"tableau,problem solving,communication,data visualization,excel,power bi,reporting,presentation,sql,stakeholder management,requirements gathering",Business Analyst
"machine learning,model deployment,data visualization,statistics,teamwork,scikit-learn,pandas,numpy,deep learning,presentation",Data Scientist
"data visualization,python,numpy,communication,machine learning,pandas,feature engineering,presentation",Data Scientist
"pandas,statistics,model deployment,machine learning,numpy,feature engineering,scikit-learn,deep learning,python,problem solving,data visualization",Data Scientist
"pandas,statistics,data visualization,sql,excel,tableau,reporting,dashboarding,power bi,time management,python",Data Analyst
"data visualization,excel,dashboarding,reporting,tableau,power bi,sql,pandas,python,time management",Data Analyst
"deep learning,communication,pytorch,critical thinking,kubernetes,tensorflow,mlops,model deployment",Machine Learning Engineer
"statistics,python,time management,problem solving,data visualization,dashboarding,pandas,tableau,reporting,excel,sql",Data Analyst
"airflow,hadoop,python,database design,sql,spark",Data Engineer
"airflow,data warehouse,spark,etl,sql,aws,database design",Data Engineer
"business intelligence,data modeling,presentation,sql,tableau,power bi,dashboarding,problem solving,reporting,data visualization",BI Analyst
"etl,leadership,spark,hadoop,python,problem solving,airflow,database design",Data Engineer
"data visualization,teamwork,python,pandas,tableau,statistics,excel,sql,power bi,reporting",Data Analyst
"docker,pytorch,python,machine learning,deep learning,time management,kubernetes,api development,tensorflow,leadership",Machine Learning Engineer
"sql,data modeling,etl,airflow,python,data warehouse",Analytics Engineer
"data visualization,tableau,presentation,power bi,reporting,excel,stakeholder management,business analysis,communication,requirements gathering",Business Analyst
"kubernetes,deep learning,tensorflow,api development,pytorch,time management,mlops,machine learning",Machine Learning Engineer
"reporting,dashboarding,statistics,data visualization,tableau,sql",Data Analyst
"critical thinking,scikit-learn,model deployment,pandas,statistics,communication,machine learning,numpy,deep learning,data visualization,python",Data Scientist
"python,airflow,spark,data warehouse,aws,hadoop,presentation",Data Engineer
"data warehouse,dbt,analytics engineering,problem solving,etl,data modeling,airflow,sql,bigquery",Analytics Engineer
"teamwork,requirements gathering,data visualization,tableau,excel,communication,business analysis,reporting,sql,stakeholder management,power bi",Business Analyst
"critical thinking,problem solving,data visualization,requirements gathering,excel,sql,communication,reporting,power bi,stakeholder management",Business Analyst
"power bi,requirements gathering,reporting,stakeholder management,tableau,business analysis,teamwork,data visualization,sql,excel",Business Analyst
"dashboarding,kpi analysis,data modeling,excel,data visualization,business intelligence,reporting,critical thinking,sql,tableau",BI Analyst
"data warehouse,sql,airflow,critical thinking,database design,azure,python,etl,spark",Data Engineer
"machine learning,feature engineering,deep learning,scikit-learn,python,statistics,model deployment,pandas,numpy,data visualization",Data Scientist
"deep learning,statistics,numpy,feature engineering,python,machine learning,data visualization,scikit-learn,pandas,time management,model deployment",Data Scientist
"excel,reporting,data visualization,power bi,pandas,python",Data Analyst
"docker,teamwork,python,mlops,pytorch,model deployment,deep learning,kubernetes,tensorflow,api development",Machine Learning Engineer
"bigquery,python,airflow,sql,critical thinking,data warehouse,snowflake,dbt,data modeling",Analytics Engineer
"etl,analytics engineering,sql,airflow,data warehouse,dbt",Analytics Engineer
"tensorflow,python,presentation,model deployment,deep learning,docker,kubernetes,api development,pytorch",Machine Learning Engineer
"excel,reporting,sql,requirements gathering,stakeholder management,communication,power bi,tableau,time management",Business Analyst
"data warehouse,dbt,bigquery,sql,snowflake,analytics engineering,python,problem solving",Analytics Engineer
"model deployment,problem solving,numpy,scikit-learn,statistics,machine learning,data visualization",Data Scientist
"power bi,dashboarding,business intelligence,data visualization,data modeling,tableau,excel,critical thinking,kpi analysis",BI Analyst
"azure,hadoop,aws,sql,database design,spark,etl,python,critical thinking,data warehouse,airflow",Data Engineer
"data visualization,scikit-learn,statistics,python,teamwork,machine learning,pandas,time management,deep learning,feature engineering,numpy",Data Scientist
"airflow,etl,data warehouse,bigquery,analytics engineering,dbt,sql,python,snowflake,data modeling,problem solving",Analytics Engineer
"reporting,power bi,sql,python,problem solving,pandas,critical thinking,excel,dashboarding,statistics",Data Analyst
"airflow,snowflake,analytics engineering,bigquery,data warehouse,data modeling,python,etl,dbt,sql",Analytics Engineer
"sql,dashboarding,data visualization,excel,python,power bi,statistics,presentation,tableau,reporting,pandas",Data Analyst
"data visualization,business analysis,excel,reporting,requirements gathering,communication,sql,stakeholder management,power bi",Business Analyst
"deep learning,pandas,model deployment,machine learning,scikit-learn,data visualization,numpy,communication,statistics,python",Data Scientist
"scikit-learn,machine learning,python,deep learning,leadership,numpy,data visualization,statistics,model deployment,feature engineering",Data Scientist
"reporting,communication,excel,business analysis,sql,tableau,data visualization,stakeholder management,requirements gathering",Business Analyst
"deep learning,model deployment,scikit-learn,python,data visualization,numpy",Data Scientist
"dbt,python,data warehouse,bigquery,problem solving,presentation,analytics engineering,etl,data modeling,snowflake,airflow,sql",Analytics Engineer
"teamwork,excel,data visualization,requirements gathering,power bi,communication,business analysis,stakeholder management",Business Analyst
"pandas,sql,power bi,data visualization,python,excel,dashboarding,tableau,reporting,statistics,leadership",Data Analyst
"spark,database design,sql,airflow,aws,etl,python",Data Engineer
"mlops,pytorch,api development,deep learning,machine learning,kubernetes,model deployment",Machine Learning Engineer
"data warehouse,azure,spark,database design,airflow,hadoop,python,leadership",Data Engineer
"reporting,leadership,tableau,sql,statistics,dashboarding,presentation,power bi",Data Analyst
"sql,python,excel,power bi,statistics,pandas",Data Analyst
"power bi,data visualization,business intelligence,data modeling,dashboarding,excel,problem solving,reporting,kpi analysis",BI Analyst
"python,leadership,data warehouse,etl,hadoop,problem solving,database design,airflow",Data Engineer
"python,numpy,scikit-learn,teamwork,pandas,model deployment,leadership,data visualization,feature engineering",Data Scientist
"model deployment,data visualization,feature engineering,pandas,scikit-learn,machine learning,numpy,statistics,problem solving",Data Scientist
"tableau,data visualization,sql,excel,power bi,business intelligence,data modeling,reporting,teamwork",BI Analyst
"stakeholder management,sql,business analysis,tableau,excel,reporting,requirements gathering,power bi,communication",Business Analyst
"scikit-learn,machine learning,feature engineering,python,presentation,numpy,critical thinking,data visualization,deep learning,statistics,pandas,model deployment",Data Scientist
"teamwork,azure,airflow,data warehouse,aws,database design,python",Data Engineer
"bigquery,sql,etl,analytics engineering,python,data warehouse,snowflake,data modeling",Analytics Engineer
"sql,snowflake,etl,dbt,data modeling,bigquery,analytics engineering",Analytics Engineer
"reporting,leadership,presentation,sql,dashboarding,data modeling,excel,data visualization",BI Analyst
"sql,data modeling,snowflake,analytics engineering,python,data warehouse,critical thinking,dbt,teamwork",Analytics Engineer
"model deployment,api development,deep learning,presentation,tensorflow,python,machine learning,mlops,kubernetes",Machine Learning Engineer
"bigquery,data modeling,analytics engineering,data warehouse,snowflake,time management,etl,python,sql",Analytics Engineer
"spark,sql,hadoop,airflow,python,database design,data warehouse,aws,azure",Data Engineer
"tensorflow,docker,python,api development,pytorch,kubernetes,deep learning,mlops,leadership",Machine Learning Engineer
"power bi,sql,dashboarding,pandas,reporting,critical thinking,data visualization,statistics",Data Analyst
"bigquery,problem solving,airflow,dbt,snowflake,data modeling,data warehouse,python,analytics engineering,etl,sql,critical thinking",Analytics Engineer
"power bi,sql,data visualization,problem solving,tableau,teamwork,business analysis,communication,requirements gathering",Business Analyst
"snowflake,bigquery,sql,analytics engineering,critical thinking,airflow,leadership,etl,dbt",Analytics Engineer
"business intelligence,kpi analysis,power bi,excel,data modeling,reporting,sql,tableau,data visualization,dashboarding",BI Analyst
"pandas,scikit-learn,communication,data visualization,machine learning,feature engineering,python,critical thinking,deep learning,model deployment,statistics",Data Scientist
"sql,etl,airflow,data modeling,data warehouse,bigquery",Analytics Engineer
"data visualization,scikit-learn,deep learning,python,statistics,feature engineering,pandas,time management,model deployment,machine learning",Data Scientist
"business intelligence,tableau,excel,data visualization,sql,dashboarding,power bi,data modeling,reporting",BI Analyst
"bigquery,sql,communication,snowflake,python,airflow,dbt,analytics engineering",Analytics Engineer
"data visualization,excel,power bi,sql,reporting,statistics",Data Analyst
"data warehouse,analytics engineering,data modeling,sql,bigquery,etl,snowflake",Analytics Engineer
"data modeling,etl,data warehouse,python,sql,analytics engineering,dbt,snowflake,airflow",Analytics Engineer
"sql,kpi analysis,reporting,power bi,data modeling,business intelligence,data visualization,dashboarding",BI Analyst
"excel,business analysis,reporting,sql,data visualization,tableau,power bi,stakeholder management,requirements gathering,communication",Business Analyst
"excel,power bi,business intelligence,data visualization,sql,data modeling,dashboarding,reporting,tableau,teamwork,time management",BI Analyst
"data visualization,deep learning,critical thinking,scikit-learn,pandas,numpy,leadership,python,machine learning,feature engineering,statistics",Data Scientist
"sql,time management,bigquery,python,dbt,airflow,etl,analytics engineering,data warehouse,snowflake",Analytics Engineer
"communication,excel,data visualization,power bi,stakeholder management,business analysis",Business Analyst
"airflow,etl,python,analytics engineering,data warehouse,data modeling,bigquery,presentation,dbt,snowflake,sql",Analytics Engineer
"airflow,azure,etl,python,sql,data warehouse,aws,hadoop,database design",Data Engineer
"kubernetes,time management,tensorflow,mlops,api development,deep learning,leadership,machine learning",Machine Learning Engineer
"data visualization,deep learning,leadership,machine learning,feature engineering,statistics,numpy,pandas",Data Scientist
"numpy,machine learning,model deployment,feature engineering,deep learning,data visualization,pandas,time management,python,scikit-learn,statistics,communication",Data Scientist
"pytorch,kubernetes,critical thinking,model deployment,python,docker,deep learning",Machine Learning Engineer
"data modeling,data warehouse,analytics engineering,dbt,snowflake,etl,airflow,python,sql,bigquery",Analytics Engineer
"docker,tensorflow,python,deep learning,mlops,model deployment,machine learning,api development,kubernetes",Machine Learning Engineer
"communication,power bi,business analysis,time management,requirements gathering,sql,reporting,stakeholder management,excel,tableau",Business Analyst
"docker,api development,mlops,time management,kubernetes,teamwork,deep learning,machine learning,python",Machine Learning Engineer
"sql,aws,hadoop,python,etl,data warehouse,airflow,azure",Data Engineer
"data modeling,business intelligence,dashboarding,reporting,kpi analysis,data visualization,sql",BI Analyst
"critical thinking,spark,hadoop,azure,airflow,database design,etl,problem solving",Data Engineer
"api development,docker,python,model deployment,tensorflow,kubernetes,machine learning",Machine Learning Engineer
"data visualization,data modeling,sql,business intelligence,reporting,tableau,dashboarding,excel",BI Analyst
"statistics,power bi,pandas,reporting,tableau,python",Data Analyst
"airflow,analytics engineering,etl,sql,data modeling,bigquery,snowflake,dbt",Analytics Engineer
"hadoop,python,spark,database design,airflow,data warehouse,aws",Data Engineer
"dashboarding,data visualization,presentation,problem solving,sql,excel,power bi,reporting",Data Analyst
"deep learning,feature engineering,machine learning,statistics,numpy,scikit-learn,communication,pandas",Data Scientist
"deep learning,model deployment,tensorflow,machine learning,docker,kubernetes,pytorch,presentation,time management",Machine Learning Engineer
"statistics,numpy,time management,scikit-learn,deep learning,communication,machine learning,pandas,model deployment,feature engineering,python,data visualization",Data Scientist
"leadership,problem solving,stakeholder management,data visualization,requirements gathering,excel,sql,tableau",Business Analyst
"excel,data modeling,tableau,sql,critical thinking,business intelligence,presentation,reporting,kpi analysis",BI Analyst
"leadership,dashboarding,pandas,data visualization,python,excel,tableau,reporting,sql",Data Analyst
"tableau,presentation,reporting,communication,critical thinking,requirements gathering,power bi,stakeholder management,sql,business analysis",Business Analyst
"communication,power bi,pandas,dashboarding,data visualization,reporting,sql,statistics,tableau,excel",Data Analyst
"stakeholder management,business analysis,power bi,excel,data visualization,requirements gathering,communication,tableau,sql",Business Analyst
"data modeling,sql,reporting,power bi,business intelligence,dashboarding,kpi analysis,tableau,excel,data visualization",BI Analyst
"data visualization,deep learning,machine learning,statistics,pandas,python,scikit-learn,critical thinking",Data Scientist
"power bi,communication,tableau,sql,time management,data visualization,business analysis,presentation,excel",Business Analyst
"pandas,critical thinking,dashboarding,power bi,sql,excel,statistics,communication,reporting",Data Analyst
"power bi,tableau,business intelligence,kpi analysis,reporting,data modeling,sql,data visualization,excel",BI Analyst
"business analysis,requirements gathering,power bi,time management,presentation,data visualization,excel,sql,tableau,communication,reporting",Business Analyst
"critical thinking,mlops,api development,pytorch,tensorflow,python,presentation,kubernetes,model deployment",Machine Learning Engineer
"statistics,pandas,data visualization,python,model deployment,feature engineering,machine learning,deep learning,numpy,scikit-learn",Data Scientist
"etl,presentation,problem solving,sql,bigquery,data modeling,snowflake,airflow",Analytics Engineer
"dashboarding,statistics,tableau,python,reporting,excel,pandas,power bi,data visualization,sql",Data Analyst
"data visualization,leadership,dashboarding,sql,power bi,excel,critical thinking,statistics",Data Analyst
"business analysis,requirements gathering,stakeholder management,leadership,communication,time management,reporting,data visualization,excel,power bi",Business Analyst
"sql,tableau,power bi,dashboarding,data modeling,data visualization,business intelligence",BI Analyst
"sql,python,bigquery,snowflake,dbt,presentation,data modeling,analytics engineering,data warehouse,airflow,etl,teamwork",Analytics Engineer
"stakeholder management,data visualization,requirements gathering,business analysis,sql,power bi",Business Analyst
"tensorflow,kubernetes,machine learning,model deployment,deep learning,docker,mlops",Machine Learning Engineer
"communication,kpi analysis,presentation,data visualization,business intelligence,sql,reporting,power bi",BI Analyst
"business intelligence,dashboarding,reporting,data modeling,data visualization,sql",BI Analyst
"machine learning,presentation,docker,api development,python,tensorflow,deep learning,pytorch,model deployment,mlops,kubernetes",Machine Learning Engineer
"reporting,data visualization,kpi analysis,dashboarding,communication,sql,power bi,data modeling",BI Analyst
"docker,mlops,kubernetes,machine learning,api development,deep learning,tensorflow,python,leadership",Machine Learning Engineer
"kubernetes,python,docker,pytorch,critical thinking,deep learning,mlops,leadership,api development,model deployment",Machine Learning Engineer
"pandas,deep learning,statistics,problem solving,python,leadership,scikit-learn,machine learning,model deployment,numpy",Data Scientist
"python,deep learning,tensorflow,api development,machine learning,pytorch,mlops,kubernetes,docker,model deployment",Machine Learning Engineer
"reporting,sql,tableau,leadership,teamwork,data visualization,excel,communication,business analysis",Business Analyst
"etl,data warehouse,python,hadoop,spark,database design,airflow",Data Engineer
"dbt,data modeling,snowflake,bigquery,analytics engineering,presentation,airflow,problem solving,sql,data warehouse,etl",Analytics Engineer
"feature engineering,numpy,communication,scikit-learn,data visualization,model deployment,python,pandas,statistics,deep learning,machine learning",Data Scientist
"data warehouse,teamwork,database design,python,spark,aws,communication,airflow,hadoop,sql",Data Engineer
"business analysis,data visualization,tableau,requirements gathering,power bi,excel,stakeholder management,communication,reporting,leadership,sql,critical thinking",Business Analyst
"critical thinking,sql,excel,pandas,python,data visualization,statistics,leadership",Data Analyst
"time management,model deployment,deep learning,critical thinking,data visualization,pandas,scikit-learn,feature engineering",Data Scientist
"business intelligence,data modeling,dashboarding,data visualization,kpi analysis,sql,excel,reporting,leadership,tableau",BI Analyst
"excel,power bi,dashboarding,presentation,data visualization,time management,tableau,reporting",Data Analyst
"tableau,data visualization,reporting,excel,power bi,communication",Business Analyst
"kpi analysis,tableau,data modeling,power bi,reporting,business intelligence,sql,data visualization,excel,dashboarding",BI Analyst
"docker,critical thinking,model deployment,python,kubernetes,api development,mlops,deep learning",Machine Learning Engineer
"business intelligence,data visualization,reporting,tableau,sql,teamwork,power bi,excel,data modeling,kpi analysis,dashboarding",BI Analyst
"airflow,spark,python,presentation,etl,aws,sql,database design,hadoop",Data Engineer
"airflow,spark,python,database design,hadoop,azure,etl,sql,data warehouse",Data Engineer
"mlops,python,machine learning,deep learning,api development,model deployment,pytorch,tensorflow",Machine Learning Engineer
"python,sql,bigquery,critical thinking,etl,snowflake,leadership,airflow",Analytics Engineer
"python,pytorch,api development,deep learning,leadership,docker,machine learning",Machine Learning Engineer
"time management,presentation,communication,data visualization,stakeholder management,power bi,sql,business analysis,excel,requirements gathering",Business Analyst
"leadership,pandas,python,feature engineering,data visualization,statistics,model deployment,time management,scikit-learn",Data Scientist
"python,api development,docker,tensorflow,mlops,kubernetes,deep learning",Machine Learning Engineer
"sql,airflow,dbt,data warehouse,snowflake,etl,presentation,data modeling",Analytics Engineer
"sql,data warehouse,hadoop,spark,python,etl",Data Engineer
"power bi,sql,teamwork,excel,dashboarding,kpi analysis,tableau,data visualization,business intelligence,data modeling",BI Analyst
"analytics engineering,snowflake,etl,bigquery,airflow,python,sql,data modeling,data warehouse,dbt",Analytics Engineer
"stakeholder management,power bi,data visualization,tableau,reporting,excel,sql,business analysis,requirements gathering,communication",Business Analyst
"sql,etl,critical thinking,airflow,python,analytics engineering,dbt,leadership",Analytics Engineer
"etl,database design,data warehouse,hadoop,python,azure",Data Engineer
"model deployment,teamwork,docker,deep learning,machine learning,tensorflow,mlops,pytorch,python",Machine Learning Engineer
"scikit-learn,deep learning,pandas,python,model deployment,data visualization,machine learning,time management",Data Scientist
"python,teamwork,sql,data warehouse,etl,hadoop,azure,airflow,aws",Data Engineer
"sql,airflow,data modeling,data warehouse,python,teamwork,snowflake,bigquery,etl,analytics engineering",Analytics Engineer
"analytics engineering,problem solving,etl,airflow,bigquery,teamwork,dbt,data warehouse,sql,data modeling,python,snowflake",Analytics Engineer
"airflow,data modeling,sql,analytics engineering,data warehouse,snowflake,dbt,etl",Analytics Engineer
"business analysis,excel,reporting,time management,stakeholder management,sql,communication",Business Analyst
"data warehouse,etl,snowflake,dbt,python,analytics engineering,airflow,sql",Analytics Engineer
"api development,deep learning,tensorflow,kubernetes,pytorch,docker",Machine Learning Engineer
"snowflake,etl,data warehouse,airflow,bigquery,sql,dbt,python",Analytics Engineer
"sql,data visualization,problem solving,statistics,power bi,excel,python,communication,pandas",Data Analyst
"excel,statistics,reporting,python,data visualization,pandas,sql,tableau,dashboarding,power bi",Data Analyst
"sql,communication,business analysis,excel,power bi,requirements gathering",Business Analyst
"scikit-learn,machine learning,python,statistics,leadership,data visualization,feature engineering",Data Scientist
"azure,etl,airflow,database design,python,sql,data warehouse,hadoop,spark,aws",Data Engineer
"mlops,tensorflow,communication,python,model deployment,machine learning,deep learning,time management,pytorch,kubernetes",Machine Learning Engineer
"dbt,bigquery,time management,analytics engineering,data warehouse,airflow,python,snowflake,presentation,etl,sql",Analytics Engineer
"data modeling,dashboarding,power bi,tableau,critical thinking,sql,data visualization",BI Analyst
"kpi analysis,power bi,sql,reporting,data visualization,dashboarding,data modeling,tableau,excel,business intelligence",BI Analyst
"database design,azure,data warehouse,aws,sql,etl,python,airflow,hadoop,spark",Data Engineer
"mlops,model deployment,machine learning,kubernetes,docker,tensorflow",Machine Learning Engineer
"presentation,sql,data warehouse,database design,python,spark,etl",Data Engineer
"analytics engineering,etl,snowflake,airflow,data modeling,data warehouse",Analytics Engineer
"power bi,dashboarding,reporting,data visualization,excel,tableau,business intelligence,data modeling,sql,kpi analysis",BI Analyst
"teamwork,reporting,statistics,data visualization,python,power bi,leadership,sql,excel,tableau",Data Analyst
"tensorflow,leadership,mlops,docker,machine learning,python,pytorch,deep learning,model deployment",Machine Learning Engineer
"sql,statistics,python,reporting,pandas,dashboarding,problem solving,tableau,excel,power bi",Data Analyst
"sql,data modeling,python,dbt,communication,airflow,analytics engineering,data warehouse,etl,snowflake,bigquery",Analytics Engineer
"kpi analysis,reporting,data visualization,power bi,dashboarding,business intelligence",BI Analyst
"excel,data visualization,reporting,requirements gathering,tableau,sql,communication,power bi",Business Analyst
"python,communication,time management,deep learning,machine learning,mlops,tensorflow,model deployment",Machine Learning Engineer
"database design,teamwork,etl,sql,spark,python,hadoop,data warehouse,azure,airflow",Data Engineer
"etl,sql,bigquery,airflow,data modeling,critical thinking,dbt,data warehouse",Analytics Engineer
"api development,kubernetes,tensorflow,problem solving,docker,machine learning,python,pytorch,deep learning,model deployment,mlops",Machine Learning Engineer
"dashboarding,data visualization,tableau,kpi analysis,power bi,data modeling",BI Analyst
"reporting,stakeholder management,presentation,requirements gathering,communication,data visualization,tableau,sql",Business Analyst
"communication,data visualization,sql,business intelligence,tableau,data modeling,excel,power bi,teamwork,kpi analysis,dashboarding",BI Analyst
"etl,azure,spark,time management,aws,airflow,python,problem solving,database design,data warehouse,sql",Data Engineer
"excel,problem solving,power bi,reporting,statistics,tableau,dashboarding",Data Analyst
"machine learning,model deployment,docker,deep learning,mlops,python,kubernetes,pytorch,api development,tensorflow,leadership",Machine Learning Engineer
"reporting,data visualization,business intelligence,dashboarding,power bi,data modeling,communication,problem solving,tableau",BI Analyst
"reporting,communication,data visualization,tableau,communication,power bi,stakeholder management,excel",Business Analyst
"power bi,excel,reporting,tableau,data visualization,stakeholder management,sql,business analysis,communication,time management,requirements gathering",Business Analyst
"tensorflow,machine learning,docker,python,api development,model deployment,pytorch",Machine Learning Engineer
"pytorch,mlops,machine learning,api development,leadership,tensorflow,docker,kubernetes,problem solving,python,deep learning,model deployment",Machine Learning Engineer
"statistics,pandas,reporting,python,tableau,excel,sql,data visualization,dashboarding",Data Analyst
"reporting,sql,excel,power bi,kpi analysis,dashboarding,tableau,data modeling,critical thinking",BI Analyst
"tableau,requirements gathering,business analysis,excel,reporting,power bi,sql,data visualization,stakeholder management,communication,critical thinking",Business Analyst
"numpy,feature engineering,presentation,pandas,data visualization,model deployment,statistics,python",Data Scientist
"feature engineering,statistics,scikit-learn,machine learning,numpy,data visualization,model deployment,python,pandas,deep learning",Data Scientist
"stakeholder management,sql,business analysis,communication,tableau,power bi,data visualization,excel,requirements gathering,time management",Business Analyst
"tableau,excel,critical thinking,leadership,power bi,business analysis,stakeholder management,requirements gathering,data visualization",Business Analyst
"data visualization,presentation,power bi,pandas,python,sql,dashboarding,critical thinking,reporting,tableau,statistics",Data Analyst
"mlops,deep learning,model deployment,machine learning,critical thinking,python,tensorflow,pytorch,docker",Machine Learning Engineer
"python,api development,tensorflow,model deployment,mlops,kubernetes",Machine Learning Engineer
"tensorflow,model deployment,machine learning,docker,python,leadership,deep learning,pytorch",Machine Learning Engineer
"tableau,statistics,reporting,data visualization,python,power bi,pandas,time management",Data Analyst
"scikit-learn,feature engineering,model deployment,numpy,pandas,data visualization,problem solving,critical thinking,statistics,machine learning",Data Scientist
"reporting,problem solving,stakeholder management,excel,business analysis,requirements gathering,power bi,communication,data visualization,sql,tableau",Business Analyst
"sql,kpi analysis,dashboarding,excel,data modeling,business intelligence,data visualization",BI Analyst
"pandas,scikit-learn,data visualization,feature engineering,numpy,machine learning,statistics,deep learning,python,model deployment",Data Scientist
"data visualization,business analysis,critical thinking,sql,communication,excel,leadership,reporting",Business Analyst
"sql,reporting,statistics,python,tableau,teamwork,data visualization,dashboarding,pandas,power bi,excel",Data Analyst
"deep learning,machine learning,data visualization,model deployment,feature engineering,scikit-learn,pandas",Data Scientist
"pandas,dashboarding,statistics,python,excel,power bi,communication,time management",Data Analyst
"machine learning,statistics,pandas,model deployment,problem solving,python,numpy,data visualization,deep learning,feature engineering,time management,scikit-learn",Data Scientist
"tableau,reporting,data modeling,power bi,kpi analysis,business intelligence,sql,data visualization,dashboarding,excel",BI Analyst
"excel,time management,reporting,kpi analysis,data visualization,dashboarding,data modeling,business intelligence,sql",BI Analyst
"aws,airflow,database design,etl,data warehouse,time management,hadoop,azure,spark,python",Data Engineer
"reporting,excel,communication,requirements gathering,sql,business analysis,communication,power bi,tableau,data visualization,teamwork",Business Analyst
"kpi analysis,dashboarding,sql,data modeling,tableau,business intelligence,power bi,problem solving",BI Analyst
"dashboarding,data visualization,reporting,tableau,excel,power bi,kpi analysis",BI Analyst
"python,hadoop,presentation,etl,aws,database design,sql,data warehouse,spark,azure,teamwork",Data Engineer
"data modeling,bigquery,sql,snowflake,analytics engineering,dbt,etl,presentation,airflow",Analytics Engineer
"machine learning,feature engineering,deep learning,scikit-learn,python,critical thinking,statistics,data visualization",Data Scientist
"data visualization,power bi,sql,reporting,excel,python",Data Analyst
"sql,data warehouse,python,airflow,etl,spark,azure,database design,aws",Data Engineer
"numpy,python,data visualization,deep learning,statistics,time management,feature engineering",Data Scientist
"power bi,data visualization,requirements gathering,critical thinking,stakeholder management,communication,business analysis,communication,sql,reporting,tableau,excel",Business Analyst
"tensorflow,machine learning,leadership,mlops,api development,python,pytorch,docker",Machine Learning Engineer
"reporting,sql,pandas,data visualization,statistics,excel,python,power bi,problem solving,tableau,dashboarding",Data Analyst
"machine learning,communication,deep learning,feature engineering,model deployment,python,statistics",Data Scientist
"mlops,docker,machine learning,tensorflow,model deployment,leadership,deep learning,kubernetes",Machine Learning Engineer
"pandas,sql,data visualization,power bi,reporting,python,dashboarding,statistics",Data Analyst
"statistics,data visualization,reporting,dashboarding,pandas,communication,tableau",Data Analyst
"python,pytorch,docker,leadership,mlops,presentation,kubernetes,api development,deep learning",Machine Learning Engineer
"power bi,communication,time management,pandas,statistics,excel,dashboarding,sql,tableau,reporting",Data Analyst
"data visualization,tableau,python,leadership,pandas,dashboarding,statistics,reporting,sql",Data Analyst
"spark,hadoop,etl,teamwork,airflow,aws,python,sql",Data Engineer
"machine learning,scikit-learn,data visualization,feature engineering,model deployment,statistics,deep learning,python,pandas",Data Scientist
"power bi,python,dashboarding,critical thinking,time management,sql,reporting,data visualization",Data Analyst
"aws,presentation,data warehouse,hadoop,python,etl,azure,sql,spark",Data Engineer
"reporting,power bi,statistics,data visualization,sql,excel,pandas,dashboarding,python,tableau",Data Analyst
"sql,data visualization,tableau,data modeling,excel,reporting,power bi,business intelligence,communication,kpi analysis",BI Analyst
"hadoop,azure,aws,etl,database design,spark,airflow,python,data warehouse,sql",Data Engineer
"sql,dashboarding,power bi,excel,kpi analysis,tableau",BI Analyst
"python,sql,leadership,etl,dbt,critical thinking,analytics engineering,bigquery,data warehouse",Analytics Engineer
"docker,mlops,kubernetes,machine learning,api development,python,deep learning,pytorch,model deployment,tensorflow",Machine Learning Engineer
"machine learning,api development,mlops,deep learning,tensorflow,kubernetes,model deployment,docker,python,leadership,critical thinking",Machine Learning Engineer
"snowflake,data warehouse,leadership,analytics engineering,airflow,python,dbt,teamwork,bigquery,etl",Analytics Engineer
"python,sql,dbt,airflow,etl,data warehouse,snowflake",Analytics Engineer
"business intelligence,critical thinking,sql,dashboarding,power bi,data modeling,tableau",BI Analyst
"dashboarding,excel,sql,time management,business intelligence,power bi,reporting,communication",BI Analyst
"api development,tensorflow,mlops,model deployment,machine learning,pytorch,deep learning",Machine Learning Engineer
"time management,tableau,critical thinking,power bi,reporting,dashboarding,business intelligence,excel,data modeling",BI Analyst
"excel,power bi,reporting,data visualization,sql,communication,tableau,problem solving,business analysis,stakeholder management,requirements gathering",Business Analyst
"mlops,tensorflow,pytorch,python,model deployment,api development,machine learning,kubernetes,docker",Machine Learning Engineer
"python,communication,presentation,docker,machine learning,mlops,kubernetes,pytorch,api development,tensorflow",Machine Learning Engineer
"spark,etl,sql,azure,aws,airflow,presentation",Data Engineer
"machine learning,pytorch,api development,deep learning,docker,mlops,critical thinking",Machine Learning Engineer
"business analysis,communication,communication,stakeholder management,sql,excel,data visualization,requirements gathering,reporting,power bi,tableau",Business Analyst
"data visualization,pandas,python,machine learning,statistics,deep learning,critical thinking,feature engineering,model deployment,leadership,numpy",Data Scientist
"data visualization,business intelligence,dashboarding,excel,reporting,sql",BI Analyst
"sql,time management,hadoop,teamwork,data warehouse,etl,aws,airflow,spark",Data Engineer
"pandas,sql,reporting,dashboarding,statistics,tableau,python,excel,power bi",Data Analyst
"data visualization,power bi,requirements gathering,sql,reporting,communication,time management",Business Analyst
"business intelligence,data visualization,kpi analysis,sql,power bi,dashboarding,tableau,data modeling,excel,reporting",BI Analyst
"sql,database design,spark,aws,airflow,data warehouse,azure,etl,python,hadoop",Data Engineer
"kpi analysis,excel,reporting,data visualization,data modeling,sql",BI Analyst
"data visualization,leadership,tableau,reporting,python,dashboarding,sql,pandas,power bi,statistics,excel",Data Analyst
"presentation,tableau,excel,python,data visualization,statistics,power bi,reporting,sql",Data Analyst
"bigquery,etl,leadership,dbt,airflow,data warehouse,data modeling,sql,snowflake,python,communication,analytics engineering",Analytics Engineer
"requirements gathering,communication,excel,data visualization,power bi,communication,business analysis,teamwork,stakeholder management",Business Analyst
"reporting,communication,requirements gathering,sql,power bi,stakeholder management,excel",Business Analyst
"feature engineering,machine learning,numpy,model deployment,presentation,communication,scikit-learn,data visualization,statistics,pandas,deep learning",Data Scientist
"tableau,statistics,dashboarding,data visualization,pandas,sql,power bi,reporting",Data Analyst
"problem solving,stakeholder management,data visualization,excel,sql,business analysis,reporting,communication,teamwork,tableau,power bi",Business Analyst
"airflow,time management,aws,spark,data warehouse,database design,sql,hadoop,azure,etl,python",Data Engineer
"dashboarding,sql,reporting,tableau,critical thinking,data visualization,kpi analysis,data modeling,excel,business intelligence,power bi",BI Analyst
"mlops,critical thinking,model deployment,docker,tensorflow,api development,kubernetes,deep learning,machine learning",Machine Learning Engineer
"leadership,dashboarding,data modeling,tableau,power bi,reporting,excel,sql,business intelligence,data visualization,kpi analysis",BI Analyst
"sql,business intelligence,kpi analysis,dashboarding,power bi,data visualization,tableau,reporting",BI Analyst
"tableau,business analysis,sql,communication,data visualization,excel",Business Analyst
"python,power bi,reporting,data visualization,pandas,excel,problem solving,tableau,statistics,dashboarding,sql",Data Analyst
"communication,model deployment,api development,teamwork,mlops,kubernetes,deep learning,tensorflow",Machine Learning Engineer
"etl,dbt,bigquery,critical thinking,sql,python,snowflake,analytics engineering",Analytics Engineer
"presentation,reporting,data visualization,data modeling,power bi,excel,kpi analysis,sql,business intelligence,tableau,dashboarding",BI Analyst
"dashboarding,business intelligence,kpi analysis,data visualization,power bi,data modeling",BI Analyst
"pytorch,docker,model deployment,deep learning,mlops,machine learning,kubernetes,tensorflow",Machine Learning Engineer
"presentation,leadership,sql,stakeholder management,tableau,excel,data visualization,business analysis,power bi",Business Analyst
"feature engineering,statistics,model deployment,scikit-learn,time management,pandas,machine learning,critical thinking,python,numpy,deep learning",Data Scientist
"api development,python,model deployment,pytorch,mlops,leadership,kubernetes,deep learning,presentation,machine learning",Machine Learning Engineer
"python,database design,azure,data warehouse,aws,etl",Data Engineer
"teamwork,data warehouse,database design,airflow,spark,hadoop,azure,python,aws,etl,sql",Data Engineer
"numpy,pandas,feature engineering,scikit-learn,teamwork,statistics,deep learning,python,model deployment",Data Scientist
"communication,python,airflow,sql,azure,hadoop,spark,etl,data warehouse,aws,database design",Data Engineer
"snowflake,leadership,etl,airflow,data modeling,python,data warehouse,bigquery,dbt,sql,analytics engineering",Analytics Engineer
"excel,data visualization,python,dashboarding,sql,communication,pandas",Data Analyst
"presentation,communication,data visualization,power bi,stakeholder management,business analysis,excel,reporting,sql,tableau",Business Analyst
"teamwork,dashboarding,python,time management,data visualization,tableau,excel,power bi,statistics",Data Analyst
"statistics,python,reporting,excel,data visualization,tableau,time management,teamwork",Data Analyst
"python,machine learning,pandas,data visualization,deep learning,feature engineering,statistics,numpy,model deployment,scikit-learn",Data Scientist
"numpy,feature engineering,critical thinking,pandas,statistics,model deployment,data visualization,time management,deep learning,python,machine learning,scikit-learn",Data Scientist
"dashboarding,sql,statistics,python,pandas,reporting,excel,power bi,problem solving,data visualization",Data Analyst
"model deployment,statistics,pandas,feature engineering,machine learning,numpy,scikit-learn",Data Scientist
"pandas,dashboarding,tableau,python,statistics,power bi",Data Analyst
"dbt,time management,bigquery,python,data modeling,airflow,data warehouse,analytics engineering,sql,etl",Analytics Engineer
"database design,aws,hadoop,etl,airflow,data warehouse,spark,sql,azure,communication,problem solving,python",Data Engineer
"analytics engineering,airflow,data modeling,sql,bigquery,etl",Analytics Engineer
"statistics,python,deep learning,data visualization,numpy,machine learning,model deployment,feature engineering,scikit-learn,pandas",Data Scientist
"business analysis,stakeholder management,power bi,reporting,communication,sql,requirements gathering",Business Analyst
"sql,aws,etl,azure,leadership,hadoop,airflow,database design",Data Engineer
"data warehouse,communication,database design,etl,sql,python,spark,critical thinking,hadoop",Data Engineer
"sql,data visualization,dashboarding,reporting,python,tableau,excel",Data Analyst
"critical thinking,statistics,data visualization,pandas,time management,dashboarding,excel,power bi",Data Analyst
"dashboarding,communication,statistics,reporting,excel,pandas,sql,python,tableau",Data Analyst
"reporting,business analysis,excel,power bi,stakeholder management,sql,requirements gathering",Business Analyst
"aws,spark,critical thinking,hadoop,data warehouse,azure,airflow,etl,time management,database design",Data Engineer
"power bi,excel,tableau,critical thinking,stakeholder management,leadership,requirements gathering,reporting",Business Analyst
"stakeholder management,data visualization,sql,requirements gathering,excel,communication,power bi,tableau,business analysis,reporting",Business Analyst
"hadoop,python,sql,airflow,spark,data warehouse,etl,aws,critical thinking,database design,azure",Data Engineer
"kpi analysis,reporting,data modeling,power bi,dashboarding,data visualization,tableau,excel,sql,business intelligence",BI Analyst
"data visualization,reporting,business analysis,requirements gathering,communication,tableau,power bi,sql,stakeholder management,excel",Business Analyst
"mlops,machine learning,pytorch,deep learning,python,model deployment",Machine Learning Engineer
"model deployment,deep learning,kubernetes,tensorflow,docker,api development,pytorch",Machine Learning Engineer
"etl,python,hadoop,airflow,sql,teamwork,data warehouse",Data Engineer
"model deployment,tensorflow,pytorch,machine learning,docker,deep learning,mlops,api development,python",Machine Learning Engineer
"data visualization,kpi analysis,sql,teamwork,data modeling,power bi,dashboarding,excel,business intelligence",BI Analyst
"data warehouse,analytics engineering,sql,snowflake,data modeling,etl",Analytics Engineer
"pandas,problem solving,model deployment,python,scikit-learn,deep learning,feature engineering,presentation,statistics",Data Scientist
"communication,reporting,tableau,requirements gathering,data visualization,power bi,sql,business analysis,excel,stakeholder management",Business Analyst
"airflow,azure,aws,sql,hadoop,etl,data warehouse,spark",Data Engineer
"tableau,data visualization,business intelligence,data modeling,power bi,dashboarding,kpi analysis,excel,sql",BI Analyst
"etl,analytics engineering,python,data modeling,dbt,airflow,data warehouse,sql,snowflake",Analytics Engineer
"data visualization,model deployment,feature engineering,pandas,python,scikit-learn,machine learning,time management,statistics",Data Scientist
"aws,etl,azure,hadoop,python,critical thinking,sql",Data Engineer
"presentation,excel,communication,kpi analysis,reporting,sql,business intelligence,data modeling,tableau,dashboarding,data visualization",BI Analyst
"python,reporting,tableau,power bi,dashboarding,data visualization,excel,statistics,pandas,sql",Data Analyst
"airflow,dbt,sql,snowflake,data modeling,bigquery",Analytics Engineer
"pandas,feature engineering,machine learning,critical thinking,problem solving,deep learning,statistics,numpy,scikit-learn",Data Scientist
"power bi,data visualization,excel,dashboarding,sql,python,tableau",Data Analyst
"pandas,model deployment,statistics,deep learning,feature engineering,data visualization,python,machine learning,numpy,scikit-learn",Data Scientist
"api development,model deployment,deep learning,machine learning,kubernetes,python,tensorflow,pytorch,docker,problem solving,communication,mlops",Machine Learning Engineer
"reporting,leadership,python,excel,sql,communication,statistics,pandas,dashboarding",Data Analyst
"api development,python,docker,kubernetes,tensorflow,model deployment,pytorch,deep learning,mlops,machine learning",Machine Learning Engineer
"reporting,time management,excel,statistics,power bi,pandas,dashboarding,python,sql,data visualization",Data Analyst
"presentation,deep learning,feature engineering,data visualization,numpy,pandas,statistics,scikit-learn,model deployment,python",Data Scientist
"kubernetes,mlops,machine learning,tensorflow,python,pytorch,api development,leadership,model deployment,deep learning",Machine Learning Engineer
"tensorflow,teamwork,machine learning,api development,mlops,docker,communication,kubernetes",Machine Learning Engineer
"data modeling,sql,kpi analysis,dashboarding,data visualization,excel,reporting,power bi,time management,business intelligence",BI Analyst
"scikit-learn,numpy,data visualization,pandas,model deployment,statistics",Data Scientist
"stakeholder management,power bi,excel,critical thinking,communication,sql,requirements gathering",Business Analyst
"analytics engineering,bigquery,critical thinking,airflow,sql,etl,dbt",Analytics Engineer
"python,critical thinking,power bi,data visualization,problem solving,reporting,excel,tableau,dashboarding,statistics",Data Analyst
"communication,requirements gathering,excel,business analysis,critical thinking,sql,tableau,power bi,reporting",Business Analyst
"excel,reporting,critical thinking,dashboarding,statistics,power bi,tableau,python",Data Analyst
"python,airflow,data warehouse,azure,hadoop,spark,time management,aws,sql,database design,critical thinking,etl",Data Engineer
"communication,teamwork,reporting,requirements gathering,tableau,data visualization,critical thinking,sql,excel,power bi,stakeholder management,business analysis",Business Analyst
"data visualization,excel,time management,business intelligence,teamwork,tableau,dashboarding,reporting,data modeling",BI Analyst
"excel,statistics,python,dashboarding,sql,tableau,presentation,reporting,data visualization,power bi,pandas",Data Analyst
"model deployment,python,api development,tensorflow,deep learning,machine learning,mlops,kubernetes,pytorch,docker",Machine Learning Engineer
"sql,power bi,problem solving,tableau,data visualization,business intelligence,kpi analysis",BI Analyst
"communication,tableau,power bi,sql,business analysis,data visualization,reporting,excel,stakeholder management,requirements gathering",Business Analyst
"leadership,excel,power bi,communication,data visualization,tableau,python,dashboarding",Data Analyst
"statistics,numpy,scikit-learn,model deployment,machine learning,problem solving,feature engineering,data visualization,pandas,deep learning,python",Data Scientist
"sql,data visualization,leadership,excel,reporting,requirements gathering,stakeholder management,tableau,communication",Business Analyst
"business analysis,excel,data visualization,communication,reporting,stakeholder management,tableau,power bi,sql,requirements gathering",Business Analyst
"deep learning,presentation,machine learning,scikit-learn,feature engineering,model deployment,python,data visualization,statistics,problem solving,pandas,numpy",Data Scientist
"feature engineering,teamwork,data visualization,python,scikit-learn,model deployment,numpy,deep learning,pandas",Data Scientist
"sql,spark,hadoop,python,azure,etl,database design,leadership",Data Engineer
"reporting,data modeling,dashboarding,data visualization,tableau,business intelligence,kpi analysis,power bi",BI Analyst
"excel,tableau,dashboarding,statistics,python,sql,pandas,reporting,power bi,data visualization",Data Analyst
"reporting,problem solving,communication,data visualization,python,excel,pandas,dashboarding,tableau,sql",Data Analyst
"aws,communication,hadoop,database design,python,data warehouse,etl,airflow,sql",Data Engineer
"tableau,time management,critical thinking,requirements gathering,power bi,sql,excel,business analysis",Business Analyst
"excel,python,sql,pandas,dashboarding,problem solving,data visualization,power bi,tableau,reporting,statistics",Data Analyst
"excel,tableau,data visualization,requirements gathering,sql,business analysis,stakeholder management,communication,problem solving",Business Analyst
"database design,sql,etl,aws,data warehouse,airflow,python,hadoop,critical thinking,azure,spark",Data Engineer
"excel,reporting,critical thinking,sql,business analysis,power bi,tableau,requirements gathering",Business Analyst
"teamwork,etl,azure,python,problem solving,aws,data warehouse,hadoop,airflow,sql,spark",Data Engineer
"python,teamwork,data warehouse,snowflake,sql,bigquery,data modeling,analytics engineering,etl",Analytics Engineer
"business analysis,requirements gathering,tableau,sql,critical thinking,power bi,communication,data visualization,reporting,stakeholder management",Business Analyst
"dashboarding,leadership,power bi,reporting,tableau,pandas,sql,excel,statistics,teamwork,data visualization",Data Analyst
"data visualization,requirements gathering,stakeholder management,power bi,tableau,communication,reporting,sql,business analysis,excel",Business Analyst
"feature engineering,python,model deployment,scikit-learn,machine learning,data visualization,numpy,deep learning,statistics",Data Scientist
"dashboarding,sql,business intelligence,excel,reporting,data visualization,power bi,data modeling,communication,kpi analysis",BI Analyst
"sql,airflow,analytics engineering,snowflake,data warehouse,etl,data modeling",Analytics Engineer
"excel,presentation,reporting,sql,data visualization,communication,tableau,stakeholder management",Business Analyst
"deep learning,kubernetes,model deployment,tensorflow,pytorch,api development,communication",Machine Learning Engineer
"scikit-learn,data visualization,python,numpy,feature engineering,machine learning,model deployment",Data Scientist
"dashboarding,tableau,sql,pandas,teamwork,statistics,data visualization,power bi,python,time management",Data Analyst
"power bi,leadership,statistics,reporting,data visualization,tableau,sql,excel,communication,dashboarding",Data Analyst
"python,sql,bigquery,data warehouse,dbt,critical thinking,etl,snowflake,airflow,data modeling,analytics engineering",Analytics Engineer
"model deployment,kubernetes,mlops,docker,python,deep learning,pytorch",Machine Learning Engineer
"reporting,dashboarding,excel,leadership,power bi,data visualization,python,statistics,sql,critical thinking",Data Analyst
"deep learning,pandas,data visualization,python,scikit-learn,model deployment,machine learning,statistics,numpy,feature engineering",Data Scientist
"data visualization,business analysis,power bi,stakeholder management,tableau,reporting,requirements gathering,communication",Business Analyst
"tableau,time management,dashboarding,data visualization,python,power bi,pandas",Data Analyst
"pandas,numpy,communication,python,data visualization,statistics,deep learning",Data Scientist
"statistics,sql,data visualization,python,communication,pandas,excel",Data Analyst
"tableau,critical thinking,business analysis,stakeholder management,excel,leadership,data visualization,requirements gathering,power bi,communication,sql,reporting",Business Analyst
"docker,api development,presentation,kubernetes,pytorch,leadership,tensorflow,deep learning,machine learning,python",Machine Learning Engineer
"sql,reporting,communication,requirements gathering,stakeholder management,communication,tableau,excel",Business Analyst
"stakeholder management,tableau,data visualization,requirements gathering,excel,reporting,communication,business analysis,power bi",Business Analyst
"sql,bigquery,data warehouse,dbt,snowflake,python,analytics engineering,data modeling,airflow,etl",Analytics Engineer
"data modeling,reporting,kpi analysis,data visualization,tableau,power bi,business intelligence,excel",BI Analyst
"etl,python,data warehouse,bigquery,data modeling,snowflake,time management,airflow",Analytics Engineer
"sql,time management,tableau,pandas,python,excel,data visualization,leadership,dashboarding,power bi,statistics,reporting",Data Analyst
"database design,etl,spark,data warehouse,hadoop,azure,python,airflow,sql",Data Engineer
"scikit-learn,teamwork,problem solving,numpy,deep learning,python,statistics,data visualization",Data Scientist
"sql,data modeling,kpi analysis,business intelligence,data visualization,power bi,reporting,tableau,dashboarding,excel",BI Analyst
"data modeling,data warehouse,python,analytics engineering,dbt,airflow",Analytics Engineer
"data visualization,reporting,sql,stakeholder management,power bi,business analysis,communication",Business Analyst
"deep learning,python,tensorflow,critical thinking,pytorch,communication,model deployment,kubernetes",Machine Learning Engineer
"tableau,reporting,data modeling,business intelligence,sql,kpi analysis,teamwork,power bi,excel,dashboarding",BI Analyst
"critical thinking,communication,airflow,aws,python,azure,sql,data warehouse,spark,hadoop",Data Engineer
"data visualization,tableau,dashboarding,python,statistics,pandas",Data Analyst
"power bi,sql,business intelligence,reporting,kpi analysis,data modeling,data visualization,excel,dashboarding,tableau",BI Analyst
"sql,etl,aws,database design,spark,data warehouse,azure,airflow,hadoop,python",Data Engineer
"presentation,python,mlops,kubernetes,pytorch,deep learning,tensorflow,api development,machine learning",Machine Learning Engineer
"tensorflow,docker,kubernetes,model deployment,mlops,api development,problem solving,leadership,python,deep learning",Machine Learning Engineer
"excel,communication,power bi,business analysis,requirements gathering,tableau,communication,problem solving",Business Analyst
"python,excel,data visualization,power bi,dashboarding,sql,pandas,reporting,statistics,tableau",Data Analyst
"data visualization,statistics,scikit-learn,python,numpy,machine learning,pandas",Data Scientist
"statistics,pandas,problem solving,excel,python,power bi,tableau,reporting,dashboarding,sql,data visualization",Data Analyst
"statistics,sql,communication,python,time management,pandas,dashboarding,excel,tableau,reporting",Data Analyst
"business intelligence,tableau,reporting,sql,data visualization,power bi,excel,problem solving,data modeling,kpi analysis,dashboarding",BI Analyst
"excel,communication,tableau,stakeholder management,business analysis,data visualization",Business Analyst
"teamwork,kubernetes,deep learning,docker,python,communication,pytorch,tensorflow",Machine Learning Engineer
"airflow,teamwork,data warehouse,dbt,data modeling,sql,analytics engineering,bigquery",Analytics Engineer
"pandas,statistics,scikit-learn,python,machine learning,numpy,model deployment,feature engineering,time management,data visualization,deep learning,problem solving",Data Scientist
"data warehouse,azure,hadoop,spark,presentation,aws,leadership,python",Data Engineer
"power bi,statistics,sql,excel,tableau,dashboarding,python,data visualization,reporting,pandas",Data Analyst
"data visualization,machine learning,pandas,numpy,feature engineering,statistics,scikit-learn,deep learning",Data Scientist
"data warehouse,dbt,airflow,analytics engineering,python,sql,data modeling,etl,snowflake",Analytics Engineer
"business intelligence,problem solving,sql,reporting,excel,kpi analysis,data modeling,tableau",BI Analyst
"database design,hadoop,azure,airflow,aws,sql,spark,critical thinking",Data Engineer
"data visualization,statistics,critical thinking,pandas,power bi,excel,time management,sql,tableau",Data Analyst
"data visualization,excel,requirements gathering,stakeholder management,communication,communication,power bi,tableau,business analysis",Business Analyst
"tableau,data visualization,teamwork,reporting,statistics,python,sql,time management",Data Analyst
"tensorflow,problem solving,mlops,docker,machine learning,deep learning,pytorch,model deployment,api development,kubernetes",Machine Learning Engineer
"data modeling,sql,critical thinking,power bi,kpi analysis,dashboarding,business intelligence,excel,leadership",BI Analyst
"data warehouse,sql,snowflake,data modeling,presentation,analytics engineering,python,bigquery,critical thinking",Analytics Engineer
"analytics engineering,data warehouse,snowflake,bigquery,etl,airflow,dbt,data modeling,critical thinking,sql,python",Analytics Engineer
"data warehouse,data modeling,bigquery,leadership,sql,etl,dbt,airflow,critical thinking,snowflake,python",Analytics Engineer
"statistics,reporting,tableau,pandas,python,sql,dashboarding,excel,data visualization",Data Analyst
"tableau,power bi,data visualization,sql,business analysis,reporting",Business Analyst
"leadership,kubernetes,machine learning,deep learning,tensorflow,pytorch,model deployment,api development,mlops",Machine Learning Engineer
"docker,tensorflow,mlops,machine learning,kubernetes,deep learning,model deployment,python,pytorch,api development",Machine Learning Engineer
"model deployment,pandas,statistics,scikit-learn,numpy,data visualization,teamwork,python",Data Scientist
"python,power bi,reporting,sql,statistics,data visualization,dashboarding,pandas",Data Analyst
"mlops,machine learning,docker,model deployment,tensorflow,deep learning,api development",Machine Learning Engineer
"dashboarding,sql,tableau,pandas,python,reporting,statistics,excel,power bi",Data Analyst
"docker,pytorch,tensorflow,mlops,model deployment,api development,python,kubernetes",Machine Learning Engineer
"machine learning,scikit-learn,data visualization,python,feature engineering,pandas,communication,numpy,statistics,time management",Data Scientist
"kpi analysis,dashboarding,tableau,excel,sql,power bi,data modeling,business intelligence",BI Analyst
"data visualization,sql,communication,tableau,stakeholder management,excel,power bi,reporting,business analysis,requirements gathering",Business Analyst
"business intelligence,excel,data visualization,kpi analysis,dashboarding,problem solving,tableau,data modeling,leadership,sql",BI Analyst
"hadoop,communication,airflow,spark,problem solving,data warehouse,python,aws,sql,azure",Data Engineer
"data visualization,dashboarding,power bi,kpi analysis,sql,data modeling",BI Analyst
"docker,machine learning,problem solving,kubernetes,deep learning,api development,pytorch,mlops,tensorflow",Machine Learning Engineer
"presentation,communication,machine learning,data visualization,python,deep learning,feature engineering,scikit-learn,statistics,numpy",Data Scientist
"pandas,statistics,excel,power bi,reporting,dashboarding,data visualization",Data Analyst
"scikit-learn,statistics,leadership,pandas,data visualization,deep learning,time management,feature engineering,python",Data Scientist
"statistics,numpy,python,communication,scikit-learn,presentation,data visualization,machine learning",Data Scientist
"communication,data modeling,data visualization,power bi,excel,sql,dashboarding,kpi analysis,problem solving,business intelligence,reporting",BI Analyst
"business intelligence,dashboarding,leadership,kpi analysis,problem solving,excel,power bi,sql,tableau,reporting,data visualization",BI Analyst
"problem solving,tableau,data visualization,presentation,excel,data modeling,kpi analysis,reporting,business intelligence,dashboarding,power bi,sql",BI Analyst
"hadoop,aws,sql,etl,presentation,leadership,airflow,azure,spark,database design,data warehouse",Data Engineer
"etl,hadoop,azure,sql,aws,python,database design,data warehouse,airflow,leadership",Data Engineer
"sql,airflow,etl,azure,python,spark,critical thinking,hadoop,data warehouse,database design,teamwork",Data Engineer
"excel,data visualization,reporting,dashboarding,critical thinking,sql,tableau",Data Analyst
"scikit-learn,statistics,data visualization,machine learning,python,deep learning,numpy,feature engineering",Data Scientist
"power bi,communication,dashboarding,data visualization,excel,reporting,statistics,python,pandas,tableau",Data Analyst
"pandas,machine learning,deep learning,leadership,numpy,python,statistics,data visualization,model deployment,scikit-learn",Data Scientist
"database design,spark,data warehouse,aws,etl,azure,leadership,hadoop,airflow,sql,python",Data Engineer
"python,aws,azure,airflow,hadoop,sql,database design,data warehouse,teamwork,etl,spark",Data Engineer
"dashboarding,reporting,power bi,tableau,excel,pandas,python,critical thinking,sql,data visualization,statistics",Data Analyst
"time management,dbt,problem solving,snowflake,python,etl,bigquery,airflow",Analytics Engineer
"python,database design,data warehouse,spark,azure,aws,airflow",Data Engineer
"dbt,leadership,problem solving,data warehouse,analytics engineering,data modeling,etl,snowflake,sql,python,bigquery,airflow",Analytics Engineer
"time management,python,machine learning,mlops,leadership,api development,kubernetes,model deployment,deep learning",Machine Learning Engineer
"data warehouse,sql,azure,database design,spark,python,hadoop,aws",Data Engineer
"data visualization,sql,requirements gathering,stakeholder management,tableau,reporting,power bi,excel,time management,business analysis",Business Analyst
"model deployment,python,teamwork,tensorflow,machine learning,api development,pytorch,time management",Machine Learning Engineer
"analytics engineering,data modeling,snowflake,leadership,data warehouse,python,bigquery,airflow,etl,dbt",Analytics Engineer
"azure,sql,spark,aws,python,data warehouse,etl,presentation,hadoop,airflow",Data Engineer
"python,pytorch,deep learning,kubernetes,mlops,time management,machine learning,leadership,api development,tensorflow",Machine Learning Engineer
"aws,spark,database design,hadoop,sql,data warehouse,airflow",Data Engineer
"analytics engineering,data warehouse,sql,teamwork,dbt,python,etl,airflow",Analytics Engineer
"power bi,dashboarding,critical thinking,python,sql,statistics,teamwork,pandas,excel,reporting,data visualization",Data Analyst
"database design,airflow,python,etl,hadoop,spark,azure,leadership,data warehouse,aws,sql",Data Engineer
"data visualization,deep learning,scikit-learn,feature engineering,pandas,communication,python,statistics,machine learning",Data Scientist
"python,model deployment,mlops,critical thinking,teamwork,kubernetes,api development,docker,pytorch",Machine Learning Engineer
"data visualization,power bi,excel,time management,problem solving,stakeholder management,reporting,sql,requirements gathering",Business Analyst
"data visualization,reporting,communication,dashboarding,excel,tableau,data modeling,power bi",BI Analyst
"etl,analytics engineering,python,bigquery,communication,data modeling,sql",Analytics Engineer
"sql,time management,excel,requirements gathering,data visualization,communication,reporting,tableau,leadership,power bi,business analysis",Business Analyst
"power bi,python,dashboarding,sql,presentation,excel,pandas,data visualization,reporting,statistics",Data Analyst
"aws,airflow,database design,sql,data warehouse,azure,python,etl,spark",Data Engineer
"pandas,deep learning,feature engineering,numpy,time management,statistics,machine learning,data visualization,python",Data Scientist
"statistics,communication,model deployment,numpy,feature engineering,scikit-learn,deep learning,data visualization",Data Scientist
"data visualization,machine learning,numpy,scikit-learn,model deployment,problem solving,statistics,pandas,deep learning,feature engineering",Data Scientist
"tensorflow,python,pytorch,deep learning,mlops,docker,model deployment,kubernetes,machine learning",Machine Learning Engineer
"azure,etl,hadoop,sql,database design,teamwork,python",Data Engineer
"model deployment,statistics,numpy,presentation,pandas,deep learning,machine learning,feature engineering,python,data visualization,scikit-learn",Data Scientist
"analytics engineering,data modeling,teamwork,airflow,snowflake,time management,sql,bigquery",Analytics Engineer
"requirements gathering,sql,tableau,reporting,data visualization,business analysis,power bi,stakeholder management,communication,excel",Business Analyst
"docker,mlops,python,model deployment,machine learning,kubernetes,teamwork,leadership",Machine Learning Engineer
"communication,business analysis,communication,data visualization,excel,requirements gathering,power bi",Business Analyst
"mlops,tensorflow,deep learning,model deployment,pytorch,api development,docker,kubernetes",Machine Learning Engineer
"airflow,azure,presentation,sql,teamwork,hadoop,spark,data warehouse,aws",Data Engineer
"scikit-learn,pandas,deep learning,data visualization,feature engineering,machine learning,model deployment,statistics,teamwork",Data Scientist
"statistics,feature engineering,numpy,pandas,data visualization,deep learning,model deployment,python,scikit-learn",Data Scientist
"etl,dbt,python,airflow,data warehouse,data modeling,bigquery,analytics engineering,snowflake,sql",Analytics Engineer
"reporting,data modeling,dashboarding,kpi analysis,data visualization,business intelligence",BI Analyst
"python,pytorch,tensorflow,api development,machine learning,mlops,docker,kubernetes",Machine Learning Engineer
"time management,sql,dbt,airflow,etl,snowflake,data modeling,python,data warehouse,bigquery,analytics engineering",Analytics Engineer
"sql,data visualization,problem solving,excel,power bi,business intelligence,kpi analysis,data modeling,reporting,tableau",BI Analyst
"dbt,analytics engineering,airflow,snowflake,data modeling,bigquery,python,leadership,data warehouse,sql,etl",Analytics Engineer
"time management,python,scikit-learn,pandas,numpy,deep learning,feature engineering",Data Scientist
"data visualization,statistics,sql,python,tableau,excel,pandas,reporting",Data Analyst
"statistics,critical thinking,reporting,leadership,sql,tableau,dashboarding,pandas,python",Data Analyst
"analytics engineering,communication,etl,time management,snowflake,data warehouse,data modeling,bigquery,airflow,python,dbt,sql",Analytics Engineer
"feature engineering,model deployment,scikit-learn,python,machine learning,deep learning,leadership,data visualization,pandas,statistics,numpy",Data Scientist
"statistics,pandas,data visualization,dashboarding,tableau,reporting,time management,sql",Data Analyst
"problem solving,python,bigquery,teamwork,sql,airflow,data modeling,snowflake",Analytics Engineer
"etl,spark,sql,python,airflow,azure,database design,data warehouse",Data Engineer
"kpi analysis,data visualization,reporting,tableau,sql,dashboarding,data modeling",BI Analyst
"snowflake,analytics engineering,airflow,time management,python,sql,bigquery,dbt,data warehouse,teamwork,etl,data modeling",Analytics Engineer
"api development,tensorflow,docker,model deployment,deep learning,pytorch,kubernetes,python,mlops,presentation",Machine Learning Engineer
"database design,azure,etl,sql,aws,airflow,data warehouse,hadoop,spark,python",Data Engineer
"critical thinking,airflow,presentation,sql,azure,etl,data warehouse,aws",Data Engineer
"python,excel,sql,pandas,statistics,dashboarding,time management,critical thinking,power bi,data visualization,tableau,reporting",Data Analyst
"machine learning,deep learning,data visualization,statistics,model deployment,scikit-learn,python",Data Scientist
"python,machine learning,kubernetes,leadership,docker,mlops,tensorflow,problem solving",Machine Learning Engineer
"sql,tableau,time management,pandas,dashboarding,data visualization,excel,problem solving,power bi",Data Analyst
"power bi,excel,data modeling,teamwork,tableau,reporting,kpi analysis,sql,dashboarding,data visualization",BI Analyst
"problem solving,docker,tensorflow,python,machine learning,model deployment,mlops,pytorch,kubernetes,deep learning",Machine Learning Engineer
"hadoop,sql,critical thinking,azure,spark,etl,aws,python,database design,airflow",Data Engineer
"mlops,model deployment,machine learning,python,leadership,kubernetes,deep learning,docker",Machine Learning Engineer
"excel,requirements gathering,communication,presentation,data visualization,tableau,reporting,business analysis,leadership,stakeholder management",Business Analyst
"data modeling,analytics engineering,bigquery,snowflake,sql,airflow,leadership,dbt,python",Analytics Engineer
"data visualization,requirements gathering,critical thinking,stakeholder management,tableau,communication,reporting",Business Analyst
"pytorch,leadership,time management,tensorflow,docker,python,kubernetes,model deployment",Machine Learning Engineer
"spark,leadership,etl,sql,airflow,aws,azure,database design",Data Engineer
"dashboarding,power bi,business intelligence,tableau,kpi analysis,reporting,leadership,time management,excel",BI Analyst
"snowflake,analytics engineering,sql,problem solving,airflow,data modeling,python,presentation",Analytics Engineer
"azure,python,problem solving,airflow,critical thinking,sql,hadoop,aws,spark,database design",Data Engineer
"tableau,excel,reporting,communication,stakeholder management,sql,communication,requirements gathering,business analysis,power bi",Business Analyst
"data modeling,data visualization,kpi analysis,business intelligence,sql,dashboarding,tableau,leadership,excel",BI Analyst
"tensorflow,problem solving,pytorch,deep learning,mlops,machine learning,python,api development,model deployment,kubernetes,docker",Machine Learning Engineer
"python,sql,etl,spark,aws,database design,azure,hadoop",Data Engineer
"machine learning,deep learning,critical thinking,pytorch,api development,model deployment,python,kubernetes,mlops,docker,tensorflow",Machine Learning Engineer
"data visualization,time management,data modeling,dashboarding,excel,power bi,business intelligence,tableau",BI Analyst
"machine learning,feature engineering,presentation,numpy,python,model deployment,deep learning,scikit-learn,data visualization",Data Scientist
"sql,reporting,tableau,power bi,dashboarding,kpi analysis",BI Analyst
"numpy,feature engineering,statistics,python,machine learning,deep learning",Data Scientist
"power bi,data modeling,reporting,data visualization,business intelligence,sql",BI Analyst
"critical thinking,excel,teamwork,reporting,data visualization,power bi,dashboarding,sql,pandas,tableau,statistics,python",Data Analyst
"model deployment,machine learning,pandas,data visualization,scikit-learn,python,feature engineering,numpy,deep learning,statistics",Data Scientist
"data warehouse,snowflake,data modeling,etl,teamwork,bigquery,dbt,problem solving,python",Analytics Engineer
"teamwork,aws,etl,sql,data warehouse,database design,airflow,hadoop,azure,spark",Data Engineer
"airflow,python,etl,snowflake,sql,data warehouse,bigquery,time management,analytics engineering,dbt,communication",Analytics Engineer
"business analysis,reporting,time management,requirements gathering,sql,power bi,leadership,tableau",Business Analyst
"data warehouse,aws,azure,python,hadoop,sql,etl,spark",Data Engineer
"hadoop,azure,database design,aws,airflow,sql,time management,etl",Data Engineer
"reporting,requirements gathering,sql,critical thinking,data visualization,power bi,communication,excel,leadership,stakeholder management,business analysis",Business Analyst
"hadoop,etl,azure,python,data warehouse,sql,airflow,aws",Data Engineer
"reporting,communication,dashboarding,business intelligence,sql,data visualization,kpi analysis",BI Analyst
"leadership,python,spark,data warehouse,time management,airflow,azure,aws,etl,sql",Data Engineer
"spark,sql,aws,airflow,teamwork,python,azure,database design",Data Engineer
"reporting,sql,communication,data modeling,kpi analysis,power bi,tableau",BI Analyst
"scikit-learn,model deployment,statistics,data visualization,machine learning,deep learning,numpy,feature engineering",Data Scientist
"power bi,excel,sql,reporting,statistics,critical thinking,data visualization,python,tableau,pandas",Data Analyst
"data warehouse,python,teamwork,sql,snowflake,bigquery,data modeling,airflow,leadership",Analytics Engineer
"statistics,data visualization,deep learning,python,pandas,numpy",Data Scientist
"sql,data visualization,tableau,business intelligence,teamwork,data modeling,kpi analysis,dashboarding,excel,power bi",BI Analyst
"pandas,deep learning,feature engineering,scikit-learn,presentation,python,model deployment,numpy,data visualization,machine learning,statistics",Data Scientist
"python,dbt,analytics engineering,data warehouse,data modeling,airflow,etl,critical thinking,bigquery",Analytics Engineer
"business intelligence,power bi,tableau,kpi analysis,teamwork,data visualization,reporting,dashboarding,leadership",BI Analyst
"tableau,python,dashboarding,statistics,reporting,excel,leadership,pandas",Data Analyst
"time management,data visualization,dashboarding,reporting,power bi,pandas,python,communication,excel,tableau,sql",Data Analyst
"excel,data visualization,sql,reporting,critical thinking,problem solving,requirements gathering,stakeholder management,business analysis",Business Analyst
"python,dashboarding,statistics,tableau,data visualization,sql,reporting,pandas",Data Analyst
"tableau,business intelligence,kpi analysis,data modeling,excel,sql,data visualization,reporting",BI Analyst
"excel,communication,stakeholder management,requirements gathering,reporting,data visualization,sql,presentation,power bi,tableau,business analysis",Business Analyst
"data modeling,python,data warehouse,bigquery,sql,dbt,etl",Analytics Engineer
"data visualization,problem solving,dashboarding,power bi,statistics,reporting,excel,pandas,tableau",Data Analyst
"aws,python,azure,spark,hadoop,sql,database design",Data Engineer
"data warehouse,dbt,sql,airflow,python,data modeling,etl,communication,presentation",Analytics Engineer
"leadership,python,kubernetes,mlops,api development,model deployment,machine learning,docker,tensorflow,pytorch,deep learning",Machine Learning Engineer
"pandas,model deployment,machine learning,numpy,scikit-learn,data visualization,python,statistics",Data Scientist
"data visualization,reporting,requirements gathering,tableau,power bi,excel",Business Analyst
"azure,leadership,spark,python,database design,airflow,hadoop,data warehouse,etl,sql",Data Engineer
"deep learning,tensorflow,time management,leadership,kubernetes,docker,pytorch,python,mlops,machine learning,model deployment",Machine Learning Engineer
"data visualization,python,scikit-learn,numpy,feature engineering,pandas,model deployment,deep learning,statistics,machine learning",Data Scientist
"teamwork,airflow,data modeling,bigquery,python,sql,presentation,dbt,snowflake,analytics engineering",Analytics Engineer
"requirements gathering,power bi,stakeholder management,reporting,teamwork,leadership,tableau,communication",Business Analyst
"pytorch,kubernetes,machine learning,mlops,api development,model deployment,deep learning,python,docker,tensorflow",Machine Learning Engineer
"reporting,presentation,sql,excel,dashboarding,python,pandas,power bi,tableau,statistics",Data Analyst
"power bi,dashboarding,excel,reporting,tableau,leadership,kpi analysis",BI Analyst
"kpi analysis,dashboarding,reporting,data visualization,tableau,excel,data modeling,power bi,sql",BI Analyst
"stakeholder management,communication,tableau,reporting,power bi,excel,requirements gathering,sql,business analysis",Business Analyst
"excel,business intelligence,tableau,power bi,sql,kpi analysis",BI Analyst
"statistics,pandas,data visualization,numpy,presentation,deep learning,python,feature engineering,machine learning,model deployment,scikit-learn",Data Scientist
"model deployment,mlops,machine learning,python,pytorch,deep learning,docker,kubernetes,api development",Machine Learning Engineer
"leadership,aws,hadoop,azure,etl,data warehouse,sql,airflow,database design,spark,critical thinking",Data Engineer
"reporting,data visualization,kpi analysis,power bi,data modeling,tableau,excel,dashboarding,business intelligence,communication",BI Analyst
"requirements gathering,tableau,business analysis,excel,sql,data visualization,reporting",Business Analyst
"communication,tableau,data visualization,reporting,business intelligence,excel,problem solving,power bi",BI Analyst
"python,kubernetes,tensorflow,deep learning,mlops,machine learning,pytorch,docker,api development",Machine Learning Engineer
"statistics,python,deep learning,scikit-learn,numpy,pandas,data visualization,model deployment,machine learning,feature engineering",Data Scientist
"tableau,kpi analysis,excel,business intelligence,sql,time management,reporting,power bi,dashboarding",BI Analyst
"deep learning,statistics,pandas,model deployment,numpy,feature engineering",Data Scientist
"leadership,python,data visualization,statistics,dashboarding,sql,pandas,tableau,reporting,presentation",Data Analyst
"kubernetes,api development,tensorflow,docker,deep learning,machine learning,python,model deployment,mlops,leadership",Machine Learning Engineer
"kubernetes,tensorflow,python,api development,model deployment,machine learning,mlops,pytorch",Machine Learning Engineer
"feature engineering,model deployment,scikit-learn,statistics,pandas,deep learning,machine learning,data visualization",Data Scientist
"machine learning,scikit-learn,deep learning,feature engineering,data visualization,numpy,model deployment,time management,pandas,statistics,teamwork,python",Data Scientist
"reporting,sql,dashboarding,data visualization,statistics,presentation,tableau,python",Data Analyst
"sql,dashboarding,pandas,presentation,excel,reporting,leadership,statistics,tableau",Data Analyst
"docker,python,machine learning,pytorch,api development,kubernetes",Machine Learning Engineer
"sql,reporting,excel,data modeling,kpi analysis,data visualization,dashboarding,power bi,tableau,business intelligence",BI Analyst
"critical thinking,data warehouse,snowflake,analytics engineering,problem solving,bigquery,etl,python,dbt",Analytics Engineer
"teamwork,communication,data visualization,reporting,pandas,statistics,tableau,power bi,dashboarding,excel,python,sql",Data Analyst
"tableau,dashboarding,excel,business intelligence,data visualization,data modeling,power bi,kpi analysis,sql,leadership,reporting",BI Analyst
"snowflake,python,etl,sql,airflow,bigquery",Analytics Engineer
"power bi,tableau,reporting,critical thinking,requirements gathering,communication,stakeholder management,presentation,sql,business analysis",Business Analyst
"pandas,scikit-learn,machine learning,feature engineering,deep learning,statistics,numpy,data visualization,python",Data Scientist
"data visualization,data modeling,tableau,dashboarding,kpi analysis,power bi,reporting",BI Analyst
"python,tensorflow,time management,mlops,pytorch,docker,communication,deep learning,model deployment,machine learning,api development",Machine Learning Engineer
"reporting,pandas,leadership,presentation,dashboarding,sql,tableau,data visualization,python,excel,statistics,power bi",Data Analyst
"requirements gathering,data visualization,business analysis,tableau,excel,time management,sql,reporting,power bi",Business Analyst
"tableau,teamwork,leadership,sql,data visualization,dashboarding,excel,reporting,power bi,statistics,python",Data Analyst
"azure,database design,data warehouse,sql,problem solving,etl,python,leadership",Data Engineer
"etl,airflow,python,critical thinking,database design,data warehouse,presentation,azure,spark",Data Engineer
"hadoop,data warehouse,aws,azure,time management,database design,spark,presentation,python,sql",Data Engineer
"dbt,sql,bigquery,presentation,analytics engineering,critical thinking,snowflake,etl",Analytics Engineer
"data warehouse,data modeling,airflow,dbt,critical thinking,teamwork,snowflake,python,sql",Analytics Engineer
"kpi analysis,business intelligence,tableau,data modeling,critical thinking,dashboarding,sql",BI Analyst
"etl,analytics engineering,python,problem solving,bigquery,presentation,dbt,snowflake,sql",Analytics Engineer
"deep learning,tensorflow,machine learning,model deployment,python,docker,pytorch",Machine Learning Engineer
"excel,business analysis,reporting,requirements gathering,tableau,communication",Business Analyst
"sql,kpi analysis,business intelligence,data visualization,dashboarding,excel",BI Analyst
"dbt,analytics engineering,data modeling,python,communication,etl,data warehouse,snowflake,presentation,sql,airflow,bigquery",Analytics Engineer
"machine learning,tensorflow,python,leadership,communication,api development,mlops,pytorch,deep learning,docker,model deployment",Machine Learning Engineer
"model deployment,scikit-learn,deep learning,pandas,feature engineering,data visualization,machine learning,numpy,statistics,python,critical thinking",Data Scientist
"tableau,data visualization,communication,excel,stakeholder management,power bi,leadership,business analysis,sql",Business Analyst
"python,communication,data visualization,deep learning,statistics,machine learning,feature engineering",Data Scientist
"sql,power bi,excel,pandas,dashboarding,statistics,tableau,python,time management,presentation,reporting",Data Analyst
"tableau,problem solving,stakeholder management,reporting,sql,excel,business analysis,communication,requirements gathering,teamwork,data visualization,power bi",Business Analyst
"tensorflow,python,model deployment,pytorch,api development,mlops,machine learning,kubernetes,docker",Machine Learning Engineer
"dashboarding,time management,pandas,power bi,tableau,statistics,python,presentation",Data Analyst
"teamwork,time management,tableau,excel,dashboarding,data modeling,sql,reporting,kpi analysis,power bi",BI Analyst
"deep learning,python,scikit-learn,model deployment,numpy,data visualization",Data Scientist
"airflow,database design,data warehouse,python,spark,etl,sql,azure,teamwork",Data Engineer
"python,hadoop,airflow,aws,critical thinking,data warehouse,spark,sql,communication,database design",Data Engineer
"communication,problem solving,kpi analysis,dashboarding,sql,data visualization,reporting,business intelligence,data modeling,tableau",BI Analyst
"etl,bigquery,dbt,data warehouse,analytics engineering,communication,sql,snowflake,python,time management,airflow,data modeling",Analytics Engineer
"etl,python,airflow,sql,bigquery,data modeling,data warehouse,snowflake,analytics engineering,dbt,time management,presentation",Analytics Engineer
"excel,reporting,tableau,business intelligence,power bi,dashboarding,kpi analysis,data visualization,data modeling,sql",BI Analyst
"reporting,communication,power bi,excel,presentation,data modeling,dashboarding,kpi analysis,data visualization",BI Analyst
"pytorch,machine learning,model deployment,docker,deep learning,kubernetes,communication,presentation,mlops",Machine Learning Engineer
"dashboarding,reporting,power bi,kpi analysis,sql,data visualization,data modeling",BI Analyst
"kubernetes,machine learning,deep learning,leadership,python,pytorch,model deployment",Machine Learning Engineer
"stakeholder management,power bi,business analysis,tableau,communication,reporting,requirements gathering,data visualization",Business Analyst
"sql,excel,power bi,reporting,data visualization,dashboarding",Data Analyst
"analytics engineering,data modeling,leadership,snowflake,dbt,sql,bigquery,problem solving",Analytics Engineer
"spark,etl,hadoop,airflow,aws,python,sql",Data Engineer
"python,tensorflow,deep learning,mlops,critical thinking,kubernetes,pytorch,model deployment,docker,api development",Machine Learning Engineer
"communication,python,model deployment,scikit-learn,deep learning,feature engineering,data visualization,presentation,statistics,numpy,pandas,machine learning",Data Scientist
"stakeholder management,communication,requirements gathering,tableau,reporting,sql,business analysis,power bi",Business Analyst
"tableau,sql,power bi,requirements gathering,reporting,business analysis,communication,stakeholder management,excel,data visualization,communication",Business Analyst
"tableau,reporting,sql,data visualization,power bi,business intelligence,critical thinking,problem solving,data modeling,excel",BI Analyst
"excel,business analysis,stakeholder management,reporting,communication,tableau,sql,power bi,requirements gathering",Business Analyst
"data modeling,tableau,problem solving,excel,leadership,dashboarding,reporting,data visualization,power bi,sql",BI Analyst
"sql,hadoop,aws,azure,leadership,airflow,spark,database design,etl,data warehouse",Data Engineer
"analytics engineering,critical thinking,data modeling,bigquery,snowflake,etl,data warehouse,python,dbt",Analytics Engineer
"pandas,feature engineering,communication,statistics,model deployment,deep learning,scikit-learn,machine learning,data visualization",Data Scientist
"deep learning,docker,time management,tensorflow,mlops,api development,model deployment",Machine Learning Engineer
"communication,power bi,tableau,communication,business analysis,data visualization,reporting,excel,stakeholder management",Business Analyst
"communication,data warehouse,problem solving,sql,spark,hadoop,azure,aws,etl",Data Engineer
"sql,etl,database design,python,aws,airflow,hadoop",Data Engineer
"data warehouse,snowflake,airflow,dbt,sql,problem solving,data modeling,python,presentation,analytics engineering",Analytics Engineer
"dashboarding,excel,critical thinking,business intelligence,data modeling,data visualization,kpi analysis,power bi,sql",BI Analyst
"python,pandas,data visualization,numpy,machine learning,leadership,scikit-learn,deep learning,feature engineering",Data Scientist
"tensorflow,mlops,communication,docker,teamwork,python,model deployment,kubernetes,pytorch,machine learning,api development",Machine Learning Engineer
"tableau,sql,dashboarding,statistics,excel,reporting,data visualization",Data Analyst
"python,snowflake,data modeling,data warehouse,problem solving,airflow,dbt,bigquery",Analytics Engineer
"kpi analysis,data modeling,dashboarding,business intelligence,data visualization,reporting,excel,tableau",BI Analyst
"teamwork,sql,excel,kpi analysis,tableau,reporting,business intelligence,data modeling,dashboarding,data visualization",BI Analyst
"presentation,machine learning,critical thinking,numpy,pandas,data visualization,python,model deployment",Data Scientist
"database design,etl,airflow,data warehouse,python,sql,azure,aws,spark,communication,hadoop,time management",Data Engineer
"scikit-learn,feature engineering,python,machine learning,deep learning,model deployment,pandas,statistics,data visualization",Data Scientist
"etl,python,azure,sql,aws,spark,data warehouse,database design",Data Engineer
"machine learning,deep learning,data visualization,critical thinking,feature engineering,numpy,leadership,pandas",Data Scientist
"data visualization,excel,tableau,sql,reporting,time management,python,pandas,dashboarding,power bi,teamwork",Data Analyst
"statistics,feature engineering,machine learning,python,deep learning,communication,numpy",Data Scientist
"spark,python,airflow,critical thinking,data warehouse,sql,aws,etl,database design,leadership",Data Engineer
"sql,data warehouse,spark,etl,python,aws,azure,time management,hadoop",Data Engineer
"data visualization,power bi,tableau,sql,excel,kpi analysis",BI Analyst
"deep learning,scikit-learn,model deployment,python,problem solving,feature engineering,machine learning,data visualization,numpy,statistics",Data Scientist
"data visualization,machine learning,scikit-learn,critical thinking,statistics,deep learning,pandas,numpy",Data Scientist
"snowflake,problem solving,data warehouse,analytics engineering,dbt,bigquery,sql,airflow,data modeling",Analytics Engineer
"tensorflow,api development,docker,machine learning,model deployment,deep learning",Machine Learning Engineer
"python,aws,airflow,spark,data warehouse,azure,hadoop,sql,database design,leadership",Data Engineer
"docker,pytorch,kubernetes,machine learning,deep learning,api development,python,model deployment,mlops",Machine Learning Engineer
"data warehouse,spark,communication,etl,database design,hadoop,sql",Data Engineer
"power bi,reporting,teamwork,data modeling,communication,excel,kpi analysis,data visualization",BI Analyst
"bigquery,etl,communication,data warehouse,problem solving,sql,data modeling,python",Analytics Engineer
"tableau,reporting,statistics,pandas,python,power bi,data visualization",Data Analyst
"presentation,pandas,feature engineering,statistics,numpy,deep learning,data visualization,scikit-learn",Data Scientist
"data modeling,airflow,dbt,snowflake,teamwork,presentation,bigquery,etl",Analytics Engineer
"machine learning,deep learning,python,mlops,tensorflow,docker,pytorch,kubernetes",Machine Learning Engineer
"azure,python,database design,hadoop,spark,data warehouse,presentation,leadership,etl,sql",Data Engineer
"mlops,model deployment,teamwork,api development,docker,deep learning,kubernetes,python,machine learning,pytorch",Machine Learning Engineer
"python,problem solving,model deployment,presentation,numpy,data visualization,statistics,machine learning,scikit-learn,pandas",Data Scientist
"reporting,pandas,data visualization,sql,excel,statistics,tableau,python",Data Analyst
"numpy,data visualization,pandas,python,statistics,machine learning,deep learning,communication,feature engineering,model deployment,teamwork",Data Scientist
"dbt,analytics engineering,communication,bigquery,python,airflow,sql,data modeling,data warehouse,etl",Analytics Engineer
"time management,python,sql,etl,airflow,data warehouse,data modeling,snowflake",Analytics Engineer
"data warehouse,bigquery,teamwork,sql,dbt,etl,airflow,python,data modeling,analytics engineering,snowflake",Analytics Engineer
"machine learning,scikit-learn,data visualization,teamwork,feature engineering,pandas,numpy,statistics,deep learning,model deployment",Data Scientist
"dashboarding,pandas,data visualization,excel,reporting,python,power bi,statistics,presentation,sql,tableau,problem solving",Data Analyst
"tableau,pandas,dashboarding,data visualization,python,statistics,excel",Data Analyst
"kpi analysis,sql,excel,data modeling,power bi,tableau,dashboarding,reporting",BI Analyst
"excel,reporting,business intelligence,data modeling,data visualization,power bi,sql,presentation,kpi analysis",BI Analyst
"problem solving,data visualization,tableau,business intelligence,kpi analysis,sql,dashboarding,excel,power bi,reporting,critical thinking,data modeling",BI Analyst
"tableau,reporting,data visualization,excel,dashboarding,power bi,kpi analysis,sql,data modeling",BI Analyst
"reporting,data visualization,python,excel,power bi,time management,pandas,problem solving,tableau",Data Analyst
"dbt,etl,analytics engineering,snowflake,data modeling,bigquery,sql,time management,communication",Analytics Engineer
"scikit-learn,pandas,machine learning,model deployment,communication,presentation,data visualization,deep learning,numpy",Data Scientist
"feature engineering,python,presentation,model deployment,pandas,statistics,deep learning,machine learning,scikit-learn",Data Scientist
"data visualization,pandas,model deployment,statistics,python,time management,numpy,scikit-learn,problem solving,feature engineering,deep learning,machine learning",Data Scientist
"data warehouse,communication,airflow,etl,hadoop,azure,database design",Data Engineer
"airflow,azure,python,data warehouse,sql,etl,presentation,critical thinking",Data Engineer
"excel,python,dashboarding,data visualization,pandas,reporting,tableau,power bi",Data Analyst
"machine learning,tensorflow,model deployment,kubernetes,deep learning,python,docker",Machine Learning Engineer
"business analysis,tableau,data visualization,requirements gathering,sql,excel,reporting",Business Analyst
"data warehouse,dbt,snowflake,data modeling,etl,analytics engineering,python,communication,time management",Analytics Engineer
"communication,excel,business analysis,time management,stakeholder management,requirements gathering,sql,power bi,reporting",Business Analyst
"etl,azure,spark,data warehouse,airflow,sql,time management,hadoop,python,teamwork",Data Engineer
"statistics,data visualization,deep learning,scikit-learn,python,pandas,leadership",Data Scientist
"communication,feature engineering,pandas,machine learning,python,numpy,deep learning,model deployment,scikit-learn,statistics",Data Scientist
"python,pytorch,api development,mlops,tensorflow,kubernetes,docker,machine learning,deep learning",Machine Learning Engineer
"communication,tableau,excel,stakeholder management,sql,leadership,power bi,data visualization",Business Analyst
"sql,data modeling,tableau,dashboarding,data visualization,excel,teamwork,reporting",BI Analyst
"problem solving,business analysis,reporting,power bi,data visualization,excel,stakeholder management,requirements gathering,communication",Business Analyst
"time management,tableau,data visualization,communication,power bi,reporting,stakeholder management,teamwork,excel",Business Analyst
"data warehouse,hadoop,leadership,etl,airflow,python,aws,azure",Data Engineer
"numpy,model deployment,deep learning,machine learning,statistics,feature engineering",Data Scientist
"tableau,power bi,pandas,sql,presentation,problem solving,statistics,dashboarding",Data Analyst
"statistics,leadership,scikit-learn,presentation,python,deep learning,machine learning,model deployment,feature engineering",Data Scientist
"deep learning,tensorflow,api development,python,pytorch,mlops,machine learning,model deployment,problem solving,communication,kubernetes,docker",Machine Learning Engineer
"critical thinking,kpi analysis,problem solving,reporting,tableau,data modeling,data visualization,dashboarding,power bi,sql",BI Analyst
"pytorch,docker,kubernetes,python,api development,tensorflow,mlops,machine learning,deep learning,model deployment,communication,problem solving",Machine Learning Engineer
"pandas,data visualization,statistics,scikit-learn,deep learning,feature engineering,numpy,machine learning",Data Scientist
"hadoop,data warehouse,spark,sql,airflow,python,database design,aws,etl,azure",Data Engineer
"data warehouse,python,database design,aws,azure,teamwork,hadoop,etl",Data Engineer
"business intelligence,kpi analysis,dashboarding,excel,reporting,tableau,power bi",BI Analyst
"machine learning,model deployment,api development,tensorflow,deep learning,kubernetes,docker,pytorch",Machine Learning Engineer
"feature engineering,deep learning,machine learning,pandas,statistics,model deployment,data visualization",Data Scientist
"power bi,excel,tableau,sql,dashboarding,business intelligence,data visualization,data modeling",BI Analyst
"statistics,reporting,dashboarding,power bi,excel,data visualization,sql,python,time management,pandas,tableau",Data Analyst
"kpi analysis,sql,business intelligence,data visualization,data modeling,excel,dashboarding,reporting,power bi",BI Analyst
"tableau,requirements gathering,sql,business analysis,data visualization,reporting,excel,communication",Business Analyst
"python,excel,pandas,statistics,power bi,data visualization,reporting,tableau,sql",Data Analyst
"deep learning,critical thinking,machine learning,pandas,data visualization,statistics,numpy",Data Scientist
"tableau,python,dashboarding,data visualization,statistics,pandas",Data Analyst
"teamwork,tableau,business intelligence,dashboarding,sql,excel,reporting,power bi",BI Analyst
"analytics engineering,data modeling,bigquery,data warehouse,sql,etl,snowflake,problem solving,time management,python,airflow",Analytics Engineer
"reporting,data visualization,tableau,power bi,data modeling,dashboarding,excel,sql,business intelligence",BI Analyst
"pandas,machine learning,feature engineering,python,model deployment,deep learning,presentation,numpy,statistics,scikit-learn,data visualization,communication",Data Scientist
"sql,communication,tableau,excel,communication,stakeholder management,time management,business analysis,reporting,data visualization,requirements gathering,power bi",Business Analyst
"pandas,leadership,model deployment,feature engineering,statistics,python,scikit-learn",Data Scientist
"docker,kubernetes,python,api development,tensorflow,mlops,pytorch,deep learning,machine learning,model deployment",Machine Learning Engineer
"communication,python,mlops,api development,kubernetes,deep learning,tensorflow,model deployment,docker,pytorch,teamwork,machine learning",Machine Learning Engineer
"scikit-learn,numpy,machine learning,deep learning,model deployment,feature engineering,leadership,statistics,data visualization,communication,pandas",Data Scientist
"data modeling,dashboarding,data visualization,problem solving,sql,excel,power bi,critical thinking,tableau",BI Analyst
"python,model deployment,leadership,mlops,docker,kubernetes,pytorch,machine learning",Machine Learning Engineer
"dbt,bigquery,airflow,data modeling,analytics engineering,data warehouse,python,teamwork,leadership,snowflake,etl,sql",Analytics Engineer
"tableau,sql,excel,data visualization,teamwork,pandas,statistics,dashboarding,reporting,time management,python,power bi",Data Analyst
"time management,numpy,scikit-learn,python,feature engineering,statistics,model deployment,deep learning,pandas,machine learning,data visualization",Data Scientist
"spark,sql,aws,azure,python,database design,etl",Data Engineer
"excel,reporting,tableau,data visualization,kpi analysis,data modeling,business intelligence",BI Analyst
"data visualization,reporting,presentation,statistics,time management,dashboarding,excel,pandas",Data Analyst
"problem solving,data modeling,critical thinking,data warehouse,airflow,analytics engineering,snowflake,sql,bigquery,python",Analytics Engineer
"pytorch,deep learning,tensorflow,kubernetes,leadership,python,mlops,api development,machine learning",Machine Learning Engineer
"communication,tableau,data visualization,business intelligence,excel,reporting,dashboarding,sql",BI Analyst
"leadership,python,deep learning,machine learning,data visualization,model deployment,problem solving,statistics",Data Scientist
"data modeling,data visualization,kpi analysis,tableau,reporting,dashboarding,power bi,communication,sql",BI Analyst
"leadership,dbt,data modeling,snowflake,etl,sql,python,problem solving,data warehouse,bigquery",Analytics Engineer
"etl,data warehouse,aws,python,airflow,database design,communication,azure,spark,sql,hadoop",Data Engineer
"pandas,statistics,python,deep learning,scikit-learn,feature engineering,numpy,model deployment,presentation,data visualization,time management,machine learning",Data Scientist
"python,problem solving,analytics engineering,dbt,leadership,airflow,data warehouse,bigquery,etl,snowflake,data modeling",Analytics Engineer
"critical thinking,python,docker,machine learning,kubernetes,model deployment,deep learning,api development,tensorflow,pytorch",Machine Learning Engineer
"model deployment,docker,kubernetes,pytorch,leadership,api development,mlops",Machine Learning Engineer
"tableau,requirements gathering,stakeholder management,business analysis,sql,communication,excel,leadership,time management,reporting,data visualization,power bi",Business Analyst
"statistics,tableau,data visualization,power bi,excel,critical thinking,dashboarding,leadership",Data Analyst
"dbt,analytics engineering,etl,data warehouse,bigquery,airflow,data modeling,sql,snowflake",Analytics Engineer
"requirements gathering,power bi,presentation,communication,stakeholder management,business analysis,sql",Business Analyst
"kpi analysis,sql,tableau,leadership,dashboarding,time management,excel,reporting",BI Analyst
"feature engineering,python,pandas,machine learning,numpy,deep learning,statistics,data visualization",Data Scientist
"data modeling,sql,data warehouse,analytics engineering,dbt,etl",Analytics Engineer
"statistics,pandas,time management,power bi,python,tableau,data visualization,leadership,sql",Data Analyst
"problem solving,python,aws,etl,hadoop,data warehouse,sql",Data Engineer
"statistics,numpy,communication,machine learning,deep learning,feature engineering,python,critical thinking,model deployment",Data Scientist
"scikit-learn,deep learning,python,model deployment,machine learning,feature engineering",Data Scientist
"numpy,model deployment,leadership,python,scikit-learn,feature engineering,problem solving,deep learning,statistics,machine learning",Data Scientist
"excel,statistics,python,pandas,sql,power bi,tableau,dashboarding,data visualization",Data Analyst
"time management,power bi,python,data visualization,reporting,excel,pandas",Data Analyst
"power bi,sql,kpi analysis,reporting,data modeling,business intelligence,excel,tableau",BI Analyst
"communication,airflow,data warehouse,data modeling,etl,bigquery,python,snowflake,sql,analytics engineering,dbt",Analytics Engineer
"data warehouse,communication,azure,hadoop,sql,python,spark,aws",Data Engineer
"sql,data modeling,analytics engineering,bigquery,dbt,etl,airflow",Analytics Engineer
"data modeling,sql,snowflake,dbt,bigquery,airflow,analytics engineering,data warehouse",Analytics Engineer
"power bi,sql,reporting,tableau,data visualization,problem solving,data modeling,dashboarding,excel,business intelligence",BI Analyst
"etl,aws,azure,python,hadoop,database design",Data Engineer
"tableau,communication,reporting,data visualization,dashboarding,excel,data modeling,sql",BI Analyst
"sql,business analysis,tableau,power bi,reporting,excel,stakeholder management,communication",Business Analyst
"hadoop,azure,presentation,aws,sql,python,database design,teamwork,airflow",Data Engineer
"critical thinking,excel,reporting,pandas,sql,data visualization,power bi,python",Data Analyst
"airflow,python,data warehouse,etl,data modeling,teamwork,dbt",Analytics Engineer
"snowflake,problem solving,etl,analytics engineering,airflow,sql,data modeling,python,data warehouse,bigquery,presentation",Analytics Engineer
"numpy,model deployment,statistics,feature engineering,scikit-learn,machine learning,deep learning,teamwork,python,pandas",Data Scientist
"feature engineering,pandas,model deployment,data visualization,deep learning,python,presentation,statistics,scikit-learn",Data Scientist
"data warehouse,analytics engineering,airflow,etl,bigquery,python,sql",Analytics Engineer
"sql,dbt,data warehouse,leadership,airflow,analytics engineering,python",Analytics Engineer
"snowflake,etl,airflow,bigquery,sql,analytics engineering,data warehouse,python",Analytics Engineer
"model deployment,mlops,python,pytorch,machine learning,presentation,deep learning",Machine Learning Engineer
"machine learning,data visualization,time management,deep learning,scikit-learn,model deployment,python,numpy,communication,feature engineering",Data Scientist
"excel,kpi analysis,sql,tableau,communication,leadership,data modeling,business intelligence,reporting,dashboarding,data visualization,power bi",BI Analyst
"excel,power bi,stakeholder management,tableau,reporting,communication,data visualization,sql,requirements gathering,problem solving",Business Analyst
"data visualization,presentation,machine learning,statistics,scikit-learn,python,numpy,leadership,pandas,deep learning,feature engineering,model deployment",Data Scientist
"pandas,data visualization,statistics,excel,dashboarding,tableau,python,sql",Data Analyst
"sql,stakeholder management,communication,tableau,power bi,requirements gathering,teamwork,excel,data visualization,presentation,business analysis",Business Analyst
"python,deep learning,api development,mlops,machine learning,model deployment,pytorch,time management,docker,tensorflow,problem solving,kubernetes",Machine Learning Engineer
"data visualization,power bi,tableau,sql,business analysis,communication,stakeholder management,communication,reporting",Business Analyst
"airflow,etl,sql,bigquery,dbt,data modeling,analytics engineering,critical thinking",Analytics Engineer
"power bi,requirements gathering,excel,stakeholder management,sql,business analysis,reporting,communication,tableau,data visualization",Business Analyst
"power bi,communication,data visualization,excel,sql,communication,reporting",Business Analyst
"pytorch,mlops,time management,machine learning,deep learning,tensorflow,model deployment,docker",Machine Learning Engineer
"tableau,excel,data modeling,dashboarding,kpi analysis,sql,data visualization,power bi,business intelligence",BI Analyst
"critical thinking,python,hadoop,database design,data warehouse,aws,sql,teamwork",Data Engineer
"tableau,sql,power bi,dashboarding,statistics,reporting,data visualization,pandas,excel,python",Data Analyst
"machine learning,leadership,data visualization,scikit-learn,python,deep learning,statistics,time management,numpy,pandas,feature engineering",Data Scientist
"analytics engineering,data warehouse,data modeling,airflow,snowflake,dbt,sql,etl,python",Analytics Engineer
"power bi,sql,tableau,business intelligence,excel,dashboarding,kpi analysis",BI Analyst
"data modeling,snowflake,data warehouse,etl,teamwork,airflow,analytics engineering,bigquery,sql",Analytics Engineer
"statistics,machine learning,pandas,presentation,teamwork,data visualization,numpy,deep learning",Data Scientist
"sql,snowflake,analytics engineering,data warehouse,python,dbt",Analytics Engineer
"sql,etl,airflow,database design,azure,data warehouse,python,hadoop",Data Engineer
"time management,aws,azure,sql,python,airflow,leadership,spark",Data Engineer
"hadoop,azure,python,sql,spark,data warehouse,etl,aws,airflow",Data Engineer
"communication,snowflake,analytics engineering,airflow,python,sql,data warehouse,data modeling,bigquery",Analytics Engineer
"pytorch,deep learning,model deployment,tensorflow,python,mlops,docker,leadership,api development,kubernetes",Machine Learning Engineer
"sql,data modeling,dbt,data warehouse,python,snowflake,airflow,etl,bigquery",Analytics Engineer
"sql,hadoop,spark,teamwork,data warehouse,etl,aws,azure,database design,python,airflow",Data Engineer
"dbt,airflow,etl,snowflake,bigquery,data warehouse,critical thinking,analytics engineering,communication,sql",Analytics Engineer
"dashboarding,business intelligence,time management,tableau,data visualization,power bi,reporting,kpi analysis,teamwork,sql",BI Analyst
"machine learning,python,tensorflow,mlops,model deployment,api development,docker,kubernetes,pytorch,deep learning",Machine Learning Engineer
"pandas,dashboarding,python,sql,tableau,statistics",Data Analyst
"machine learning,tensorflow,api development,python,pytorch,docker,deep learning,kubernetes,model deployment,mlops",Machine Learning Engineer
"model deployment,numpy,critical thinking,scikit-learn,deep learning,data visualization,python,communication,pandas,machine learning,feature engineering",Data Scientist
"excel,teamwork,kpi analysis,business intelligence,sql,tableau,data visualization",BI Analyst
"time management,bigquery,data modeling,airflow,etl,teamwork,dbt,analytics engineering",Analytics Engineer
"deep learning,scikit-learn,pandas,python,feature engineering,numpy,problem solving,model deployment,critical thinking,statistics,machine learning",Data Scientist
"tensorflow,machine learning,api development,model deployment,mlops,python,pytorch,kubernetes,docker,problem solving",Machine Learning Engineer
"reporting,sql,dashboarding,business intelligence,data visualization,tableau,kpi analysis,power bi,data modeling",BI Analyst
"communication,machine learning,docker,api development,python,tensorflow,deep learning,pytorch,kubernetes,model deployment,mlops",Machine Learning Engineer
"communication,excel,business analysis,requirements gathering,tableau,reporting,data visualization,sql",Business Analyst
"data visualization,tableau,power bi,statistics,excel,critical thinking,reporting,pandas",Data Analyst
"data warehouse,data modeling,python,airflow,sql,etl,teamwork,bigquery,snowflake,time management,dbt,analytics engineering",Analytics Engineer
"tableau,dashboarding,kpi analysis,business intelligence,data modeling,power bi",BI Analyst
"time management,critical thinking,power bi,dashboarding,sql,python,data visualization,pandas",Data Analyst
"reporting,dashboarding,excel,statistics,data visualization,python,tableau,pandas,power bi,sql",Data Analyst
"python,sql,aws,database design,etl,hadoop,spark",Data Engineer
"python,azure,database design,data warehouse,airflow,spark,hadoop,aws",Data Engineer
"kubernetes,tensorflow,deep learning,pytorch,docker,mlops,python,model deployment",Machine Learning Engineer
"data visualization,deep learning,machine learning,feature engineering,numpy,presentation,python,scikit-learn,statistics,model deployment,communication,pandas",Data Scientist
"numpy,machine learning,feature engineering,model deployment,python,deep learning,statistics",Data Scientist
"python,mlops,api development,docker,machine learning,deep learning,communication,model deployment,pytorch,kubernetes,tensorflow",Machine Learning Engineer
"tableau,time management,sql,excel,power bi,stakeholder management,data visualization,business analysis,teamwork,reporting,communication,requirements gathering",Business Analyst
"excel,leadership,power bi,requirements gathering,data visualization,critical thinking,sql,stakeholder management,reporting",Business Analyst
"dashboarding,data visualization,pandas,reporting,statistics,sql,excel",Data Analyst
"aws,airflow,azure,hadoop,sql,spark,etl,data warehouse,python",Data Engineer
"reporting,time management,business analysis,requirements gathering,data visualization,stakeholder management,tableau,communication,excel,sql,power bi",Business Analyst
"power bi,dashboarding,reporting,presentation,business intelligence,kpi analysis,data visualization,excel,data modeling",BI Analyst
"model deployment,mlops,api development,python,pytorch,tensorflow",Machine Learning Engineer
"python,snowflake,teamwork,etl,critical thinking,data modeling,analytics engineering,bigquery,dbt,airflow",Analytics Engineer
"sql,power bi,stakeholder management,problem solving,tableau,reporting,requirements gathering,data visualization,business analysis,excel,communication",Business Analyst
"etl,critical thinking,data modeling,analytics engineering,snowflake,dbt,python,bigquery,airflow,sql",Analytics Engineer
"bigquery,teamwork,data modeling,python,leadership,etl,sql,data warehouse,snowflake,dbt,analytics engineering",Analytics Engineer
"python,data modeling,data warehouse,airflow,sql,dbt,teamwork,bigquery,etl,snowflake",Analytics Engineer
"data visualization,pandas,excel,python,power bi,dashboarding,tableau,statistics,reporting",Data Analyst
"reporting,power bi,stakeholder management,communication,tableau,requirements gathering,sql,excel",Business Analyst
"database design,data warehouse,critical thinking,python,hadoop,azure,spark,airflow,etl,aws,teamwork",Data Engineer
"data visualization,excel,data modeling,business intelligence,power bi,sql,kpi analysis",BI Analyst
"business analysis,requirements gathering,data visualization,presentation,problem solving,reporting,power bi,stakeholder management,tableau,excel",Business Analyst
"communication,deep learning,python,statistics,pandas,feature engineering,machine learning,model deployment,numpy,data visualization",Data Scientist
"data modeling,sql,python,airflow,etl,snowflake,analytics engineering,dbt,data warehouse,bigquery,time management",Analytics Engineer
"feature engineering,scikit-learn,python,machine learning,numpy,data visualization",Data Scientist
"communication,data visualization,power bi,reporting,requirements gathering,tableau,stakeholder management",Business Analyst
"snowflake,data modeling,bigquery,etl,dbt,airflow,python,data warehouse,sql",Analytics Engineer
"model deployment,kubernetes,pytorch,docker,deep learning,api development,presentation,mlops,tensorflow,python,machine learning",Machine Learning Engineer
"dashboarding,statistics,pandas,tableau,excel,python,reporting,sql,data visualization",Data Analyst
"api development,time management,teamwork,mlops,python,machine learning,docker,pytorch,kubernetes",Machine Learning Engineer
"etl,python,spark,hadoop,data warehouse,airflow,database design",Data Engineer
"tableau,data visualization,requirements gathering,reporting,excel,communication,business analysis,sql",Business Analyst
"kubernetes,api development,python,docker,communication,mlops,pytorch,model deployment,machine learning,tensorflow,deep learning",Machine Learning Engineer
"power bi,sql,kpi analysis,dashboarding,data visualization,reporting,excel,tableau",BI Analyst
"tensorflow,api development,deep learning,mlops,python,docker,machine learning,kubernetes",Machine Learning Engineer
"time management,model deployment,python,feature engineering,numpy,deep learning,statistics,data visualization,scikit-learn,machine learning",Data Scientist
"snowflake,sql,airflow,analytics engineering,bigquery,dbt,etl,data modeling,python",Analytics Engineer
"requirements gathering,power bi,stakeholder management,sql,tableau,reporting,data visualization,excel,business analysis,communication",Business Analyst
"power bi,kpi analysis,presentation,excel,tableau,sql,data modeling,reporting,business intelligence,problem solving",BI Analyst
"sql,analytics engineering,dbt,data warehouse,python,etl,time management,snowflake,bigquery,data modeling,airflow,problem solving",Analytics Engineer
"api development,leadership,tensorflow,docker,deep learning,pytorch,problem solving,kubernetes,machine learning,model deployment",Machine Learning Engineer
"power bi,reporting,data modeling,kpi analysis,sql,problem solving,data visualization,critical thinking",BI Analyst
"excel,dashboarding,tableau,statistics,critical thinking,data visualization,reporting,pandas",Data Analyst
"kubernetes,mlops,api development,pytorch,model deployment,tensorflow",Machine Learning Engineer
"machine learning,kubernetes,api development,model deployment,mlops,python,pytorch,docker,deep learning",Machine Learning Engineer
"business intelligence,data visualization,kpi analysis,sql,data modeling,power bi",BI Analyst
"data modeling,presentation,sql,analytics engineering,dbt,snowflake,data warehouse,airflow,python,bigquery,etl",Analytics Engineer
"statistics,sql,tableau,excel,python,critical thinking,power bi,reporting,pandas,dashboarding",Data Analyst
"kubernetes,mlops,deep learning,docker,leadership,communication,tensorflow,python,pytorch,machine learning",Machine Learning Engineer
"tensorflow,pytorch,deep learning,machine learning,model deployment,docker,kubernetes,python,api development,critical thinking",Machine Learning Engineer
"airflow,communication,azure,python,hadoop,aws,etl,data warehouse,leadership",Data Engineer
"business analysis,reporting,excel,stakeholder management,tableau,sql,data visualization,requirements gathering,power bi",Business Analyst
"critical thinking,snowflake,data warehouse,data modeling,bigquery,dbt,etl,python,sql,teamwork",Analytics Engineer
"etl,dbt,bigquery,presentation,snowflake,data warehouse,sql,analytics engineering,python,data modeling,time management,airflow",Analytics Engineer
"reporting,dashboarding,business intelligence,data visualization,data modeling,power bi,critical thinking,kpi analysis,excel,tableau",BI Analyst
"data visualization,leadership,problem solving,feature engineering,python,statistics,numpy,pandas,scikit-learn",Data Scientist
"python,pytorch,mlops,presentation,tensorflow,docker,deep learning,api development,kubernetes,model deployment,machine learning",Machine Learning Engineer
"reporting,presentation,data modeling,business intelligence,dashboarding,power bi,excel,kpi analysis,data visualization,sql",BI Analyst
"communication,time management,excel,power bi,reporting,data visualization,pandas,statistics,python",Data Analyst
"etl,azure,spark,data warehouse,python,hadoop,airflow,problem solving,database design,teamwork",Data Engineer
"statistics,python,scikit-learn,machine learning,model deployment,numpy,data visualization,feature engineering,pandas",Data Scientist
"stakeholder management,business analysis,sql,requirements gathering,excel,tableau,reporting,power bi,data visualization,communication",Business Analyst
"tableau,dashboarding,business intelligence,kpi analysis,reporting,excel,sql,data modeling,data visualization,presentation,power bi",BI Analyst
"python,deep learning,machine learning,mlops,kubernetes,pytorch,teamwork,api development,tensorflow",Machine Learning Engineer
"airflow,sql,data modeling,data warehouse,analytics engineering,python,time management,etl,bigquery",Analytics Engineer
"tableau,sql,excel,data visualization,python,presentation,pandas,power bi,statistics,reporting",Data Analyst
"sql,business intelligence,data modeling,excel,kpi analysis,teamwork,dashboarding,power bi,tableau,data visualization,reporting",BI Analyst
"power bi,reporting,tableau,excel,stakeholder management,business analysis,communication",Business Analyst
"teamwork,dashboarding,pandas,data visualization,excel,tableau,critical thinking,reporting,sql,statistics",Data Analyst
"feature engineering,python,deep learning,data visualization,model deployment,presentation,pandas,scikit-learn,numpy,machine learning",Data Scientist
"statistics,sql,tableau,excel,reporting,pandas",Data Analyst
"pandas,power bi,critical thinking,tableau,dashboarding,data visualization,reporting",Data Analyst
"power bi,reporting,pandas,data visualization,python,sql,statistics",Data Analyst
"communication,pandas,feature engineering,machine learning,deep learning,scikit-learn,model deployment,problem solving,data visualization,statistics",Data Scientist
"excel,business analysis,requirements gathering,power bi,data visualization,communication,reporting,sql,tableau,stakeholder management",Business Analyst
"python,hadoop,database design,airflow,teamwork,azure,communication,spark",Data Engineer
"docker,pytorch,mlops,tensorflow,machine learning,python,critical thinking,api development",Machine Learning Engineer
"kubernetes,time management,deep learning,api development,machine learning,python,mlops,tensorflow,docker,model deployment",Machine Learning Engineer
"airflow,presentation,python,data modeling,dbt,snowflake,sql,analytics engineering,data warehouse,etl,bigquery",Analytics Engineer
"kubernetes,critical thinking,api development,machine learning,pytorch,deep learning,tensorflow,model deployment,mlops,docker,time management",Machine Learning Engineer
"airflow,analytics engineering,etl,sql,snowflake,data warehouse,python,dbt",Analytics Engineer
"etl,aws,hadoop,azure,python,database design",Data Engineer
"docker,mlops,pytorch,machine learning,python,model deployment,api development",Machine Learning Engineer
"business analysis,data visualization,requirements gathering,excel,sql,power bi,communication,tableau,reporting",Business Analyst
"model deployment,pytorch,python,docker,kubernetes,api development,deep learning,mlops,tensorflow,machine learning",Machine Learning Engineer
"model deployment,data visualization,python,scikit-learn,machine learning,deep learning",Data Scientist
"api development,machine learning,pytorch,deep learning,tensorflow,python,mlops",Machine Learning Engineer
"excel,time management,requirements gathering,leadership,communication,tableau,business analysis,data visualization,power bi,sql,reporting",Business Analyst
"numpy,scikit-learn,data visualization,pandas,statistics,python,model deployment",Data Scientist
"power bi,tableau,dashboarding,reporting,python,data visualization,pandas,sql,excel,statistics",Data Analyst
"sql,data visualization,reporting,tableau,requirements gathering,communication,power bi,time management,business analysis",Business Analyst
"machine learning,deep learning,pandas,statistics,numpy,model deployment,scikit-learn,data visualization,python",Data Scientist
"data warehouse,snowflake,python,critical thinking,etl,data modeling,sql,bigquery",Analytics Engineer
"leadership,business intelligence,tableau,presentation,data visualization,excel,kpi analysis,power bi,reporting",BI Analyst
"machine learning,mlops,tensorflow,kubernetes,problem solving,api development,leadership,model deployment",Machine Learning Engineer
"data warehouse,sql,data modeling,dbt,analytics engineering,etl,snowflake,bigquery,python",Analytics Engineer
"database design,etl,hadoop,spark,python,airflow,presentation,data warehouse,sql,azure,aws",Data Engineer
"sql,dbt,data modeling,data warehouse,bigquery,presentation,snowflake,communication",Analytics Engineer
"excel,problem solving,power bi,critical thinking,reporting,data visualization,tableau,business analysis",Business Analyst
"pytorch,machine learning,tensorflow,kubernetes,api development,model deployment",Machine Learning Engineer
"tensorflow,deep learning,pytorch,model deployment,machine learning,leadership,mlops",Machine Learning Engineer
"etl,data warehouse,airflow,python,azure,hadoop,spark,sql,aws",Data Engineer
"snowflake,sql,data warehouse,dbt,bigquery,python,airflow,analytics engineering,etl",Analytics Engineer
"python,kubernetes,deep learning,api development,tensorflow,pytorch,mlops",Machine Learning Engineer
"pytorch,api development,problem solving,deep learning,model deployment,communication,docker,kubernetes",Machine Learning Engineer
"statistics,pandas,numpy,deep learning,scikit-learn,data visualization,python,machine learning",Data Scientist
"machine learning,pandas,deep learning,numpy,scikit-learn,data visualization,python,model deployment,statistics,feature engineering",Data Scientist
"communication,hadoop,azure,sql,etl,python,spark",Data Engineer
"power bi,python,dashboarding,pandas,data visualization,sql,tableau",Data Analyst
"numpy,deep learning,python,feature engineering,scikit-learn,pandas,machine learning,model deployment",Data Scientist
"airflow,python,spark,etl,sql,hadoop",Data Engineer
"data warehouse,sql,airflow,azure,aws,spark",Data Engineer
"python,model deployment,pandas,leadership,machine learning,deep learning,scikit-learn",Data Scientist
"spark,hadoop,azure,aws,database design,python,data warehouse,airflow",Data Engineer
"python,kubernetes,deep learning,tensorflow,model deployment,docker,machine learning,api development,pytorch",Machine Learning Engineer
"leadership,feature engineering,machine learning,deep learning,data visualization,statistics,pandas,python,numpy,model deployment",Data Scientist
"dashboarding,reporting,teamwork,kpi analysis,power bi,data modeling,excel,data visualization,tableau,sql",BI Analyst
"excel,sql,data modeling,kpi analysis,power bi,reporting",BI Analyst
"leadership,database design,azure,sql,spark,aws,python,data warehouse,etl,airflow",Data Engineer
"python,airflow,aws,hadoop,sql,etl,database design,data warehouse,azure",Data Engineer
"communication,database design,etl,sql,airflow,leadership,spark,hadoop,python,aws,data warehouse,azure",Data Engineer
"snowflake,dbt,analytics engineering,communication,data warehouse,teamwork,python,bigquery,sql,etl,data modeling",Analytics Engineer
"excel,business analysis,power bi,sql,communication,requirements gathering,reporting,stakeholder management,data visualization,tableau",Business Analyst
"sql,hadoop,aws,data warehouse,presentation,azure,database design,python,etl,spark,airflow",Data Engineer
"reporting,sql,power bi,excel,requirements gathering,tableau,data visualization,stakeholder management,communication,business analysis",Business Analyst
"python,deep learning,presentation,pytorch,kubernetes,api development,docker,mlops,machine learning,tensorflow",Machine Learning Engineer
"tensorflow,machine learning,api development,model deployment,pytorch,deep learning,python,docker,mlops",Machine Learning Engineer
"data warehouse,spark,etl,azure,hadoop,sql,python,database design",Data Engineer
"etl,data modeling,python,bigquery,airflow,leadership,dbt",Analytics Engineer
"data warehouse,critical thinking,snowflake,bigquery,etl,analytics engineering,sql,data modeling,dbt,python,airflow,time management",Analytics Engineer
"mlops,model deployment,tensorflow,presentation,deep learning,machine learning,critical thinking,pytorch,python,api development,kubernetes,docker",Machine Learning Engineer
"sql,airflow,spark,database design,hadoop,etl,python,azure",Data Engineer
"model deployment,data visualization,numpy,feature engineering,deep learning,problem solving,scikit-learn,python,statistics",Data Scientist
"business intelligence,data visualization,kpi analysis,tableau,power bi,excel,dashboarding",BI Analyst
"python,data warehouse,sql,snowflake,bigquery,dbt,analytics engineering",Analytics Engineer
"model deployment,deep learning,mlops,machine learning,kubernetes,problem solving,communication,python,api development,pytorch",Machine Learning Engineer
"time management,kpi analysis,data visualization,excel,power bi,dashboarding,presentation,business intelligence",BI Analyst
"dashboarding,kpi analysis,business intelligence,reporting,power bi,data modeling,leadership,excel",BI Analyst
"reporting,power bi,kpi analysis,dashboarding,data visualization,excel,business intelligence",BI Analyst
"python,kubernetes,deep learning,tensorflow,api development,model deployment,machine learning,docker",Machine Learning Engineer
"analytics engineering,airflow,python,data warehouse,snowflake,etl,sql,data modeling,bigquery,dbt",Analytics Engineer
"sql,snowflake,dbt,airflow,etl,communication,data warehouse,data modeling",Analytics Engineer
"machine learning,model deployment,pytorch,tensorflow,deep learning,docker,mlops",Machine Learning Engineer
"sql,etl,python,hadoop,airflow,spark,aws,database design,azure",Data Engineer
"data visualization,teamwork,tableau,power bi,leadership,dashboarding,data modeling,kpi analysis",BI Analyst
"aws,data warehouse,azure,python,airflow,spark,database design,etl,hadoop,leadership",Data Engineer
"machine learning,teamwork,python,scikit-learn,statistics,model deployment,deep learning,numpy,feature engineering,data visualization,pandas",Data Scientist
"python,bigquery,airflow,etl,snowflake,sql,dbt,data modeling,analytics engineering",Analytics Engineer
"python,mlops,pytorch,tensorflow,deep learning,machine learning,model deployment",Machine Learning Engineer
"data visualization,tableau,sql,business intelligence,excel,power bi,data modeling,dashboarding",BI Analyst
"data modeling,analytics engineering,airflow,dbt,snowflake,etl,python,data warehouse,bigquery",Analytics Engineer
"excel,reporting,data visualization,dashboarding,power bi,tableau,sql,teamwork,kpi analysis",BI Analyst
"tensorflow,deep learning,mlops,docker,pytorch,presentation,kubernetes,machine learning,api development,critical thinking",Machine Learning Engineer
"machine learning,model deployment,presentation,mlops,api development,kubernetes,docker,pytorch,deep learning",Machine Learning Engineer
"statistics,data visualization,tableau,reporting,pandas,dashboarding,python,power bi",Data Analyst
"time management,airflow,data warehouse,spark,etl,hadoop,azure,database design",Data Engineer
"critical thinking,numpy,pandas,feature engineering,data visualization,python,statistics,leadership,deep learning,machine learning,scikit-learn",Data Scientist
"sql,bigquery,python,snowflake,teamwork,critical thinking,data modeling,data warehouse",Analytics Engineer
"data visualization,sql,dashboarding,tableau,excel,kpi analysis,reporting",BI Analyst
"python,deep learning,machine learning,feature engineering,numpy,model deployment,teamwork,critical thinking,data visualization",Data Scientist
"aws,airflow,sql,presentation,azure,spark,time management,etl",Data Engineer
"kpi analysis,excel,power bi,dashboarding,data modeling,time management,critical thinking,business intelligence",BI Analyst
"kubernetes,api development,tensorflow,docker,python,pytorch,machine learning",Machine Learning Engineer
"airflow,aws,database design,spark,hadoop,etl,communication,data warehouse",Data Engineer
"dashboarding,communication,reporting,statistics,data visualization,presentation,excel,sql",Data Analyst
"tableau,reporting,dashboarding,power bi,python,pandas,excel,data visualization",Data Analyst
"power bi,excel,data visualization,data modeling,sql,business intelligence",BI Analyst
"machine learning,pandas,statistics,numpy,python,feature engineering,data visualization,model deployment,deep learning",Data Scientist
"pandas,critical thinking,sql,dashboarding,problem solving,statistics,excel,python",Data Analyst
"dashboarding,data visualization,power bi,sql,reporting,tableau,kpi analysis,business intelligence,data modeling,excel",BI Analyst
"sql,data warehouse,python,dbt,analytics engineering,time management,data modeling",Analytics Engineer
"airflow,analytics engineering,teamwork,sql,data warehouse,etl,snowflake,communication,python",Analytics Engineer
"presentation,spark,data warehouse,database design,aws,python,problem solving,azure",Data Engineer
"data modeling,tableau,power bi,business intelligence,kpi analysis,sql,excel,reporting,time management,dashboarding,data visualization",BI Analyst
"hadoop,python,etl,sql,spark,communication,leadership,azure,aws",Data Engineer
"data visualization,data modeling,dashboarding,reporting,kpi analysis,tableau,excel,sql,power bi,business intelligence,leadership,presentation",BI Analyst
"numpy,machine learning,pandas,feature engineering,python,data visualization,scikit-learn,statistics,deep learning,model deployment",Data Scientist
"pytorch,python,mlops,machine learning,tensorflow,presentation,deep learning",Machine Learning Engineer
"tableau,sql,excel,business intelligence,power bi,reporting,data visualization,dashboarding,kpi analysis",BI Analyst
"mlops,kubernetes,machine learning,deep learning,python,api development,pytorch",Machine Learning Engineer
"power bi,business intelligence,reporting,data visualization,tableau,data modeling",BI Analyst
"reporting,requirements gathering,data visualization,stakeholder management,communication,business analysis",Business Analyst
"pandas,data visualization,leadership,feature engineering,machine learning,problem solving,scikit-learn,model deployment",Data Scientist
"tensorflow,machine learning,model deployment,python,critical thinking,docker,api development,deep learning,mlops,pytorch,presentation,kubernetes",Machine Learning Engineer
"critical thinking,excel,requirements gathering,reporting,sql,time management,stakeholder management,power bi",Business Analyst
"model deployment,feature engineering,statistics,python,data visualization,deep learning",Data Scientist
"etl,analytics engineering,python,bigquery,airflow,data modeling,sql,snowflake,dbt,data warehouse",Analytics Engineer
"etl,sql,airflow,data warehouse,data modeling,python,dbt,analytics engineering,snowflake",Analytics Engineer
"dashboarding,tableau,reporting,power bi,data visualization,sql,business intelligence",BI Analyst
"model deployment,python,feature engineering,deep learning,data visualization,machine learning,scikit-learn,statistics",Data Scientist
"pytorch,model deployment,communication,machine learning,api development,mlops,deep learning,problem solving,kubernetes",Machine Learning Engineer
"reporting,python,excel,power bi,tableau,pandas,teamwork,problem solving,statistics",Data Analyst
"data visualization,leadership,requirements gathering,reporting,communication,teamwork,excel,tableau",Business Analyst
"snowflake,time management,dbt,bigquery,sql,etl,airflow,data warehouse,python,analytics engineering",Analytics Engineer
"power bi,teamwork,data visualization,excel,requirements gathering,tableau,problem solving,stakeholder management",Business Analyst
"problem solving,sql,data warehouse,airflow,bigquery,snowflake,analytics engineering,teamwork,etl,dbt,python,data modeling",Analytics Engineer
"tableau,sql,excel,critical thinking,stakeholder management,business analysis,data visualization",Business Analyst
"machine learning,problem solving,model deployment,kubernetes,python,tensorflow,api development,teamwork",Machine Learning Engineer
"data visualization,dashboarding,problem solving,pandas,excel,reporting,python,presentation,sql,power bi",Data Analyst
"power bi,stakeholder management,data visualization,reporting,requirements gathering,tableau,sql,communication,business analysis,excel",Business Analyst
"sql,pandas,excel,dashboarding,python,power bi,tableau,statistics",Data Analyst
"deep learning,docker,pytorch,kubernetes,python,api development,problem solving,model deployment",Machine Learning Engineer
"sql,data visualization,reporting,problem solving,statistics,python,excel,power bi",Data Analyst
"presentation,business intelligence,power bi,dashboarding,tableau,kpi analysis,time management,data modeling,excel",BI Analyst
"docker,teamwork,leadership,python,pytorch,machine learning,mlops,model deployment",Machine Learning Engineer
"data warehouse,azure,etl,leadership,database design,sql,airflow,spark",Data Engineer
"etl,time management,presentation,python,analytics engineering,airflow,data modeling,bigquery,data warehouse,dbt",Analytics Engineer
"data warehouse,etl,spark,azure,sql,database design,critical thinking,hadoop,python",Data Engineer
"dashboarding,tableau,power bi,reporting,excel,sql,problem solving,data visualization",BI Analyst
"data visualization,communication,business analysis,excel,tableau,stakeholder management,leadership,sql,reporting,power bi",Business Analyst
"spark,database design,azure,python,hadoop,airflow,data warehouse",Data Engineer
"data warehouse,hadoop,sql,communication,aws,time management,azure,airflow,etl,spark,python,database design",Data Engineer
"power bi,tableau,data visualization,excel,time management,dashboarding,business intelligence",BI Analyst
"python,teamwork,statistics,presentation,data visualization,dashboarding,sql,power bi,tableau,reporting",Data Analyst
"requirements gathering,reporting,tableau,communication,business analysis,data visualization,sql,excel,power bi,teamwork,stakeholder management",Business Analyst
"airflow,python,etl,database design,hadoop,sql,data warehouse,azure,teamwork,aws",Data Engineer
"data warehouse,python,teamwork,data modeling,airflow,etl,analytics engineering,dbt",Analytics Engineer
"pandas,sql,leadership,reporting,power bi,dashboarding,time management,tableau,python,data visualization,statistics",Data Analyst
"pandas,leadership,python,dashboarding,reporting,data visualization,statistics,sql,excel,tableau,problem solving,power bi",Data Analyst
"tableau,business analysis,stakeholder management,critical thinking,data visualization,sql,excel,reporting,requirements gathering,power bi",Business Analyst
"pandas,feature engineering,numpy,scikit-learn,data visualization,python,deep learning",Data Scientist
"communication,excel,presentation,power bi,communication,data visualization,requirements gathering,sql,stakeholder management,tableau,reporting",Business Analyst
"pandas,feature engineering,machine learning,scikit-learn,problem solving,numpy,python,statistics,data visualization,deep learning",Data Scientist
"python,etl,hadoop,database design,aws,teamwork,airflow,sql",Data Engineer
"numpy,model deployment,feature engineering,python,scikit-learn,statistics,pandas,machine learning,presentation,problem solving,data visualization",Data Scientist
"tableau,python,excel,dashboarding,statistics,sql,reporting",Data Analyst
"tableau,excel,sql,business intelligence,data visualization,data modeling,reporting,power bi,kpi analysis,time management,problem solving,dashboarding",BI Analyst
"sql,data visualization,power bi,stakeholder management,excel,requirements gathering,problem solving,communication,business analysis",Business Analyst
"problem solving,azure,spark,database design,time management,hadoop,data warehouse,airflow,etl,sql",Data Engineer
"aws,airflow,spark,python,hadoop,azure,sql,database design,etl",Data Engineer
"tableau,python,sql,reporting,data visualization,excel,pandas,presentation,dashboarding,power bi,teamwork,statistics",Data Analyst
"python,dbt,data modeling,airflow,analytics engineering,bigquery,etl,sql,data warehouse,snowflake",Analytics Engineer
"pandas,feature engineering,machine learning,model deployment,deep learning,numpy,python,critical thinking,scikit-learn,problem solving,data visualization",Data Scientist
"reporting,business analysis,requirements gathering,power bi,leadership,tableau,data visualization",Business Analyst
"statistics,scikit-learn,deep learning,numpy,python,pandas,machine learning,data visualization",Data Scientist
"model deployment,python,api development,docker,tensorflow,mlops,kubernetes,deep learning,machine learning,pytorch",Machine Learning Engineer
"pandas,power bi,excel,python,statistics,dashboarding,sql",Data Analyst
"dashboarding,power bi,statistics,sql,reporting,critical thinking,tableau,communication,pandas,excel,python,data visualization",Data Analyst
"mlops,docker,deep learning,model deployment,machine learning,python,leadership,pytorch,tensorflow",Machine Learning Engineer
"dashboarding,critical thinking,tableau,data modeling,kpi analysis,data visualization,sql,business intelligence,teamwork,excel",BI Analyst
"tableau,excel,business analysis,reporting,stakeholder management,sql,data visualization,teamwork,time management",Business Analyst
"critical thinking,model deployment,data visualization,deep learning,time management,scikit-learn,feature engineering,pandas,machine learning,numpy,statistics",Data Scientist
"docker,python,mlops,deep learning,critical thinking,tensorflow,api development,model deployment,machine learning,pytorch,kubernetes",Machine Learning Engineer
"azure,airflow,data warehouse,python,critical thinking,sql,database design,hadoop,etl",Data Engineer
"tableau,time management,data visualization,business intelligence,excel,data modeling,dashboarding,kpi analysis,reporting,sql,power bi",BI Analyst
"python,hadoop,airflow,data warehouse,etl,database design",Data Engineer
"data modeling,python,sql,etl,snowflake,data warehouse,analytics engineering,airflow,dbt",Analytics Engineer
"docker,python,critical thinking,kubernetes,tensorflow,api development,mlops,deep learning,pytorch,machine learning,teamwork",Machine Learning Engineer
"machine learning,python,tensorflow,pytorch,mlops,docker",Machine Learning Engineer
"sql,data modeling,etl,analytics engineering,snowflake,data warehouse,bigquery,python",Analytics Engineer
"sql,data visualization,stakeholder management,power bi,communication,excel,reporting,business analysis,requirements gathering,problem solving,tableau",Business Analyst
"reporting,pandas,python,sql,leadership,excel,statistics,communication,dashboarding,tableau,power bi,data visualization",Data Analyst
"teamwork,communication,deep learning,pandas,machine learning,feature engineering,python,statistics",Data Scientist
"reporting,data modeling,data visualization,power bi,kpi analysis,tableau,dashboarding,business intelligence,critical thinking,sql,excel",BI Analyst
"data warehouse,database design,hadoop,aws,azure,python,etl,airflow,leadership,sql,spark",Data Engineer
"data modeling,data warehouse,dbt,leadership,etl,airflow,presentation,analytics engineering,python,bigquery",Analytics Engineer
"presentation,communication,python,data warehouse,azure,sql,database design,airflow,aws",Data Engineer
"communication,stakeholder management,tableau,power bi,business analysis,requirements gathering,reporting,communication,excel",Business Analyst
"airflow,aws,python,hadoop,spark,sql,etl,database design",Data Engineer
"power bi,data visualization,data modeling,excel,business intelligence,reporting,dashboarding",BI Analyst
"data modeling,business intelligence,sql,power bi,excel,kpi analysis",BI Analyst
"python,time management,etl,sql,snowflake,bigquery,airflow",Analytics Engineer
"power bi,dashboarding,tableau,business intelligence,excel,sql,time management,reporting,data visualization,data modeling",BI Analyst
"reporting,tableau,problem solving,communication,data visualization,requirements gathering,sql,excel,stakeholder management,business analysis,power bi",Business Analyst
"pandas,problem solving,excel,sql,data visualization,statistics,python,critical thinking,tableau,power bi,dashboarding",Data Analyst
"communication,tableau,problem solving,excel,requirements gathering,sql,reporting,data visualization,stakeholder management",Business Analyst
"stakeholder management,sql,excel,communication,business analysis,problem solving,tableau,reporting,requirements gathering,power bi,leadership",Business Analyst
"feature engineering,model deployment,pandas,data visualization,communication,problem solving,deep learning,scikit-learn",Data Scientist
"tableau,stakeholder management,reporting,communication,data visualization,requirements gathering,excel,sql,power bi,business analysis",Business Analyst
"aws,data warehouse,spark,sql,airflow,azure",Data Engineer
"problem solving,requirements gathering,stakeholder management,communication,sql,critical thinking,business analysis,data visualization,power bi",Business Analyst
"kpi analysis,data modeling,problem solving,sql,business intelligence,excel,power bi",BI Analyst
"reporting,requirements gathering,power bi,excel,teamwork,stakeholder management,business analysis,communication,data visualization",Business Analyst
"numpy,model deployment,python,data visualization,machine learning,deep learning,feature engineering",Data Scientist
"teamwork,snowflake,data warehouse,bigquery,time management,python,etl,data modeling,dbt,sql",Analytics Engineer
"tensorflow,python,api development,deep learning,docker,mlops,model deployment",Machine Learning Engineer
"kpi analysis,data visualization,reporting,data modeling,tableau,power bi,communication,business intelligence",BI Analyst
"aws,etl,database design,data warehouse,airflow,sql,python,hadoop",Data Engineer
"python,kubernetes,pytorch,mlops,docker,tensorflow,api development,model deployment",Machine Learning Engineer
"model deployment,data visualization,deep learning,numpy,statistics,scikit-learn,python,feature engineering",Data Scientist
"communication,sql,bigquery,airflow,python,etl,dbt",Analytics Engineer
"kpi analysis,dashboarding,tableau,business intelligence,reporting,excel,data modeling,power bi",BI Analyst
"etl,dbt,snowflake,communication,data warehouse,data modeling,analytics engineering,problem solving,airflow",Analytics Engineer
"sql,data visualization,excel,python,power bi,reporting,pandas,dashboarding,tableau,statistics",Data Analyst
"python,tensorflow,kubernetes,model deployment,deep learning,api development",Machine Learning Engineer
"machine learning,feature engineering,deep learning,teamwork,model deployment,pandas,scikit-learn,python,statistics,numpy,data visualization",Data Scientist
"business intelligence,excel,power bi,kpi analysis,data modeling,reporting,sql,data visualization",BI Analyst
"data visualization,requirements gathering,power bi,tableau,leadership,excel,business analysis,reporting,sql",Business Analyst
"dashboarding,data visualization,sql,business intelligence,data modeling,kpi analysis,reporting,power bi",BI Analyst
"data warehouse,problem solving,hadoop,sql,database design,azure,etl",Data Engineer
"reporting,communication,sql,critical thinking,dashboarding,excel,tableau,data visualization,statistics",Data Analyst
"power bi,tableau,data modeling,sql,business intelligence,excel,teamwork,kpi analysis,reporting,dashboarding,problem solving",BI Analyst
"teamwork,machine learning,scikit-learn,feature engineering,numpy,pandas,problem solving,python,statistics,data visualization",Data Scientist
"tableau,power bi,stakeholder management,presentation,requirements gathering,sql,communication,reporting,data visualization,excel",Business Analyst
"reporting,leadership,dashboarding,sql,critical thinking,python,tableau,power bi",Data Analyst
"airflow,sql,presentation,python,etl,data warehouse,snowflake,bigquery,dbt,data modeling",Analytics Engineer
"excel,teamwork,power bi,statistics,tableau,dashboarding,leadership,python,pandas",Data Analyst
"data warehouse,etl,python,aws,airflow,sql",Data Engineer
"reporting,power bi,sql,stakeholder management,excel,critical thinking,communication,tableau,data visualization",Business Analyst
"python,machine learning,data visualization,numpy,scikit-learn,statistics,feature engineering",Data Scientist
"azure,airflow,presentation,etl,python,aws,spark,hadoop,database design,sql,data warehouse",Data Engineer
"sql,presentation,reporting,time management,tableau,communication,data visualization,stakeholder management,business analysis,requirements gathering",Business Analyst
"reporting,excel,kpi analysis,sql,business intelligence,data visualization,dashboarding,data modeling,tableau,power bi",BI Analyst
"model deployment,pytorch,python,api development,machine learning,docker,mlops,tensorflow,kubernetes,deep learning,communication",Machine Learning Engineer
"excel,requirements gathering,tableau,stakeholder management,reporting,power bi,communication,data visualization,sql",Business Analyst
"scikit-learn,communication,data visualization,model deployment,deep learning,numpy,pandas",Data Scientist
"bigquery,presentation,sql,dbt,airflow,data modeling,etl,analytics engineering,data warehouse,python,snowflake,teamwork",Analytics Engineer
"deep learning,pytorch,teamwork,kubernetes,machine learning,docker,tensorflow,model deployment,mlops,api development",Machine Learning Engineer
"pandas,data visualization,tableau,excel,communication,sql,statistics,power bi",Data Analyst
"tableau,data visualization,kpi analysis,excel,data modeling,sql,critical thinking,communication,dashboarding,reporting",BI Analyst
"data modeling,airflow,python,dbt,analytics engineering,communication,sql,bigquery,snowflake,data warehouse,critical thinking,etl",Analytics Engineer
"data warehouse,etl,sql,data modeling,bigquery,airflow,python",Analytics Engineer
"critical thinking,reporting,power bi,communication,tableau,excel,communication,stakeholder management,sql,business analysis,data visualization,requirements gathering",Business Analyst
"etl,sql,spark,hadoop,airflow,aws,azure,presentation,data warehouse,database design",Data Engineer
"dashboarding,statistics,reporting,data visualization,sql,pandas",Data Analyst
"azure,problem solving,sql,hadoop,python,database design,etl,airflow,aws,data warehouse",Data Engineer
"sql,statistics,data visualization,pandas,reporting,tableau,problem solving,power bi,dashboarding",Data Analyst
"communication,requirements gathering,presentation,tableau,teamwork,reporting,stakeholder management,business analysis,sql,data visualization,excel",Business Analyst
"docker,mlops,presentation,kubernetes,communication,model deployment,deep learning,tensorflow,python,machine learning",Machine Learning Engineer
"analytics engineering,dbt,data modeling,etl,airflow,python,snowflake,leadership,teamwork",Analytics Engineer
"etl,teamwork,sql,data warehouse,python,hadoop,spark,database design,aws",Data Engineer
"sql,spark,etl,airflow,aws,python,database design,hadoop",Data Engineer
"azure,data warehouse,aws,airflow,hadoop,python,database design,spark,sql",Data Engineer
"scikit-learn,machine learning,numpy,feature engineering,problem solving,python,deep learning,model deployment,statistics,pandas",Data Scientist
"analytics engineering,bigquery,snowflake,data warehouse,time management,airflow,dbt,sql,data modeling,communication,python",Analytics Engineer
